/****************************************************************************
** Resource object code
**
** Created by: The Resource Compiler for Qt version 6.2.4
**
** WARNING! All changes made in this file will be lost!
*****************************************************************************/

static const unsigned char qt_resource_data[] = {
  // /home/ubuntu/repos/lui/platform/qt/qml/LuiPagination.qml
  0x0,0x0,0x1,0xc2,
  0x69,
  0x6d,0x70,0x6f,0x72,0x74,0x20,0x51,0x74,0x51,0x75,0x69,0x63,0x6b,0xa,0x69,0x6d,
  0x70,0x6f,0x72,0x74,0x20,0x51,0x74,0x51,0x75,0x69,0x63,0x6b,0x2e,0x4c,0x61,0x79,
  0x6f,0x75,0x74,0x73,0xa,0x69,0x6d,0x70,0x6f,0x72,0x74,0x20,0x22,0x4c,0x75,0x69,
  0x53,0x74,0x79,0x6c,0x65,0x2e,0x6a,0x73,0x22,0x20,0x61,0x73,0x20,0x53,0x74,0x79,
  0x6c,0x65,0xa,0xa,0x2f,0x2f,0x20,0x57,0x69,0x72,0x65,0x20,0x6b,0x69,0x6e,0x64,
  0x3a,0x20,0x70,0x61,0x67,0x69,0x6e,0x61,0x74,0x69,0x6f,0x6e,0x20,0xe2,0x80,0x94,
  0x20,0x68,0x6f,0x72,0x69,0x7a,0x6f,0x6e,0x74,0x61,0x6c,0x20,0x67,0x72,0x6f,0x75,
  0x70,0x20,0x6f,0x66,0x20,0x70,0x61,0x67,0x65,0x20,0x62,0x75,0x74,0x74,0x6f,0x6e,
  0x73,0x2e,0xa,0x52,0x6f,0x77,0x4c,0x61,0x79,0x6f,0x75,0x74,0x20,0x7b,0xa,0x20,
  0x20,0x20,0x20,0x72,0x65,0x71,0x75,0x69,0x72,0x65,0x64,0x20,0x70,0x72,0x6f,0x70,
  0x65,0x72,0x74,0x79,0x20,0x76,0x61,0x72,0x20,0x6e,0x6f,0x64,0x65,0xa,0x20,0x20,
  0x20,0x20,0x72,0x65,0x61,0x64,0x6f,0x6e,0x6c,0x79,0x20,0x70,0x72,0x6f,0x70,0x65,
  0x72,0x74,0x79,0x20,0x76,0x61,0x72,0x20,0x70,0x72,0x6f,0x70,0x73,0x3a,0x20,0x6e,
  0x6f,0x64,0x65,0x20,0x3f,0x20,0x6e,0x6f,0x64,0x65,0x2e,0x70,0x72,0x6f,0x70,0x65,
  0x72,0x74,0x69,0x65,0x73,0x20,0x3a,0x20,0x28,0x7b,0x7d,0x29,0xa,0xa,0x20,0x20,
  0x20,0x20,0x73,0x70,0x61,0x63,0x69,0x6e,0x67,0x3a,0x20,0x53,0x74,0x79,0x6c,0x65,
  0x2e,0x6e,0x75,0x6d,0x28,0x70,0x72,0x6f,0x70,0x73,0x2c,0x20,0x22,0x67,0x61,0x70,
  0x22,0x2c,0x20,0x32,0x29,0xa,0xa,0x20,0x20,0x20,0x20,0x52,0x65,0x70,0x65,0x61,
  0x74,0x65,0x72,0x20,0x7b,0xa,0x20,0x20,0x20,0x20,0x20,0x20,0x20,0x20,0x6d,0x6f,
  0x64,0x65,0x6c,0x3a,0x20,0x6e,0x6f,0x64,0x65,0x20,0x3f,0x20,0x6e,0x6f,0x64,0x65,
  0x2e,0x63,0x68,0x69,0x6c,0x64,0x72,0x65,0x6e,0x20,0x3a,0x20,0x5b,0x5d,0xa,0x20,
  0x20,0x20,0x20,0x20,0x20,0x20,0x20,0x64,0x65,0x6c,0x65,0x67,0x61,0x74,0x65,0x3a,
  0x20,0x4c,0x75,0x69,0x4e,0x6f,0x64,0x65,0x56,0x69,0x65,0x77,0x20,0x7b,0xa,0x20,
  0x20,0x20,0x20,0x20,0x20,0x20,0x20,0x20,0x20,0x20,0x20,0x72,0x65,0x71,0x75,0x69,
  0x72,0x65,0x64,0x20,0x70,0x72,0x6f,0x70,0x65,0x72,0x74,0x79,0x20,0x76,0x61,0x72,
  0x20,0x6d,0x6f,0x64,0x65,0x6c,0x44,0x61,0x74,0x61,0xa,0x20,0x20,0x20,0x20,0x20,
  0x20,0x20,0x20,0x20,0x20,0x20,0x20,0x6e,0x6f,0x64,0x65,0x3a,0x20,0x6d,0x6f,0x64,
  0x65,0x6c,0x44,0x61,0x74,0x61,0x20,0x7d,0xa,0x20,0x20,0x20,0x20,0x7d,0xa,0x7d,
  0xa,
    // /home/ubuntu/repos/lui/platform/qt/qml/LuiDivider.qml
  0x0,0x0,0x2,0x67,
  0x69,
  0x6d,0x70,0x6f,0x72,0x74,0x20,0x51,0x74,0x51,0x75,0x69,0x63,0x6b,0xa,0x69,0x6d,
  0x70,0x6f,0x72,0x74,0x20,0x51,0x74,0x51,0x75,0x69,0x63,0x6b,0x2e,0x4c,0x61,0x79,
  0x6f,0x75,0x74,0x73,0xa,0x69,0x6d,0x70,0x6f,0x72,0x74,0x20,0x22,0x4c,0x75,0x69,
  0x53,0x74,0x79,0x6c,0x65,0x2e,0x6a,0x73,0x22,0x20,0x61,0x73,0x20,0x53,0x74,0x79,
  0x6c,0x65,0xa,0xa,0x2f,0x2f,0x20,0x57,0x69,0x72,0x65,0x20,0x6b,0x69,0x6e,0x64,
  0x3a,0x20,0x64,0x69,0x76,0x69,0x64,0x65,0x72,0x20,0xe2,0x80,0x94,0x20,0x68,0x61,
  0x69,0x72,0x6c,0x69,0x6e,0x65,0x20,0x72,0x75,0x6c,0x65,0x3b,0x20,0x6f,0x72,0x69,
  0x65,0x6e,0x74,0x61,0x74,0x69,0x6f,0x6e,0x20,0x66,0x6f,0x6c,0x6c,0x6f,0x77,0x73,
  0x20,0x74,0x68,0x65,0x20,0x70,0x61,0x72,0x65,0x6e,0x74,0xa,0x2f,0x2f,0x20,0x63,
  0x6f,0x6e,0x74,0x61,0x69,0x6e,0x65,0x72,0x20,0x28,0x68,0x6f,0x72,0x69,0x7a,0x6f,
  0x6e,0x74,0x61,0x6c,0x20,0x69,0x6e,0x20,0x63,0x6f,0x6c,0x75,0x6d,0x6e,0x73,0x2c,
  0x20,0x76,0x65,0x72,0x74,0x69,0x63,0x61,0x6c,0x20,0x69,0x6e,0x20,0x72,0x6f,0x77,
  0x73,0x29,0x2e,0xa,0x52,0x65,0x63,0x74,0x61,0x6e,0x67,0x6c,0x65,0x20,0x7b,0xa,
  0x20,0x20,0x20,0x20,0x72,0x65,0x71,0x75,0x69,0x72,0x65,0x64,0x20,0x70,0x72,0x6f,
  0x70,0x65,0x72,0x74,0x79,0x20,0x76,0x61,0x72,0x20,0x6e,0x6f,0x64,0x65,0xa,0x20,
  0x20,0x20,0x20,0x72,0x65,0x61,0x64,0x6f,0x6e,0x6c,0x79,0x20,0x70,0x72,0x6f,0x70,
  0x65,0x72,0x74,0x79,0x20,0x76,0x61,0x72,0x20,0x70,0x72,0x6f,0x70,0x73,0x3a,0x20,
  0x6e,0x6f,0x64,0x65,0x20,0x3f,0x20,0x6e,0x6f,0x64,0x65,0x2e,0x70,0x72,0x6f,0x70,
  0x65,0x72,0x74,0x69,0x65,0x73,0x20,0x3a,0x20,0x28,0x7b,0x7d,0x29,0xa,0xa,0x20,
  0x20,0x20,0x20,0x72,0x65,0x61,0x64,0x6f,0x6e,0x6c,0x79,0x20,0x70,0x72,0x6f,0x70,
  0x65,0x72,0x74,0x79,0x20,0x62,0x6f,0x6f,0x6c,0x20,0x68,0x6f,0x72,0x69,0x7a,0x6f,
  0x6e,0x74,0x61,0x6c,0x3a,0xa,0x20,0x20,0x20,0x20,0x20,0x20,0x20,0x20,0x21,0x6e,
  0x6f,0x64,0x65,0x20,0x7c,0x7c,0x20,0x21,0x6e,0x6f,0x64,0x65,0x2e,0x70,0x61,0x72,
  0x65,0x6e,0x74,0x20,0x7c,0x7c,0x20,0x53,0x74,0x72,0x69,0x6e,0x67,0x28,0x6e,0x6f,
  0x64,0x65,0x2e,0x70,0x61,0x72,0x65,0x6e,0x74,0x2e,0x6b,0x69,0x6e,0x64,0x29,0x20,
  0x21,0x3d,0x3d,0x20,0x22,0x72,0x6f,0x77,0x22,0xa,0x20,0x20,0x20,0x20,0x69,0x6d,
  0x70,0x6c,0x69,0x63,0x69,0x74,0x57,0x69,0x64,0x74,0x68,0x3a,0x20,0x68,0x6f,0x72,
  0x69,0x7a,0x6f,0x6e,0x74,0x61,0x6c,0x20,0x3f,0x20,0x34,0x30,0x20,0x3a,0x20,0x31,
  0xa,0x20,0x20,0x20,0x20,0x69,0x6d,0x70,0x6c,0x69,0x63,0x69,0x74,0x48,0x65,0x69,
  0x67,0x68,0x74,0x3a,0x20,0x68,0x6f,0x72,0x69,0x7a,0x6f,0x6e,0x74,0x61,0x6c,0x20,
  0x3f,0x20,0x31,0x20,0x3a,0x20,0x34,0x30,0xa,0x20,0x20,0x20,0x20,0x4c,0x61,0x79,
  0x6f,0x75,0x74,0x2e,0x66,0x69,0x6c,0x6c,0x57,0x69,0x64,0x74,0x68,0x3a,0x20,0x68,
  0x6f,0x72,0x69,0x7a,0x6f,0x6e,0x74,0x61,0x6c,0xa,0x20,0x20,0x20,0x20,0x4c,0x61,
  0x79,0x6f,0x75,0x74,0x2e,0x66,0x69,0x6c,0x6c,0x48,0x65,0x69,0x67,0x68,0x74,0x3a,
  0x20,0x21,0x68,0x6f,0x72,0x69,0x7a,0x6f,0x6e,0x74,0x61,0x6c,0xa,0x20,0x20,0x20,
  0x20,0x63,0x6f,0x6c,0x6f,0x72,0x3a,0x20,0x53,0x74,0x79,0x6c,0x65,0x2e,0x63,0x6f,
  0x6c,0x6f,0x72,0x28,0x70,0x72,0x6f,0x70,0x73,0x5b,0x22,0x66,0x6f,0x72,0x65,0x67,
  0x72,0x6f,0x75,0x6e,0x64,0x22,0x5d,0x2c,0x20,0x22,0x23,0x65,0x34,0x65,0x34,0x65,
  0x37,0x22,0x29,0xa,0x7d,0xa,
    // /home/ubuntu/repos/lui/platform/qt/qml/LuiHeading.qml
  0x0,0x0,0x1,0xf5,
  0x69,
  0x6d,0x70,0x6f,0x72,0x74,0x20,0x51,0x74,0x51,0x75,0x69,0x63,0x6b,0xa,0x69,0x6d,
  0x70,0x6f,0x72,0x74,0x20,0x22,0x4c,0x75,0x69,0x53,0x74,0x79,0x6c,0x65,0x2e,0x6a,
  0x73,0x22,0x20,0x61,0x73,0x20,0x53,0x74,0x79,0x6c,0x65,0xa,0xa,0x2f,0x2f,0x20,
  0x57,0x69,0x72,0x65,0x20,0x6b,0x69,0x6e,0x64,0x3a,0x20,0x68,0x65,0x61,0x64,0x69,
  0x6e,0x67,0x20,0xe2,0x80,0x94,0x20,0x62,0x6f,0x6c,0x64,0x20,0x74,0x65,0x78,0x74,
  0x20,0x73,0x69,0x7a,0x65,0x64,0x20,0x62,0x79,0x20,0x68,0x65,0x61,0x64,0x69,0x6e,
  0x67,0x2d,0x6c,0x65,0x76,0x65,0x6c,0x20,0x28,0x31,0x2d,0x36,0x29,0x2e,0xa,0x54,
  0x65,0x78,0x74,0x20,0x7b,0xa,0x20,0x20,0x20,0x20,0x69,0x64,0x3a,0x20,0x68,0x65,
  0x61,0x64,0x69,0x6e,0x67,0xa,0x20,0x20,0x20,0x20,0x72,0x65,0x71,0x75,0x69,0x72,
  0x65,0x64,0x20,0x70,0x72,0x6f,0x70,0x65,0x72,0x74,0x79,0x20,0x76,0x61,0x72,0x20,
  0x6e,0x6f,0x64,0x65,0xa,0x20,0x20,0x20,0x20,0x72,0x65,0x61,0x64,0x6f,0x6e,0x6c,
  0x79,0x20,0x70,0x72,0x6f,0x70,0x65,0x72,0x74,0x79,0x20,0x76,0x61,0x72,0x20,0x70,
  0x72,0x6f,0x70,0x73,0x3a,0x20,0x6e,0x6f,0x64,0x65,0x20,0x3f,0x20,0x6e,0x6f,0x64,
  0x65,0x2e,0x70,0x72,0x6f,0x70,0x65,0x72,0x74,0x69,0x65,0x73,0x20,0x3a,0x20,0x28,
  0x7b,0x7d,0x29,0xa,0xa,0x20,0x20,0x20,0x20,0x74,0x65,0x78,0x74,0x3a,0x20,0x53,
  0x74,0x79,0x6c,0x65,0x2e,0x73,0x74,0x72,0x28,0x70,0x72,0x6f,0x70,0x73,0x2c,0x20,
  0x22,0x74,0x65,0x78,0x74,0x22,0x2c,0x20,0x22,0x22,0x29,0xa,0x20,0x20,0x20,0x20,
  0x63,0x6f,0x6c,0x6f,0x72,0x3a,0x20,0x53,0x74,0x79,0x6c,0x65,0x2e,0x63,0x6f,0x6c,
  0x6f,0x72,0x28,0x70,0x72,0x6f,0x70,0x73,0x5b,0x22,0x66,0x6f,0x72,0x65,0x67,0x72,
  0x6f,0x75,0x6e,0x64,0x22,0x5d,0x2c,0x20,0x22,0x23,0x31,0x38,0x31,0x38,0x31,0x62,
  0x22,0x29,0xa,0x20,0x20,0x20,0x20,0x66,0x6f,0x6e,0x74,0x2e,0x70,0x69,0x78,0x65,
  0x6c,0x53,0x69,0x7a,0x65,0x3a,0x20,0x53,0x74,0x79,0x6c,0x65,0x2e,0x68,0x65,0x61,
  0x64,0x69,0x6e,0x67,0x50,0x69,0x78,0x65,0x6c,0x53,0x69,0x7a,0x65,0x28,0xa,0x20,
  0x20,0x20,0x20,0x20,0x20,0x20,0x20,0x4d,0x61,0x74,0x68,0x2e,0x6d,0x61,0x78,0x28,
  0x31,0x2c,0x20,0x4d,0x61,0x74,0x68,0x2e,0x6d,0x69,0x6e,0x28,0x36,0x2c,0x20,0x53,
  0x74,0x79,0x6c,0x65,0x2e,0x6e,0x75,0x6d,0x28,0x70,0x72,0x6f,0x70,0x73,0x2c,0x20,
  0x22,0x68,0x65,0x61,0x64,0x69,0x6e,0x67,0x2d,0x6c,0x65,0x76,0x65,0x6c,0x22,0x2c,
  0x20,0x31,0x29,0x29,0x29,0x29,0xa,0x20,0x20,0x20,0x20,0x66,0x6f,0x6e,0x74,0x2e,
  0x77,0x65,0x69,0x67,0x68,0x74,0x3a,0x20,0x46,0x6f,0x6e,0x74,0x2e,0x44,0x65,0x6d,
  0x69,0x42,0x6f,0x6c,0x64,0xa,0x20,0x20,0x20,0x20,0x77,0x72,0x61,0x70,0x4d,0x6f,
  0x64,0x65,0x3a,0x20,0x54,0x65,0x78,0x74,0x2e,0x57,0x6f,0x72,0x64,0x57,0x72,0x61,
  0x70,0xa,0x7d,0xa,
    // /home/ubuntu/repos/lui/platform/qt/qml/LuiInput.qml
  0x0,0x0,0x4,0x88,
  0x69,
  0x6d,0x70,0x6f,0x72,0x74,0x20,0x51,0x74,0x51,0x75,0x69,0x63,0x6b,0xa,0x69,0x6d,
  0x70,0x6f,0x72,0x74,0x20,0x51,0x74,0x51,0x75,0x69,0x63,0x6b,0x2e,0x43,0x6f,0x6e,
  0x74,0x72,0x6f,0x6c,0x73,0xa,0x69,0x6d,0x70,0x6f,0x72,0x74,0x20,0x22,0x4c,0x75,
  0x69,0x53,0x74,0x79,0x6c,0x65,0x2e,0x6a,0x73,0x22,0x20,0x61,0x73,0x20,0x53,0x74,
  0x79,0x6c,0x65,0xa,0xa,0x2f,0x2f,0x20,0x57,0x69,0x72,0x65,0x20,0x6b,0x69,0x6e,
  0x64,0x3a,0x20,0x69,0x6e,0x70,0x75,0x74,0x20,0xe2,0x80,0x94,0x20,0x63,0x6f,0x6d,
  0x70,0x61,0x63,0x74,0x20,0x73,0x69,0x6e,0x67,0x6c,0x65,0x2d,0x6c,0x69,0x6e,0x65,
  0x20,0x69,0x6e,0x70,0x75,0x74,0x20,0x28,0x67,0x72,0x6f,0x75,0x70,0x65,0x64,0x20,
  0x73,0x74,0x79,0x6c,0x65,0x29,0x2e,0xa,0x54,0x65,0x78,0x74,0x46,0x69,0x65,0x6c,
  0x64,0x20,0x7b,0xa,0x20,0x20,0x20,0x20,0x69,0x64,0x3a,0x20,0x66,0x69,0x65,0x6c,
  0x64,0xa,0x20,0x20,0x20,0x20,0x72,0x65,0x71,0x75,0x69,0x72,0x65,0x64,0x20,0x70,
  0x72,0x6f,0x70,0x65,0x72,0x74,0x79,0x20,0x76,0x61,0x72,0x20,0x6e,0x6f,0x64,0x65,
  0xa,0x20,0x20,0x20,0x20,0x72,0x65,0x61,0x64,0x6f,0x6e,0x6c,0x79,0x20,0x70,0x72,
  0x6f,0x70,0x65,0x72,0x74,0x79,0x20,0x76,0x61,0x72,0x20,0x70,0x72,0x6f,0x70,0x73,
  0x3a,0x20,0x6e,0x6f,0x64,0x65,0x20,0x3f,0x20,0x6e,0x6f,0x64,0x65,0x2e,0x70,0x72,
  0x6f,0x70,0x65,0x72,0x74,0x69,0x65,0x73,0x20,0x3a,0x20,0x28,0x7b,0x7d,0x29,0xa,
  0xa,0x20,0x20,0x20,0x20,0x70,0x6c,0x61,0x63,0x65,0x68,0x6f,0x6c,0x64,0x65,0x72,
  0x54,0x65,0x78,0x74,0x3a,0x20,0x53,0x74,0x79,0x6c,0x65,0x2e,0x73,0x74,0x72,0x28,
  0x70,0x72,0x6f,0x70,0x73,0x2c,0x20,0x22,0x70,0x6c,0x61,0x63,0x65,0x68,0x6f,0x6c,
  0x64,0x65,0x72,0x22,0x2c,0x20,0x22,0x22,0x29,0xa,0x20,0x20,0x20,0x20,0x65,0x6e,
  0x61,0x62,0x6c,0x65,0x64,0x3a,0x20,0x70,0x72,0x6f,0x70,0x73,0x5b,0x22,0x65,0x6e,
  0x61,0x62,0x6c,0x65,0x64,0x22,0x5d,0x20,0x21,0x3d,0x3d,0x20,0x66,0x61,0x6c,0x73,
  0x65,0xa,0x20,0x20,0x20,0x20,0x63,0x6f,0x6c,0x6f,0x72,0x3a,0x20,0x53,0x74,0x79,
  0x6c,0x65,0x2e,0x63,0x6f,0x6c,0x6f,0x72,0x28,0x70,0x72,0x6f,0x70,0x73,0x5b,0x22,
  0x66,0x6f,0x72,0x65,0x67,0x72,0x6f,0x75,0x6e,0x64,0x22,0x5d,0x2c,0x20,0x22,0x23,
  0x31,0x38,0x31,0x38,0x31,0x62,0x22,0x29,0xa,0x20,0x20,0x20,0x20,0x69,0x6d,0x70,
  0x6c,0x69,0x63,0x69,0x74,0x57,0x69,0x64,0x74,0x68,0x3a,0x20,0x31,0x38,0x30,0xa,
  0x20,0x20,0x20,0x20,0x43,0x6f,0x6d,0x70,0x6f,0x6e,0x65,0x6e,0x74,0x2e,0x6f,0x6e,
  0x43,0x6f,0x6d,0x70,0x6c,0x65,0x74,0x65,0x64,0x3a,0x20,0x7b,0xa,0x20,0x20,0x20,
  0x20,0x20,0x20,0x20,0x20,0x69,0x66,0x20,0x28,0x70,0x72,0x6f,0x70,0x73,0x5b,0x22,
  0x61,0x75,0x74,0x6f,0x66,0x6f,0x63,0x75,0x73,0x22,0x5d,0x20,0x3d,0x3d,0x3d,0x20,
  0x74,0x72,0x75,0x65,0x29,0x20,0x66,0x6f,0x72,0x63,0x65,0x41,0x63,0x74,0x69,0x76,
  0x65,0x46,0x6f,0x63,0x75,0x73,0x28,0x29,0xa,0x20,0x20,0x20,0x20,0x20,0x20,0x20,
  0x20,0x73,0x79,0x6e,0x63,0x28,0x29,0xa,0x20,0x20,0x20,0x20,0x7d,0xa,0xa,0x20,
  0x20,0x20,0x20,0x70,0x72,0x6f,0x70,0x65,0x72,0x74,0x79,0x20,0x73,0x74,0x72,0x69,
  0x6e,0x67,0x20,0x77,0x69,0x72,0x65,0x54,0x65,0x78,0x74,0x3a,0x20,0x53,0x74,0x79,
  0x6c,0x65,0x2e,0x73,0x74,0x72,0x28,0x70,0x72,0x6f,0x70,0x73,0x2c,0x20,0x22,0x74,
  0x65,0x78,0x74,0x22,0x2c,0x20,0x22,0x22,0x29,0xa,0x20,0x20,0x20,0x20,0x70,0x72,
  0x6f,0x70,0x65,0x72,0x74,0x79,0x20,0x62,0x6f,0x6f,0x6c,0x20,0x75,0x70,0x64,0x61,
  0x74,0x69,0x6e,0x67,0x3a,0x20,0x66,0x61,0x6c,0x73,0x65,0xa,0x20,0x20,0x20,0x20,
  0x66,0x75,0x6e,0x63,0x74,0x69,0x6f,0x6e,0x20,0x73,0x79,0x6e,0x63,0x28,0x29,0x20,
  0x7b,0xa,0x20,0x20,0x20,0x20,0x20,0x20,0x20,0x20,0x69,0x66,0x20,0x28,0x74,0x65,
  0x78,0x74,0x20,0x21,0x3d,0x3d,0x20,0x77,0x69,0x72,0x65,0x54,0x65,0x78,0x74,0x29,
  0x20,0x7b,0xa,0x20,0x20,0x20,0x20,0x20,0x20,0x20,0x20,0x20,0x20,0x20,0x20,0x75,
  0x70,0x64,0x61,0x74,0x69,0x6e,0x67,0x20,0x3d,0x20,0x74,0x72,0x75,0x65,0xa,0x20,
  0x20,0x20,0x20,0x20,0x20,0x20,0x20,0x20,0x20,0x20,0x20,0x74,0x65,0x78,0x74,0x20,
  0x3d,0x20,0x77,0x69,0x72,0x65,0x54,0x65,0x78,0x74,0xa,0x20,0x20,0x20,0x20,0x20,
  0x20,0x20,0x20,0x20,0x20,0x20,0x20,0x75,0x70,0x64,0x61,0x74,0x69,0x6e,0x67,0x20,
  0x3d,0x20,0x66,0x61,0x6c,0x73,0x65,0xa,0x20,0x20,0x20,0x20,0x20,0x20,0x20,0x20,
  0x7d,0xa,0x20,0x20,0x20,0x20,0x7d,0xa,0x20,0x20,0x20,0x20,0x6f,0x6e,0x57,0x69,
  0x72,0x65,0x54,0x65,0x78,0x74,0x43,0x68,0x61,0x6e,0x67,0x65,0x64,0x3a,0x20,0x73,
  0x79,0x6e,0x63,0x28,0x29,0xa,0x20,0x20,0x20,0x20,0x6f,0x6e,0x54,0x65,0x78,0x74,
  0x43,0x68,0x61,0x6e,0x67,0x65,0x64,0x3a,0x20,0x69,0x66,0x20,0x28,0x21,0x75,0x70,
  0x64,0x61,0x74,0x69,0x6e,0x67,0x29,0x20,0x6e,0x6f,0x64,0x65,0x2e,0x74,0x65,0x78,
  0x74,0x43,0x68,0x61,0x6e,0x67,0x65,0x64,0x28,0x74,0x65,0x78,0x74,0x29,0xa,0x20,
  0x20,0x20,0x20,0x6f,0x6e,0x41,0x63,0x63,0x65,0x70,0x74,0x65,0x64,0x3a,0x20,0x6e,
  0x6f,0x64,0x65,0x2e,0x73,0x75,0x62,0x6d,0x69,0x74,0x28,0x29,0xa,0xa,0x20,0x20,
  0x20,0x20,0x62,0x61,0x63,0x6b,0x67,0x72,0x6f,0x75,0x6e,0x64,0x3a,0x20,0x52,0x65,
  0x63,0x74,0x61,0x6e,0x67,0x6c,0x65,0x20,0x7b,0xa,0x20,0x20,0x20,0x20,0x20,0x20,
  0x20,0x20,0x69,0x6d,0x70,0x6c,0x69,0x63,0x69,0x74,0x57,0x69,0x64,0x74,0x68,0x3a,
  0x20,0x31,0x38,0x30,0xa,0x20,0x20,0x20,0x20,0x20,0x20,0x20,0x20,0x69,0x6d,0x70,
  0x6c,0x69,0x63,0x69,0x74,0x48,0x65,0x69,0x67,0x68,0x74,0x3a,0x20,0x33,0x30,0xa,
  0x20,0x20,0x20,0x20,0x20,0x20,0x20,0x20,0x72,0x61,0x64,0x69,0x75,0x73,0x3a,0x20,
  0x35,0xa,0x20,0x20,0x20,0x20,0x20,0x20,0x20,0x20,0x63,0x6f,0x6c,0x6f,0x72,0x3a,
  0x20,0x66,0x69,0x65,0x6c,0x64,0x2e,0x65,0x6e,0x61,0x62,0x6c,0x65,0x64,0x20,0x3f,
  0x20,0x22,0x23,0x66,0x66,0x66,0x66,0x66,0x66,0x22,0x20,0x3a,0x20,0x22,0x23,0x66,
  0x34,0x66,0x34,0x66,0x35,0x22,0xa,0x20,0x20,0x20,0x20,0x20,0x20,0x20,0x20,0x62,
  0x6f,0x72,0x64,0x65,0x72,0x2e,0x63,0x6f,0x6c,0x6f,0x72,0x3a,0x20,0x66,0x69,0x65,
  0x6c,0x64,0x2e,0x61,0x63,0x74,0x69,0x76,0x65,0x46,0x6f,0x63,0x75,0x73,0x20,0x3f,
  0x20,0x22,0x23,0x30,0x30,0x37,0x61,0x66,0x66,0x22,0x20,0x3a,0x20,0x22,0x23,0x64,
  0x34,0x64,0x34,0x64,0x38,0x22,0xa,0x20,0x20,0x20,0x20,0x20,0x20,0x20,0x20,0x62,
  0x6f,0x72,0x64,0x65,0x72,0x2e,0x77,0x69,0x64,0x74,0x68,0x3a,0x20,0x31,0xa,0x20,
  0x20,0x20,0x20,0x7d,0xa,0x7d,0xa,
    // /home/ubuntu/repos/lui/platform/qt/qml/LuiRow.qml
  0x0,0x0,0x3,0xac,
  0x69,
  0x6d,0x70,0x6f,0x72,0x74,0x20,0x51,0x74,0x51,0x75,0x69,0x63,0x6b,0xa,0x69,0x6d,
  0x70,0x6f,0x72,0x74,0x20,0x51,0x74,0x51,0x75,0x69,0x63,0x6b,0x2e,0x4c,0x61,0x79,
  0x6f,0x75,0x74,0x73,0xa,0x69,0x6d,0x70,0x6f,0x72,0x74,0x20,0x22,0x4c,0x75,0x69,
  0x53,0x74,0x79,0x6c,0x65,0x2e,0x6a,0x73,0x22,0x20,0x61,0x73,0x20,0x53,0x74,0x79,
  0x6c,0x65,0xa,0xa,0x2f,0x2f,0x20,0x57,0x69,0x72,0x65,0x20,0x6b,0x69,0x6e,0x64,
  0x3a,0x20,0x72,0x6f,0x77,0x20,0xe2,0x80,0x94,0x20,0x68,0x6f,0x72,0x69,0x7a,0x6f,
  0x6e,0x74,0x61,0x6c,0x20,0x6c,0x61,0x79,0x6f,0x75,0x74,0x20,0x68,0x6f,0x6e,0x6f,
  0x72,0x69,0x6e,0x67,0x20,0x67,0x61,0x70,0x2c,0x20,0x6d,0x61,0x69,0x6e,0x2d,0x61,
  0x6c,0x69,0x67,0x6e,0x6d,0x65,0x6e,0x74,0x2c,0x20,0x61,0x6e,0x64,0xa,0x2f,0x2f,
  0x20,0x63,0x72,0x6f,0x73,0x73,0x2d,0x61,0x6c,0x69,0x67,0x6e,0x6d,0x65,0x6e,0x74,
  0x2e,0xa,0x52,0x6f,0x77,0x4c,0x61,0x79,0x6f,0x75,0x74,0x20,0x7b,0xa,0x20,0x20,
  0x20,0x20,0x72,0x65,0x71,0x75,0x69,0x72,0x65,0x64,0x20,0x70,0x72,0x6f,0x70,0x65,
  0x72,0x74,0x79,0x20,0x76,0x61,0x72,0x20,0x6e,0x6f,0x64,0x65,0xa,0x20,0x20,0x20,
  0x20,0x72,0x65,0x61,0x64,0x6f,0x6e,0x6c,0x79,0x20,0x70,0x72,0x6f,0x70,0x65,0x72,
  0x74,0x79,0x20,0x76,0x61,0x72,0x20,0x70,0x72,0x6f,0x70,0x73,0x3a,0x20,0x6e,0x6f,
  0x64,0x65,0x20,0x3f,0x20,0x6e,0x6f,0x64,0x65,0x2e,0x70,0x72,0x6f,0x70,0x65,0x72,
  0x74,0x69,0x65,0x73,0x20,0x3a,0x20,0x28,0x7b,0x7d,0x29,0xa,0xa,0x20,0x20,0x20,
  0x20,0x73,0x70,0x61,0x63,0x69,0x6e,0x67,0x3a,0x20,0x53,0x74,0x79,0x6c,0x65,0x2e,
  0x6e,0x75,0x6d,0x28,0x70,0x72,0x6f,0x70,0x73,0x2c,0x20,0x22,0x67,0x61,0x70,0x22,
  0x2c,0x20,0x30,0x29,0xa,0xa,0x20,0x20,0x20,0x20,0x49,0x74,0x65,0x6d,0x20,0x7b,
  0x20,0x4c,0x61,0x79,0x6f,0x75,0x74,0x2e,0x66,0x69,0x6c,0x6c,0x57,0x69,0x64,0x74,
  0x68,0x3a,0x20,0x74,0x72,0x75,0x65,0x3b,0x20,0x76,0x69,0x73,0x69,0x62,0x6c,0x65,
  0x3a,0x20,0x53,0x74,0x79,0x6c,0x65,0x2e,0x6e,0x65,0x65,0x64,0x73,0x4c,0x65,0x61,
  0x64,0x46,0x69,0x6c,0x6c,0x65,0x72,0x28,0x70,0x72,0x6f,0x70,0x73,0x29,0x20,0x7d,
  0xa,0x20,0x20,0x20,0x20,0x52,0x65,0x70,0x65,0x61,0x74,0x65,0x72,0x20,0x7b,0xa,
  0x20,0x20,0x20,0x20,0x20,0x20,0x20,0x20,0x6d,0x6f,0x64,0x65,0x6c,0x3a,0x20,0x6e,
  0x6f,0x64,0x65,0x20,0x3f,0x20,0x6e,0x6f,0x64,0x65,0x2e,0x63,0x68,0x69,0x6c,0x64,
  0x72,0x65,0x6e,0x20,0x3a,0x20,0x5b,0x5d,0xa,0x20,0x20,0x20,0x20,0x20,0x20,0x20,
  0x20,0x64,0x65,0x6c,0x65,0x67,0x61,0x74,0x65,0x3a,0x20,0x4c,0x75,0x69,0x4e,0x6f,
  0x64,0x65,0x56,0x69,0x65,0x77,0x20,0x7b,0xa,0x20,0x20,0x20,0x20,0x20,0x20,0x20,
  0x20,0x20,0x20,0x20,0x20,0x72,0x65,0x71,0x75,0x69,0x72,0x65,0x64,0x20,0x70,0x72,
  0x6f,0x70,0x65,0x72,0x74,0x79,0x20,0x76,0x61,0x72,0x20,0x6d,0x6f,0x64,0x65,0x6c,
  0x44,0x61,0x74,0x61,0xa,0x20,0x20,0x20,0x20,0x20,0x20,0x20,0x20,0x20,0x20,0x20,
  0x20,0x6e,0x6f,0x64,0x65,0x3a,0x20,0x6d,0x6f,0x64,0x65,0x6c,0x44,0x61,0x74,0x61,
  0xa,0x20,0x20,0x20,0x20,0x20,0x20,0x20,0x20,0x20,0x20,0x20,0x20,0x4c,0x61,0x79,
  0x6f,0x75,0x74,0x2e,0x66,0x69,0x6c,0x6c,0x57,0x69,0x64,0x74,0x68,0x3a,0x20,0x53,
  0x74,0x79,0x6c,0x65,0x2e,0x66,0x69,0x6c,0x6c,0x4d,0x61,0x69,0x6e,0x57,0x69,0x64,
  0x74,0x68,0x28,0x6e,0x6f,0x64,0x65,0x20,0x3f,0x20,0x6e,0x6f,0x64,0x65,0x2e,0x70,
  0x72,0x6f,0x70,0x65,0x72,0x74,0x69,0x65,0x73,0x20,0x3a,0x20,0x28,0x7b,0x7d,0x29,
  0x29,0x20,0x7c,0x7c,0xa,0x20,0x20,0x20,0x20,0x20,0x20,0x20,0x20,0x20,0x20,0x20,
  0x20,0x20,0x20,0x20,0x20,0x20,0x20,0x20,0x20,0x20,0x20,0x20,0x20,0x20,0x20,0x20,
  0x20,0x20,0x20,0x53,0x74,0x79,0x6c,0x65,0x2e,0x6d,0x61,0x69,0x6e,0x41,0x6c,0x69,
  0x67,0x6e,0x28,0x70,0x72,0x6f,0x70,0x73,0x29,0x20,0x3d,0x3d,0x3d,0x20,0x22,0x73,
  0x70,0x61,0x63,0x65,0x5f,0x62,0x65,0x74,0x77,0x65,0x65,0x6e,0x22,0xa,0x20,0x20,
  0x20,0x20,0x20,0x20,0x20,0x20,0x20,0x20,0x20,0x20,0x4c,0x61,0x79,0x6f,0x75,0x74,
  0x2e,0x66,0x69,0x6c,0x6c,0x48,0x65,0x69,0x67,0x68,0x74,0x3a,0x20,0x53,0x74,0x79,
  0x6c,0x65,0x2e,0x66,0x69,0x6c,0x6c,0x4d,0x61,0x69,0x6e,0x48,0x65,0x69,0x67,0x68,
  0x74,0x28,0x6e,0x6f,0x64,0x65,0x20,0x3f,0x20,0x6e,0x6f,0x64,0x65,0x2e,0x70,0x72,
  0x6f,0x70,0x65,0x72,0x74,0x69,0x65,0x73,0x20,0x3a,0x20,0x28,0x7b,0x7d,0x29,0x29,
  0x20,0x7c,0x7c,0xa,0x20,0x20,0x20,0x20,0x20,0x20,0x20,0x20,0x20,0x20,0x20,0x20,
  0x20,0x20,0x20,0x20,0x20,0x20,0x20,0x20,0x20,0x20,0x20,0x20,0x20,0x20,0x20,0x20,
  0x20,0x20,0x20,0x53,0x74,0x79,0x6c,0x65,0x2e,0x73,0x74,0x72,0x65,0x74,0x63,0x68,
  0x43,0x72,0x6f,0x73,0x73,0x28,0x70,0x72,0x6f,0x70,0x73,0x29,0xa,0x20,0x20,0x20,
  0x20,0x20,0x20,0x20,0x20,0x7d,0xa,0x20,0x20,0x20,0x20,0x7d,0xa,0x20,0x20,0x20,
  0x20,0x49,0x74,0x65,0x6d,0x20,0x7b,0x20,0x4c,0x61,0x79,0x6f,0x75,0x74,0x2e,0x66,
  0x69,0x6c,0x6c,0x57,0x69,0x64,0x74,0x68,0x3a,0x20,0x74,0x72,0x75,0x65,0x3b,0x20,
  0x76,0x69,0x73,0x69,0x62,0x6c,0x65,0x3a,0x20,0x53,0x74,0x79,0x6c,0x65,0x2e,0x6e,
  0x65,0x65,0x64,0x73,0x54,0x72,0x61,0x69,0x6c,0x46,0x69,0x6c,0x6c,0x65,0x72,0x28,
  0x70,0x72,0x6f,0x70,0x73,0x29,0x20,0x7d,0xa,0x7d,0xa,
    // /home/ubuntu/repos/lui/platform/qt/qml/LuiRadioGroup.qml
  0x0,0x0,0x1,0xc6,
  0x69,
  0x6d,0x70,0x6f,0x72,0x74,0x20,0x51,0x74,0x51,0x75,0x69,0x63,0x6b,0xa,0x69,0x6d,
  0x70,0x6f,0x72,0x74,0x20,0x51,0x74,0x51,0x75,0x69,0x63,0x6b,0x2e,0x4c,0x61,0x79,
  0x6f,0x75,0x74,0x73,0xa,0x69,0x6d,0x70,0x6f,0x72,0x74,0x20,0x22,0x4c,0x75,0x69,
  0x53,0x74,0x79,0x6c,0x65,0x2e,0x6a,0x73,0x22,0x20,0x61,0x73,0x20,0x53,0x74,0x79,
  0x6c,0x65,0xa,0xa,0x2f,0x2f,0x20,0x57,0x69,0x72,0x65,0x20,0x6b,0x69,0x6e,0x64,
  0x3a,0x20,0x72,0x61,0x64,0x69,0x6f,0x2d,0x67,0x72,0x6f,0x75,0x70,0x20,0xe2,0x80,
  0x94,0x20,0x76,0x65,0x72,0x74,0x69,0x63,0x61,0x6c,0x20,0x73,0x74,0x61,0x63,0x6b,
  0x20,0x6f,0x66,0x20,0x72,0x61,0x64,0x69,0x6f,0x20,0x63,0x68,0x69,0x6c,0x64,0x72,
  0x65,0x6e,0x2e,0xa,0x43,0x6f,0x6c,0x75,0x6d,0x6e,0x4c,0x61,0x79,0x6f,0x75,0x74,
  0x20,0x7b,0xa,0x20,0x20,0x20,0x20,0x72,0x65,0x71,0x75,0x69,0x72,0x65,0x64,0x20,
  0x70,0x72,0x6f,0x70,0x65,0x72,0x74,0x79,0x20,0x76,0x61,0x72,0x20,0x6e,0x6f,0x64,
  0x65,0xa,0x20,0x20,0x20,0x20,0x72,0x65,0x61,0x64,0x6f,0x6e,0x6c,0x79,0x20,0x70,
  0x72,0x6f,0x70,0x65,0x72,0x74,0x79,0x20,0x76,0x61,0x72,0x20,0x70,0x72,0x6f,0x70,
  0x73,0x3a,0x20,0x6e,0x6f,0x64,0x65,0x20,0x3f,0x20,0x6e,0x6f,0x64,0x65,0x2e,0x70,
  0x72,0x6f,0x70,0x65,0x72,0x74,0x69,0x65,0x73,0x20,0x3a,0x20,0x28,0x7b,0x7d,0x29,
  0xa,0xa,0x20,0x20,0x20,0x20,0x73,0x70,0x61,0x63,0x69,0x6e,0x67,0x3a,0x20,0x53,
  0x74,0x79,0x6c,0x65,0x2e,0x6e,0x75,0x6d,0x28,0x70,0x72,0x6f,0x70,0x73,0x2c,0x20,
  0x22,0x67,0x61,0x70,0x22,0x2c,0x20,0x38,0x29,0xa,0xa,0x20,0x20,0x20,0x20,0x52,
  0x65,0x70,0x65,0x61,0x74,0x65,0x72,0x20,0x7b,0xa,0x20,0x20,0x20,0x20,0x20,0x20,
  0x20,0x20,0x6d,0x6f,0x64,0x65,0x6c,0x3a,0x20,0x6e,0x6f,0x64,0x65,0x20,0x3f,0x20,
  0x6e,0x6f,0x64,0x65,0x2e,0x63,0x68,0x69,0x6c,0x64,0x72,0x65,0x6e,0x20,0x3a,0x20,
  0x5b,0x5d,0xa,0x20,0x20,0x20,0x20,0x20,0x20,0x20,0x20,0x64,0x65,0x6c,0x65,0x67,
  0x61,0x74,0x65,0x3a,0x20,0x4c,0x75,0x69,0x4e,0x6f,0x64,0x65,0x56,0x69,0x65,0x77,
  0x20,0x7b,0xa,0x20,0x20,0x20,0x20,0x20,0x20,0x20,0x20,0x20,0x20,0x20,0x20,0x72,
  0x65,0x71,0x75,0x69,0x72,0x65,0x64,0x20,0x70,0x72,0x6f,0x70,0x65,0x72,0x74,0x79,
  0x20,0x76,0x61,0x72,0x20,0x6d,0x6f,0x64,0x65,0x6c,0x44,0x61,0x74,0x61,0xa,0x20,
  0x20,0x20,0x20,0x20,0x20,0x20,0x20,0x20,0x20,0x20,0x20,0x6e,0x6f,0x64,0x65,0x3a,
  0x20,0x6d,0x6f,0x64,0x65,0x6c,0x44,0x61,0x74,0x61,0x20,0x7d,0xa,0x20,0x20,0x20,
  0x20,0x7d,0xa,0x7d,0xa,
    // /home/ubuntu/repos/lui/platform/qt/qml/LuiTooltip.qml
  0x0,0x0,0x3,0xb1,
  0x69,
  0x6d,0x70,0x6f,0x72,0x74,0x20,0x51,0x74,0x51,0x75,0x69,0x63,0x6b,0xa,0x69,0x6d,
  0x70,0x6f,0x72,0x74,0x20,0x22,0x4c,0x75,0x69,0x53,0x74,0x79,0x6c,0x65,0x2e,0x6a,
  0x73,0x22,0x20,0x61,0x73,0x20,0x53,0x74,0x79,0x6c,0x65,0xa,0xa,0x2f,0x2f,0x20,
  0x57,0x69,0x72,0x65,0x20,0x6b,0x69,0x6e,0x64,0x3a,0x20,0x74,0x6f,0x6f,0x6c,0x74,
  0x69,0x70,0x20,0xe2,0x80,0x94,0x20,0x6f,0x76,0x65,0x72,0x6c,0x61,0x79,0x20,0x73,
  0x75,0x72,0x66,0x61,0x63,0x65,0x20,0x61,0x6e,0x63,0x68,0x6f,0x72,0x65,0x64,0x20,
  0x74,0x6f,0x20,0x74,0x68,0x65,0x20,0x70,0x72,0x65,0x63,0x65,0x64,0x69,0x6e,0x67,
  0x20,0x73,0x69,0x62,0x6c,0x69,0x6e,0x67,0x2e,0xa,0x49,0x74,0x65,0x6d,0x20,0x7b,
  0xa,0x20,0x20,0x20,0x20,0x69,0x64,0x3a,0x20,0x74,0x69,0x70,0xa,0x20,0x20,0x20,
  0x20,0x72,0x65,0x71,0x75,0x69,0x72,0x65,0x64,0x20,0x70,0x72,0x6f,0x70,0x65,0x72,
  0x74,0x79,0x20,0x76,0x61,0x72,0x20,0x6e,0x6f,0x64,0x65,0xa,0x20,0x20,0x20,0x20,
  0x70,0x72,0x6f,0x70,0x65,0x72,0x74,0x79,0x20,0x49,0x74,0x65,0x6d,0x20,0x61,0x6e,
  0x63,0x68,0x6f,0x72,0x49,0x74,0x65,0x6d,0x3a,0x20,0x6e,0x75,0x6c,0x6c,0xa,0x20,
  0x20,0x20,0x20,0x72,0x65,0x61,0x64,0x6f,0x6e,0x6c,0x79,0x20,0x70,0x72,0x6f,0x70,
  0x65,0x72,0x74,0x79,0x20,0x76,0x61,0x72,0x20,0x70,0x72,0x6f,0x70,0x73,0x3a,0x20,
  0x6e,0x6f,0x64,0x65,0x20,0x3f,0x20,0x6e,0x6f,0x64,0x65,0x2e,0x70,0x72,0x6f,0x70,
  0x65,0x72,0x74,0x69,0x65,0x73,0x20,0x3a,0x20,0x28,0x7b,0x7d,0x29,0xa,0xa,0x20,
  0x20,0x20,0x20,0x69,0x6d,0x70,0x6c,0x69,0x63,0x69,0x74,0x57,0x69,0x64,0x74,0x68,
  0x3a,0x20,0x30,0xa,0x20,0x20,0x20,0x20,0x69,0x6d,0x70,0x6c,0x69,0x63,0x69,0x74,
  0x48,0x65,0x69,0x67,0x68,0x74,0x3a,0x20,0x30,0xa,0xa,0x20,0x20,0x20,0x20,0x52,
  0x65,0x63,0x74,0x61,0x6e,0x67,0x6c,0x65,0x20,0x7b,0xa,0x20,0x20,0x20,0x20,0x20,
  0x20,0x20,0x20,0x78,0x3a,0x20,0x7b,0xa,0x20,0x20,0x20,0x20,0x20,0x20,0x20,0x20,
  0x20,0x20,0x20,0x20,0x69,0x66,0x20,0x28,0x21,0x74,0x69,0x70,0x2e,0x61,0x6e,0x63,
  0x68,0x6f,0x72,0x49,0x74,0x65,0x6d,0x29,0x20,0x72,0x65,0x74,0x75,0x72,0x6e,0x20,
  0x30,0xa,0x20,0x20,0x20,0x20,0x20,0x20,0x20,0x20,0x20,0x20,0x20,0x20,0x72,0x65,
  0x74,0x75,0x72,0x6e,0x20,0x74,0x69,0x70,0x2e,0x61,0x6e,0x63,0x68,0x6f,0x72,0x49,
  0x74,0x65,0x6d,0x2e,0x6d,0x61,0x70,0x54,0x6f,0x49,0x74,0x65,0x6d,0x28,0x74,0x69,
  0x70,0x2c,0x20,0x30,0x2c,0x20,0x30,0x29,0x2e,0x78,0xa,0x20,0x20,0x20,0x20,0x20,
  0x20,0x20,0x20,0x7d,0xa,0x20,0x20,0x20,0x20,0x20,0x20,0x20,0x20,0x79,0x3a,0x20,
  0x7b,0xa,0x20,0x20,0x20,0x20,0x20,0x20,0x20,0x20,0x20,0x20,0x20,0x20,0x69,0x66,
  0x20,0x28,0x21,0x74,0x69,0x70,0x2e,0x61,0x6e,0x63,0x68,0x6f,0x72,0x49,0x74,0x65,
  0x6d,0x29,0x20,0x72,0x65,0x74,0x75,0x72,0x6e,0x20,0x30,0xa,0x20,0x20,0x20,0x20,
  0x20,0x20,0x20,0x20,0x20,0x20,0x20,0x20,0x72,0x65,0x74,0x75,0x72,0x6e,0x20,0x74,
  0x69,0x70,0x2e,0x61,0x6e,0x63,0x68,0x6f,0x72,0x49,0x74,0x65,0x6d,0x2e,0x6d,0x61,
  0x70,0x54,0x6f,0x49,0x74,0x65,0x6d,0x28,0x74,0x69,0x70,0x2c,0x20,0x30,0x2c,0x20,
  0x74,0x69,0x70,0x2e,0x61,0x6e,0x63,0x68,0x6f,0x72,0x49,0x74,0x65,0x6d,0x2e,0x68,
  0x65,0x69,0x67,0x68,0x74,0x20,0x2b,0x20,0x36,0x29,0x2e,0x79,0xa,0x20,0x20,0x20,
  0x20,0x20,0x20,0x20,0x20,0x7d,0xa,0x20,0x20,0x20,0x20,0x20,0x20,0x20,0x20,0x69,
  0x6d,0x70,0x6c,0x69,0x63,0x69,0x74,0x57,0x69,0x64,0x74,0x68,0x3a,0x20,0x6c,0x61,
  0x62,0x65,0x6c,0x2e,0x69,0x6d,0x70,0x6c,0x69,0x63,0x69,0x74,0x57,0x69,0x64,0x74,
  0x68,0x20,0x2b,0x20,0x31,0x36,0xa,0x20,0x20,0x20,0x20,0x20,0x20,0x20,0x20,0x69,
  0x6d,0x70,0x6c,0x69,0x63,0x69,0x74,0x48,0x65,0x69,0x67,0x68,0x74,0x3a,0x20,0x6c,
  0x61,0x62,0x65,0x6c,0x2e,0x69,0x6d,0x70,0x6c,0x69,0x63,0x69,0x74,0x48,0x65,0x69,
  0x67,0x68,0x74,0x20,0x2b,0x20,0x31,0x30,0xa,0x20,0x20,0x20,0x20,0x20,0x20,0x20,
  0x20,0x72,0x61,0x64,0x69,0x75,0x73,0x3a,0x20,0x36,0xa,0x20,0x20,0x20,0x20,0x20,
  0x20,0x20,0x20,0x63,0x6f,0x6c,0x6f,0x72,0x3a,0x20,0x22,0x23,0x32,0x37,0x32,0x37,
  0x32,0x61,0x22,0xa,0xa,0x20,0x20,0x20,0x20,0x20,0x20,0x20,0x20,0x54,0x65,0x78,
  0x74,0x20,0x7b,0xa,0x20,0x20,0x20,0x20,0x20,0x20,0x20,0x20,0x20,0x20,0x20,0x20,
  0x69,0x64,0x3a,0x20,0x6c,0x61,0x62,0x65,0x6c,0xa,0x20,0x20,0x20,0x20,0x20,0x20,
  0x20,0x20,0x20,0x20,0x20,0x20,0x61,0x6e,0x63,0x68,0x6f,0x72,0x73,0x2e,0x63,0x65,
  0x6e,0x74,0x65,0x72,0x49,0x6e,0x3a,0x20,0x70,0x61,0x72,0x65,0x6e,0x74,0xa,0x20,
  0x20,0x20,0x20,0x20,0x20,0x20,0x20,0x20,0x20,0x20,0x20,0x74,0x65,0x78,0x74,0x3a,
  0x20,0x53,0x74,0x79,0x6c,0x65,0x2e,0x73,0x74,0x72,0x28,0x74,0x69,0x70,0x2e,0x70,
  0x72,0x6f,0x70,0x73,0x2c,0x20,0x22,0x74,0x65,0x78,0x74,0x22,0x2c,0x20,0x22,0x22,
  0x29,0xa,0x20,0x20,0x20,0x20,0x20,0x20,0x20,0x20,0x20,0x20,0x20,0x20,0x63,0x6f,
  0x6c,0x6f,0x72,0x3a,0x20,0x22,0x23,0x66,0x61,0x66,0x61,0x66,0x61,0x22,0xa,0x20,
  0x20,0x20,0x20,0x20,0x20,0x20,0x20,0x20,0x20,0x20,0x20,0x66,0x6f,0x6e,0x74,0x2e,
  0x70,0x69,0x78,0x65,0x6c,0x53,0x69,0x7a,0x65,0x3a,0x20,0x31,0x32,0xa,0x20,0x20,
  0x20,0x20,0x20,0x20,0x20,0x20,0x7d,0xa,0x20,0x20,0x20,0x20,0x7d,0xa,0x7d,0xa,
  
    // /home/ubuntu/repos/lui/platform/qt/qml/LuiContextMenu.qml
  0x0,0x0,0x1,0x28,
  0x69,
  0x6d,0x70,0x6f,0x72,0x74,0x20,0x51,0x74,0x51,0x75,0x69,0x63,0x6b,0xa,0xa,0x2f,
  0x2f,0x20,0x57,0x69,0x72,0x65,0x20,0x6b,0x69,0x6e,0x64,0x3a,0x20,0x63,0x6f,0x6e,
  0x74,0x65,0x78,0x74,0x2d,0x6d,0x65,0x6e,0x75,0x20,0xe2,0x80,0x94,0x20,0x72,0x65,
  0x6e,0x64,0x65,0x72,0x65,0x64,0x20,0x62,0x79,0x20,0x74,0x68,0x65,0x20,0x70,0x61,
  0x72,0x65,0x6e,0x74,0x27,0x73,0x20,0x4c,0x75,0x69,0x4e,0x6f,0x64,0x65,0x56,0x69,
  0x65,0x77,0x20,0x63,0x68,0x72,0x6f,0x6d,0x65,0xa,0x2f,0x2f,0x20,0x28,0x72,0x69,
  0x67,0x68,0x74,0x2d,0x63,0x6c,0x69,0x63,0x6b,0x20,0x2f,0x20,0x6c,0x6f,0x6e,0x67,
  0x2d,0x70,0x72,0x65,0x73,0x73,0x20,0x4d,0x65,0x6e,0x75,0x29,0x2e,0x20,0x54,0x68,
  0x69,0x73,0x20,0x73,0x74,0x75,0x62,0x20,0x65,0x78,0x69,0x73,0x74,0x73,0x20,0x73,
  0x6f,0x20,0x74,0x68,0x65,0x20,0x64,0x69,0x73,0x70,0x61,0x74,0x63,0x68,0x65,0x72,
  0x20,0x63,0x61,0x6e,0xa,0x2f,0x2f,0x20,0x72,0x65,0x73,0x6f,0x6c,0x76,0x65,0x20,
  0x74,0x68,0x65,0x20,0x6b,0x69,0x6e,0x64,0x3b,0x20,0x69,0x74,0x20,0x70,0x61,0x69,
  0x6e,0x74,0x73,0x20,0x6e,0x6f,0x74,0x68,0x69,0x6e,0x67,0x20,0x69,0x74,0x73,0x65,
  0x6c,0x66,0x2e,0xa,0x49,0x74,0x65,0x6d,0x20,0x7b,0xa,0x20,0x20,0x20,0x20,0x72,
  0x65,0x71,0x75,0x69,0x72,0x65,0x64,0x20,0x70,0x72,0x6f,0x70,0x65,0x72,0x74,0x79,
  0x20,0x76,0x61,0x72,0x20,0x6e,0x6f,0x64,0x65,0xa,0x20,0x20,0x20,0x20,0x69,0x6d,
  0x70,0x6c,0x69,0x63,0x69,0x74,0x57,0x69,0x64,0x74,0x68,0x3a,0x20,0x30,0xa,0x20,
  0x20,0x20,0x20,0x69,0x6d,0x70,0x6c,0x69,0x63,0x69,0x74,0x48,0x65,0x69,0x67,0x68,
  0x74,0x3a,0x20,0x30,0xa,0x7d,0xa,
    // /home/ubuntu/repos/lui/platform/qt/qml/LuiSecureField.qml
  0x0,0x0,0x4,0x95,
  0x69,
  0x6d,0x70,0x6f,0x72,0x74,0x20,0x51,0x74,0x51,0x75,0x69,0x63,0x6b,0xa,0x69,0x6d,
  0x70,0x6f,0x72,0x74,0x20,0x51,0x74,0x51,0x75,0x69,0x63,0x6b,0x2e,0x43,0x6f,0x6e,
  0x74,0x72,0x6f,0x6c,0x73,0xa,0x69,0x6d,0x70,0x6f,0x72,0x74,0x20,0x22,0x4c,0x75,
  0x69,0x53,0x74,0x79,0x6c,0x65,0x2e,0x6a,0x73,0x22,0x20,0x61,0x73,0x20,0x53,0x74,
  0x79,0x6c,0x65,0xa,0xa,0x2f,0x2f,0x20,0x57,0x69,0x72,0x65,0x20,0x6b,0x69,0x6e,
  0x64,0x3a,0x20,0x73,0x65,0x63,0x75,0x72,0x65,0x2d,0x66,0x69,0x65,0x6c,0x64,0x20,
  0xe2,0x80,0x94,0x20,0x70,0x61,0x73,0x73,0x77,0x6f,0x72,0x64,0x20,0x69,0x6e,0x70,
  0x75,0x74,0x2e,0xa,0x54,0x65,0x78,0x74,0x46,0x69,0x65,0x6c,0x64,0x20,0x7b,0xa,
  0x20,0x20,0x20,0x20,0x69,0x64,0x3a,0x20,0x66,0x69,0x65,0x6c,0x64,0xa,0x20,0x20,
  0x20,0x20,0x72,0x65,0x71,0x75,0x69,0x72,0x65,0x64,0x20,0x70,0x72,0x6f,0x70,0x65,
  0x72,0x74,0x79,0x20,0x76,0x61,0x72,0x20,0x6e,0x6f,0x64,0x65,0xa,0x20,0x20,0x20,
  0x20,0x72,0x65,0x61,0x64,0x6f,0x6e,0x6c,0x79,0x20,0x70,0x72,0x6f,0x70,0x65,0x72,
  0x74,0x79,0x20,0x76,0x61,0x72,0x20,0x70,0x72,0x6f,0x70,0x73,0x3a,0x20,0x6e,0x6f,
  0x64,0x65,0x20,0x3f,0x20,0x6e,0x6f,0x64,0x65,0x2e,0x70,0x72,0x6f,0x70,0x65,0x72,
  0x74,0x69,0x65,0x73,0x20,0x3a,0x20,0x28,0x7b,0x7d,0x29,0xa,0xa,0x20,0x20,0x20,
  0x20,0x70,0x6c,0x61,0x63,0x65,0x68,0x6f,0x6c,0x64,0x65,0x72,0x54,0x65,0x78,0x74,
  0x3a,0x20,0x53,0x74,0x79,0x6c,0x65,0x2e,0x73,0x74,0x72,0x28,0x70,0x72,0x6f,0x70,
  0x73,0x2c,0x20,0x22,0x70,0x6c,0x61,0x63,0x65,0x68,0x6f,0x6c,0x64,0x65,0x72,0x22,
  0x2c,0x20,0x22,0x22,0x29,0xa,0x20,0x20,0x20,0x20,0x65,0x63,0x68,0x6f,0x4d,0x6f,
  0x64,0x65,0x3a,0x20,0x54,0x65,0x78,0x74,0x49,0x6e,0x70,0x75,0x74,0x2e,0x50,0x61,
  0x73,0x73,0x77,0x6f,0x72,0x64,0xa,0x20,0x20,0x20,0x20,0x65,0x6e,0x61,0x62,0x6c,
  0x65,0x64,0x3a,0x20,0x70,0x72,0x6f,0x70,0x73,0x5b,0x22,0x65,0x6e,0x61,0x62,0x6c,
  0x65,0x64,0x22,0x5d,0x20,0x21,0x3d,0x3d,0x20,0x66,0x61,0x6c,0x73,0x65,0xa,0x20,
  0x20,0x20,0x20,0x63,0x6f,0x6c,0x6f,0x72,0x3a,0x20,0x53,0x74,0x79,0x6c,0x65,0x2e,
  0x63,0x6f,0x6c,0x6f,0x72,0x28,0x70,0x72,0x6f,0x70,0x73,0x5b,0x22,0x66,0x6f,0x72,
  0x65,0x67,0x72,0x6f,0x75,0x6e,0x64,0x22,0x5d,0x2c,0x20,0x22,0x23,0x31,0x38,0x31,
  0x38,0x31,0x62,0x22,0x29,0xa,0x20,0x20,0x20,0x20,0x69,0x6d,0x70,0x6c,0x69,0x63,
  0x69,0x74,0x57,0x69,0x64,0x74,0x68,0x3a,0x20,0x32,0x30,0x30,0xa,0x20,0x20,0x20,
  0x20,0x43,0x6f,0x6d,0x70,0x6f,0x6e,0x65,0x6e,0x74,0x2e,0x6f,0x6e,0x43,0x6f,0x6d,
  0x70,0x6c,0x65,0x74,0x65,0x64,0x3a,0x20,0x7b,0xa,0x20,0x20,0x20,0x20,0x20,0x20,
  0x20,0x20,0x69,0x66,0x20,0x28,0x70,0x72,0x6f,0x70,0x73,0x5b,0x22,0x61,0x75,0x74,
  0x6f,0x66,0x6f,0x63,0x75,0x73,0x22,0x5d,0x20,0x3d,0x3d,0x3d,0x20,0x74,0x72,0x75,
  0x65,0x29,0x20,0x66,0x6f,0x72,0x63,0x65,0x41,0x63,0x74,0x69,0x76,0x65,0x46,0x6f,
  0x63,0x75,0x73,0x28,0x29,0xa,0x20,0x20,0x20,0x20,0x20,0x20,0x20,0x20,0x73,0x79,
  0x6e,0x63,0x28,0x29,0xa,0x20,0x20,0x20,0x20,0x7d,0xa,0xa,0x20,0x20,0x20,0x20,
  0x70,0x72,0x6f,0x70,0x65,0x72,0x74,0x79,0x20,0x73,0x74,0x72,0x69,0x6e,0x67,0x20,
  0x77,0x69,0x72,0x65,0x54,0x65,0x78,0x74,0x3a,0x20,0x53,0x74,0x79,0x6c,0x65,0x2e,
  0x73,0x74,0x72,0x28,0x70,0x72,0x6f,0x70,0x73,0x2c,0x20,0x22,0x74,0x65,0x78,0x74,
  0x22,0x2c,0x20,0x22,0x22,0x29,0xa,0x20,0x20,0x20,0x20,0x70,0x72,0x6f,0x70,0x65,
  0x72,0x74,0x79,0x20,0x62,0x6f,0x6f,0x6c,0x20,0x75,0x70,0x64,0x61,0x74,0x69,0x6e,
  0x67,0x3a,0x20,0x66,0x61,0x6c,0x73,0x65,0xa,0x20,0x20,0x20,0x20,0x66,0x75,0x6e,
  0x63,0x74,0x69,0x6f,0x6e,0x20,0x73,0x79,0x6e,0x63,0x28,0x29,0x20,0x7b,0xa,0x20,
  0x20,0x20,0x20,0x20,0x20,0x20,0x20,0x69,0x66,0x20,0x28,0x74,0x65,0x78,0x74,0x20,
  0x21,0x3d,0x3d,0x20,0x77,0x69,0x72,0x65,0x54,0x65,0x78,0x74,0x29,0x20,0x7b,0xa,
  0x20,0x20,0x20,0x20,0x20,0x20,0x20,0x20,0x20,0x20,0x20,0x20,0x75,0x70,0x64,0x61,
  0x74,0x69,0x6e,0x67,0x20,0x3d,0x20,0x74,0x72,0x75,0x65,0xa,0x20,0x20,0x20,0x20,
  0x20,0x20,0x20,0x20,0x20,0x20,0x20,0x20,0x74,0x65,0x78,0x74,0x20,0x3d,0x20,0x77,
  0x69,0x72,0x65,0x54,0x65,0x78,0x74,0xa,0x20,0x20,0x20,0x20,0x20,0x20,0x20,0x20,
  0x20,0x20,0x20,0x20,0x75,0x70,0x64,0x61,0x74,0x69,0x6e,0x67,0x20,0x3d,0x20,0x66,
  0x61,0x6c,0x73,0x65,0xa,0x20,0x20,0x20,0x20,0x20,0x20,0x20,0x20,0x7d,0xa,0x20,
  0x20,0x20,0x20,0x7d,0xa,0x20,0x20,0x20,0x20,0x6f,0x6e,0x57,0x69,0x72,0x65,0x54,
  0x65,0x78,0x74,0x43,0x68,0x61,0x6e,0x67,0x65,0x64,0x3a,0x20,0x73,0x79,0x6e,0x63,
  0x28,0x29,0xa,0x20,0x20,0x20,0x20,0x6f,0x6e,0x54,0x65,0x78,0x74,0x43,0x68,0x61,
  0x6e,0x67,0x65,0x64,0x3a,0x20,0x69,0x66,0x20,0x28,0x21,0x75,0x70,0x64,0x61,0x74,
  0x69,0x6e,0x67,0x29,0x20,0x6e,0x6f,0x64,0x65,0x2e,0x74,0x65,0x78,0x74,0x43,0x68,
  0x61,0x6e,0x67,0x65,0x64,0x28,0x74,0x65,0x78,0x74,0x29,0xa,0x20,0x20,0x20,0x20,
  0x6f,0x6e,0x41,0x63,0x63,0x65,0x70,0x74,0x65,0x64,0x3a,0x20,0x6e,0x6f,0x64,0x65,
  0x2e,0x73,0x75,0x62,0x6d,0x69,0x74,0x28,0x29,0xa,0xa,0x20,0x20,0x20,0x20,0x62,
  0x61,0x63,0x6b,0x67,0x72,0x6f,0x75,0x6e,0x64,0x3a,0x20,0x52,0x65,0x63,0x74,0x61,
  0x6e,0x67,0x6c,0x65,0x20,0x7b,0xa,0x20,0x20,0x20,0x20,0x20,0x20,0x20,0x20,0x69,
  0x6d,0x70,0x6c,0x69,0x63,0x69,0x74,0x57,0x69,0x64,0x74,0x68,0x3a,0x20,0x32,0x30,
  0x30,0xa,0x20,0x20,0x20,0x20,0x20,0x20,0x20,0x20,0x69,0x6d,0x70,0x6c,0x69,0x63,
  0x69,0x74,0x48,0x65,0x69,0x67,0x68,0x74,0x3a,0x20,0x33,0x34,0xa,0x20,0x20,0x20,
  0x20,0x20,0x20,0x20,0x20,0x72,0x61,0x64,0x69,0x75,0x73,0x3a,0x20,0x36,0xa,0x20,
  0x20,0x20,0x20,0x20,0x20,0x20,0x20,0x63,0x6f,0x6c,0x6f,0x72,0x3a,0x20,0x66,0x69,
  0x65,0x6c,0x64,0x2e,0x65,0x6e,0x61,0x62,0x6c,0x65,0x64,0x20,0x3f,0x20,0x22,0x23,
  0x66,0x66,0x66,0x66,0x66,0x66,0x22,0x20,0x3a,0x20,0x22,0x23,0x66,0x34,0x66,0x34,
  0x66,0x35,0x22,0xa,0x20,0x20,0x20,0x20,0x20,0x20,0x20,0x20,0x62,0x6f,0x72,0x64,
  0x65,0x72,0x2e,0x63,0x6f,0x6c,0x6f,0x72,0x3a,0x20,0x66,0x69,0x65,0x6c,0x64,0x2e,
  0x61,0x63,0x74,0x69,0x76,0x65,0x46,0x6f,0x63,0x75,0x73,0x20,0x3f,0x20,0x22,0x23,
  0x30,0x30,0x37,0x61,0x66,0x66,0x22,0x20,0x3a,0x20,0x22,0x23,0x64,0x34,0x64,0x34,
  0x64,0x38,0x22,0xa,0x20,0x20,0x20,0x20,0x20,0x20,0x20,0x20,0x62,0x6f,0x72,0x64,
  0x65,0x72,0x2e,0x77,0x69,0x64,0x74,0x68,0x3a,0x20,0x31,0xa,0x20,0x20,0x20,0x20,
  0x7d,0xa,0x7d,0xa,
    // /home/ubuntu/repos/lui/platform/qt/qml/LuiList.qml
  0x0,0x0,0x2,0x33,
  0x69,
  0x6d,0x70,0x6f,0x72,0x74,0x20,0x51,0x74,0x51,0x75,0x69,0x63,0x6b,0xa,0x69,0x6d,
  0x70,0x6f,0x72,0x74,0x20,0x51,0x74,0x51,0x75,0x69,0x63,0x6b,0x2e,0x43,0x6f,0x6e,
  0x74,0x72,0x6f,0x6c,0x73,0xa,0x69,0x6d,0x70,0x6f,0x72,0x74,0x20,0x22,0x4c,0x75,
  0x69,0x53,0x74,0x79,0x6c,0x65,0x2e,0x6a,0x73,0x22,0x20,0x61,0x73,0x20,0x53,0x74,
  0x79,0x6c,0x65,0xa,0xa,0x2f,0x2f,0x20,0x57,0x69,0x72,0x65,0x20,0x6b,0x69,0x6e,
  0x64,0x3a,0x20,0x6c,0x69,0x73,0x74,0x20,0xe2,0x80,0x94,0x20,0x76,0x65,0x72,0x74,
  0x69,0x63,0x61,0x6c,0x20,0x6c,0x69,0x73,0x74,0x20,0x6f,0x66,0x20,0x63,0x68,0x69,
  0x6c,0x64,0x72,0x65,0x6e,0x20,0x28,0x6e,0x6f,0x6e,0x2d,0x76,0x69,0x72,0x74,0x75,
  0x61,0x6c,0x69,0x7a,0x65,0x64,0x29,0x2e,0xa,0x4c,0x69,0x73,0x74,0x56,0x69,0x65,
  0x77,0x20,0x7b,0xa,0x20,0x20,0x20,0x20,0x69,0x64,0x3a,0x20,0x6c,0x69,0x73,0x74,
  0xa,0x20,0x20,0x20,0x20,0x72,0x65,0x71,0x75,0x69,0x72,0x65,0x64,0x20,0x70,0x72,
  0x6f,0x70,0x65,0x72,0x74,0x79,0x20,0x76,0x61,0x72,0x20,0x6e,0x6f,0x64,0x65,0xa,
  0x20,0x20,0x20,0x20,0x72,0x65,0x61,0x64,0x6f,0x6e,0x6c,0x79,0x20,0x70,0x72,0x6f,
  0x70,0x65,0x72,0x74,0x79,0x20,0x76,0x61,0x72,0x20,0x70,0x72,0x6f,0x70,0x73,0x3a,
  0x20,0x6e,0x6f,0x64,0x65,0x20,0x3f,0x20,0x6e,0x6f,0x64,0x65,0x2e,0x70,0x72,0x6f,
  0x70,0x65,0x72,0x74,0x69,0x65,0x73,0x20,0x3a,0x20,0x28,0x7b,0x7d,0x29,0xa,0xa,
  0x20,0x20,0x20,0x20,0x6d,0x6f,0x64,0x65,0x6c,0x3a,0x20,0x6e,0x6f,0x64,0x65,0x20,
  0x3f,0x20,0x6e,0x6f,0x64,0x65,0x2e,0x63,0x68,0x69,0x6c,0x64,0x72,0x65,0x6e,0x20,
  0x3a,0x20,0x5b,0x5d,0xa,0x20,0x20,0x20,0x20,0x73,0x70,0x61,0x63,0x69,0x6e,0x67,
  0x3a,0x20,0x53,0x74,0x79,0x6c,0x65,0x2e,0x6e,0x75,0x6d,0x28,0x70,0x72,0x6f,0x70,
  0x73,0x2c,0x20,0x22,0x67,0x61,0x70,0x22,0x2c,0x20,0x30,0x29,0xa,0x20,0x20,0x20,
  0x20,0x63,0x6c,0x69,0x70,0x3a,0x20,0x74,0x72,0x75,0x65,0xa,0x20,0x20,0x20,0x20,
  0x69,0x6d,0x70,0x6c,0x69,0x63,0x69,0x74,0x57,0x69,0x64,0x74,0x68,0x3a,0x20,0x32,
  0x30,0x30,0xa,0x20,0x20,0x20,0x20,0x69,0x6d,0x70,0x6c,0x69,0x63,0x69,0x74,0x48,
  0x65,0x69,0x67,0x68,0x74,0x3a,0x20,0x31,0x32,0x30,0xa,0x20,0x20,0x20,0x20,0x69,
  0x6e,0x74,0x65,0x72,0x61,0x63,0x74,0x69,0x76,0x65,0x3a,0x20,0x63,0x6f,0x6e,0x74,
  0x65,0x6e,0x74,0x48,0x65,0x69,0x67,0x68,0x74,0x20,0x3e,0x20,0x68,0x65,0x69,0x67,
  0x68,0x74,0xa,0xa,0x20,0x20,0x20,0x20,0x64,0x65,0x6c,0x65,0x67,0x61,0x74,0x65,
  0x3a,0x20,0x4c,0x75,0x69,0x4e,0x6f,0x64,0x65,0x56,0x69,0x65,0x77,0x20,0x7b,0xa,
  0x20,0x20,0x20,0x20,0x20,0x20,0x20,0x20,0x72,0x65,0x71,0x75,0x69,0x72,0x65,0x64,
  0x20,0x70,0x72,0x6f,0x70,0x65,0x72,0x74,0x79,0x20,0x76,0x61,0x72,0x20,0x6d,0x6f,
  0x64,0x65,0x6c,0x44,0x61,0x74,0x61,0xa,0x20,0x20,0x20,0x20,0x20,0x20,0x20,0x20,
  0x6e,0x6f,0x64,0x65,0x3a,0x20,0x6d,0x6f,0x64,0x65,0x6c,0x44,0x61,0x74,0x61,0xa,
  0x20,0x20,0x20,0x20,0x20,0x20,0x20,0x20,0x77,0x69,0x64,0x74,0x68,0x3a,0x20,0x6c,
  0x69,0x73,0x74,0x2e,0x77,0x69,0x64,0x74,0x68,0xa,0x20,0x20,0x20,0x20,0x7d,0xa,
  0x7d,0xa,
    // /home/ubuntu/repos/lui/platform/qt/qml/LuiSpacer.qml
  0x0,0x0,0x1,0x85,
  0x69,
  0x6d,0x70,0x6f,0x72,0x74,0x20,0x51,0x74,0x51,0x75,0x69,0x63,0x6b,0xa,0x69,0x6d,
  0x70,0x6f,0x72,0x74,0x20,0x51,0x74,0x51,0x75,0x69,0x63,0x6b,0x2e,0x4c,0x61,0x79,
  0x6f,0x75,0x74,0x73,0xa,0x69,0x6d,0x70,0x6f,0x72,0x74,0x20,0x22,0x4c,0x75,0x69,
  0x53,0x74,0x79,0x6c,0x65,0x2e,0x6a,0x73,0x22,0x20,0x61,0x73,0x20,0x53,0x74,0x79,
  0x6c,0x65,0xa,0xa,0x2f,0x2f,0x20,0x57,0x69,0x72,0x65,0x20,0x6b,0x69,0x6e,0x64,
  0x3a,0x20,0x73,0x70,0x61,0x63,0x65,0x72,0x20,0xe2,0x80,0x94,0x20,0x66,0x6c,0x65,
  0x78,0x69,0x62,0x6c,0x65,0x20,0x65,0x6d,0x70,0x74,0x79,0x20,0x73,0x70,0x61,0x63,
  0x65,0x20,0x69,0x6e,0x73,0x69,0x64,0x65,0x20,0x61,0x20,0x6c,0x61,0x79,0x6f,0x75,
  0x74,0x2e,0xa,0x49,0x74,0x65,0x6d,0x20,0x7b,0xa,0x20,0x20,0x20,0x20,0x72,0x65,
  0x71,0x75,0x69,0x72,0x65,0x64,0x20,0x70,0x72,0x6f,0x70,0x65,0x72,0x74,0x79,0x20,
  0x76,0x61,0x72,0x20,0x6e,0x6f,0x64,0x65,0xa,0x20,0x20,0x20,0x20,0x72,0x65,0x61,
  0x64,0x6f,0x6e,0x6c,0x79,0x20,0x70,0x72,0x6f,0x70,0x65,0x72,0x74,0x79,0x20,0x76,
  0x61,0x72,0x20,0x70,0x72,0x6f,0x70,0x73,0x3a,0x20,0x6e,0x6f,0x64,0x65,0x20,0x3f,
  0x20,0x6e,0x6f,0x64,0x65,0x2e,0x70,0x72,0x6f,0x70,0x65,0x72,0x74,0x69,0x65,0x73,
  0x20,0x3a,0x20,0x28,0x7b,0x7d,0x29,0xa,0xa,0x20,0x20,0x20,0x20,0x4c,0x61,0x79,
  0x6f,0x75,0x74,0x2e,0x66,0x69,0x6c,0x6c,0x57,0x69,0x64,0x74,0x68,0x3a,0x20,0x74,
  0x72,0x75,0x65,0xa,0x20,0x20,0x20,0x20,0x4c,0x61,0x79,0x6f,0x75,0x74,0x2e,0x66,
  0x69,0x6c,0x6c,0x48,0x65,0x69,0x67,0x68,0x74,0x3a,0x20,0x74,0x72,0x75,0x65,0xa,
  0x20,0x20,0x20,0x20,0x69,0x6d,0x70,0x6c,0x69,0x63,0x69,0x74,0x57,0x69,0x64,0x74,
  0x68,0x3a,0x20,0x53,0x74,0x79,0x6c,0x65,0x2e,0x6e,0x75,0x6d,0x28,0x70,0x72,0x6f,
  0x70,0x73,0x2c,0x20,0x22,0x77,0x69,0x64,0x74,0x68,0x22,0x2c,0x20,0x38,0x29,0xa,
  0x20,0x20,0x20,0x20,0x69,0x6d,0x70,0x6c,0x69,0x63,0x69,0x74,0x48,0x65,0x69,0x67,
  0x68,0x74,0x3a,0x20,0x53,0x74,0x79,0x6c,0x65,0x2e,0x6e,0x75,0x6d,0x28,0x70,0x72,
  0x6f,0x70,0x73,0x2c,0x20,0x22,0x68,0x65,0x69,0x67,0x68,0x74,0x22,0x2c,0x20,0x38,
  0x29,0xa,0x7d,0xa,
    // /home/ubuntu/repos/lui/platform/qt/qml/LuiBottomTab.qml
  0x0,0x0,0x1,0xd5,
  0x69,
  0x6d,0x70,0x6f,0x72,0x74,0x20,0x51,0x74,0x51,0x75,0x69,0x63,0x6b,0xa,0x69,0x6d,
  0x70,0x6f,0x72,0x74,0x20,0x22,0x4c,0x75,0x69,0x53,0x74,0x79,0x6c,0x65,0x2e,0x6a,
  0x73,0x22,0x20,0x61,0x73,0x20,0x53,0x74,0x79,0x6c,0x65,0xa,0xa,0x2f,0x2f,0x20,
  0x57,0x69,0x72,0x65,0x20,0x6b,0x69,0x6e,0x64,0x3a,0x20,0x62,0x6f,0x74,0x74,0x6f,
  0x6d,0x2d,0x74,0x61,0x62,0x20,0xe2,0x80,0x94,0x20,0x6f,0x6e,0x65,0x20,0x64,0x65,
  0x73,0x74,0x69,0x6e,0x61,0x74,0x69,0x6f,0x6e,0x20,0x70,0x61,0x67,0x65,0x20,0x69,
  0x6e,0x73,0x69,0x64,0x65,0x20,0x62,0x6f,0x74,0x74,0x6f,0x6d,0x2d,0x74,0x61,0x62,
  0x73,0x3b,0x20,0x69,0x74,0x73,0xa,0x2f,0x2f,0x20,0x63,0x68,0x69,0x6c,0x64,0x72,
  0x65,0x6e,0x20,0x73,0x74,0x61,0x63,0x6b,0x20,0x74,0x6f,0x20,0x66,0x69,0x6c,0x6c,
  0x20,0x74,0x68,0x65,0x20,0x62,0x6f,0x64,0x79,0x2e,0xa,0x49,0x74,0x65,0x6d,0x20,
  0x7b,0xa,0x20,0x20,0x20,0x20,0x72,0x65,0x71,0x75,0x69,0x72,0x65,0x64,0x20,0x70,
  0x72,0x6f,0x70,0x65,0x72,0x74,0x79,0x20,0x76,0x61,0x72,0x20,0x6e,0x6f,0x64,0x65,
  0xa,0x20,0x20,0x20,0x20,0x72,0x65,0x61,0x64,0x6f,0x6e,0x6c,0x79,0x20,0x70,0x72,
  0x6f,0x70,0x65,0x72,0x74,0x79,0x20,0x76,0x61,0x72,0x20,0x70,0x72,0x6f,0x70,0x73,
  0x3a,0x20,0x6e,0x6f,0x64,0x65,0x20,0x3f,0x20,0x6e,0x6f,0x64,0x65,0x2e,0x70,0x72,
  0x6f,0x70,0x65,0x72,0x74,0x69,0x65,0x73,0x20,0x3a,0x20,0x28,0x7b,0x7d,0x29,0xa,
  0xa,0x20,0x20,0x20,0x20,0x52,0x65,0x70,0x65,0x61,0x74,0x65,0x72,0x20,0x7b,0xa,
  0x20,0x20,0x20,0x20,0x20,0x20,0x20,0x20,0x6d,0x6f,0x64,0x65,0x6c,0x3a,0x20,0x6e,
  0x6f,0x64,0x65,0x20,0x3f,0x20,0x6e,0x6f,0x64,0x65,0x2e,0x63,0x68,0x69,0x6c,0x64,
  0x72,0x65,0x6e,0x20,0x3a,0x20,0x5b,0x5d,0xa,0x20,0x20,0x20,0x20,0x20,0x20,0x20,
  0x20,0x64,0x65,0x6c,0x65,0x67,0x61,0x74,0x65,0x3a,0x20,0x4c,0x75,0x69,0x4e,0x6f,
  0x64,0x65,0x56,0x69,0x65,0x77,0x20,0x7b,0xa,0x20,0x20,0x20,0x20,0x20,0x20,0x20,
  0x20,0x20,0x20,0x20,0x20,0x72,0x65,0x71,0x75,0x69,0x72,0x65,0x64,0x20,0x70,0x72,
  0x6f,0x70,0x65,0x72,0x74,0x79,0x20,0x76,0x61,0x72,0x20,0x6d,0x6f,0x64,0x65,0x6c,
  0x44,0x61,0x74,0x61,0xa,0x20,0x20,0x20,0x20,0x20,0x20,0x20,0x20,0x20,0x20,0x20,
  0x20,0x6e,0x6f,0x64,0x65,0x3a,0x20,0x6d,0x6f,0x64,0x65,0x6c,0x44,0x61,0x74,0x61,
  0xa,0x20,0x20,0x20,0x20,0x20,0x20,0x20,0x20,0x20,0x20,0x20,0x20,0x61,0x6e,0x63,
  0x68,0x6f,0x72,0x73,0x2e,0x66,0x69,0x6c,0x6c,0x3a,0x20,0x70,0x61,0x72,0x65,0x6e,
  0x74,0xa,0x20,0x20,0x20,0x20,0x20,0x20,0x20,0x20,0x7d,0xa,0x20,0x20,0x20,0x20,
  0x7d,0xa,0x7d,0xa,
    // /home/ubuntu/repos/lui/platform/qt/qml/LuiSplit.qml
  0x0,0x0,0x7,0xe6,
  0x69,
  0x6d,0x70,0x6f,0x72,0x74,0x20,0x51,0x74,0x51,0x75,0x69,0x63,0x6b,0xa,0x69,0x6d,
  0x70,0x6f,0x72,0x74,0x20,0x51,0x74,0x51,0x75,0x69,0x63,0x6b,0x2e,0x4c,0x61,0x79,
  0x6f,0x75,0x74,0x73,0xa,0x69,0x6d,0x70,0x6f,0x72,0x74,0x20,0x22,0x4c,0x75,0x69,
  0x53,0x74,0x79,0x6c,0x65,0x2e,0x6a,0x73,0x22,0x20,0x61,0x73,0x20,0x53,0x74,0x79,
  0x6c,0x65,0xa,0xa,0x2f,0x2f,0x20,0x57,0x69,0x72,0x65,0x20,0x6b,0x69,0x6e,0x64,
  0x3a,0x20,0x73,0x70,0x6c,0x69,0x74,0x20,0xe2,0x80,0x94,0x20,0x74,0x77,0x6f,0x20,
  0x70,0x61,0x6e,0x65,0x73,0x20,0x64,0x69,0x76,0x69,0x64,0x65,0x64,0x20,0x62,0x79,
  0x20,0x61,0x20,0x64,0x72,0x61,0x67,0x67,0x61,0x62,0x6c,0x65,0x20,0x68,0x61,0x6e,
  0x64,0x6c,0x65,0x3b,0x20,0x74,0x68,0x65,0x20,0x73,0x70,0x6c,0x69,0x74,0xa,0x2f,
  0x2f,0x20,0x66,0x72,0x61,0x63,0x74,0x69,0x6f,0x6e,0x20,0x69,0x73,0x20,0x6f,0x77,
  0x6e,0x65,0x64,0x20,0x62,0x79,0x20,0x74,0x68,0x65,0x20,0x77,0x69,0x72,0x65,0x20,
  0x28,0x22,0x76,0x61,0x6c,0x75,0x65,0x22,0x29,0x2c,0x20,0x64,0x72,0x61,0x67,0x73,
  0x20,0x65,0x6d,0x69,0x74,0x20,0x76,0x61,0x6c,0x75,0x65,0x2d,0x63,0x68,0x61,0x6e,
  0x67,0x65,0x64,0x2e,0xa,0x49,0x74,0x65,0x6d,0x20,0x7b,0xa,0x20,0x20,0x20,0x20,
  0x69,0x64,0x3a,0x20,0x73,0x70,0x6c,0x69,0x74,0xa,0x20,0x20,0x20,0x20,0x72,0x65,
  0x71,0x75,0x69,0x72,0x65,0x64,0x20,0x70,0x72,0x6f,0x70,0x65,0x72,0x74,0x79,0x20,
  0x76,0x61,0x72,0x20,0x6e,0x6f,0x64,0x65,0xa,0x20,0x20,0x20,0x20,0x72,0x65,0x61,
  0x64,0x6f,0x6e,0x6c,0x79,0x20,0x70,0x72,0x6f,0x70,0x65,0x72,0x74,0x79,0x20,0x76,
  0x61,0x72,0x20,0x70,0x72,0x6f,0x70,0x73,0x3a,0x20,0x6e,0x6f,0x64,0x65,0x20,0x3f,
  0x20,0x6e,0x6f,0x64,0x65,0x2e,0x70,0x72,0x6f,0x70,0x65,0x72,0x74,0x69,0x65,0x73,
  0x20,0x3a,0x20,0x28,0x7b,0x7d,0x29,0xa,0xa,0x20,0x20,0x20,0x20,0x72,0x65,0x61,
  0x64,0x6f,0x6e,0x6c,0x79,0x20,0x70,0x72,0x6f,0x70,0x65,0x72,0x74,0x79,0x20,0x72,
  0x65,0x61,0x6c,0x20,0x66,0x72,0x61,0x63,0x74,0x69,0x6f,0x6e,0x3a,0xa,0x20,0x20,
  0x20,0x20,0x20,0x20,0x20,0x20,0x4d,0x61,0x74,0x68,0x2e,0x6d,0x69,0x6e,0x28,0x31,
  0x2c,0x20,0x4d,0x61,0x74,0x68,0x2e,0x6d,0x61,0x78,0x28,0x30,0x2c,0x20,0x53,0x74,
  0x79,0x6c,0x65,0x2e,0x6e,0x75,0x6d,0x28,0x70,0x72,0x6f,0x70,0x73,0x2c,0x20,0x22,
  0x76,0x61,0x6c,0x75,0x65,0x22,0x2c,0x20,0x30,0x2e,0x35,0x29,0x29,0x29,0xa,0x20,
  0x20,0x20,0x20,0x72,0x65,0x61,0x64,0x6f,0x6e,0x6c,0x79,0x20,0x70,0x72,0x6f,0x70,
  0x65,0x72,0x74,0x79,0x20,0x72,0x65,0x61,0x6c,0x20,0x68,0x61,0x6e,0x64,0x6c,0x65,
  0x57,0x69,0x64,0x74,0x68,0x3a,0x20,0x38,0xa,0x20,0x20,0x20,0x20,0x72,0x65,0x61,
  0x64,0x6f,0x6e,0x6c,0x79,0x20,0x70,0x72,0x6f,0x70,0x65,0x72,0x74,0x79,0x20,0x76,
  0x61,0x72,0x20,0x66,0x69,0x72,0x73,0x74,0x3a,0x20,0x6e,0x6f,0x64,0x65,0x20,0x26,
  0x26,0x20,0x6e,0x6f,0x64,0x65,0x2e,0x63,0x68,0x69,0x6c,0x64,0x72,0x65,0x6e,0x2e,
  0x6c,0x65,0x6e,0x67,0x74,0x68,0x20,0x3e,0x20,0x30,0xa,0x20,0x20,0x20,0x20,0x20,
  0x20,0x20,0x20,0x20,0x20,0x20,0x20,0x20,0x20,0x20,0x20,0x20,0x20,0x20,0x20,0x20,
  0x20,0x20,0x20,0x20,0x20,0x20,0x20,0x20,0x20,0x20,0x20,0x20,0x3f,0x20,0x6e,0x6f,
  0x64,0x65,0x2e,0x63,0x68,0x69,0x6c,0x64,0x72,0x65,0x6e,0x5b,0x30,0x5d,0x20,0x3a,
  0x20,0x6e,0x75,0x6c,0x6c,0xa,0x20,0x20,0x20,0x20,0x72,0x65,0x61,0x64,0x6f,0x6e,
  0x6c,0x79,0x20,0x70,0x72,0x6f,0x70,0x65,0x72,0x74,0x79,0x20,0x76,0x61,0x72,0x20,
  0x73,0x65,0x63,0x6f,0x6e,0x64,0x3a,0x20,0x6e,0x6f,0x64,0x65,0x20,0x26,0x26,0x20,
  0x6e,0x6f,0x64,0x65,0x2e,0x63,0x68,0x69,0x6c,0x64,0x72,0x65,0x6e,0x2e,0x6c,0x65,
  0x6e,0x67,0x74,0x68,0x20,0x3e,0x20,0x31,0xa,0x20,0x20,0x20,0x20,0x20,0x20,0x20,
  0x20,0x20,0x20,0x20,0x20,0x20,0x20,0x20,0x20,0x20,0x20,0x20,0x20,0x20,0x20,0x20,
  0x20,0x20,0x20,0x20,0x20,0x20,0x20,0x20,0x20,0x20,0x20,0x3f,0x20,0x6e,0x6f,0x64,
  0x65,0x2e,0x63,0x68,0x69,0x6c,0x64,0x72,0x65,0x6e,0x5b,0x31,0x5d,0x20,0x3a,0x20,
  0x6e,0x75,0x6c,0x6c,0xa,0xa,0x20,0x20,0x20,0x20,0x4c,0x75,0x69,0x4e,0x6f,0x64,
  0x65,0x56,0x69,0x65,0x77,0x20,0x7b,0xa,0x20,0x20,0x20,0x20,0x20,0x20,0x20,0x20,
  0x6e,0x6f,0x64,0x65,0x3a,0x20,0x73,0x70,0x6c,0x69,0x74,0x2e,0x66,0x69,0x72,0x73,
  0x74,0xa,0x20,0x20,0x20,0x20,0x20,0x20,0x20,0x20,0x78,0x3a,0x20,0x30,0xa,0x20,
  0x20,0x20,0x20,0x20,0x20,0x20,0x20,0x79,0x3a,0x20,0x30,0xa,0x20,0x20,0x20,0x20,
  0x20,0x20,0x20,0x20,0x77,0x69,0x64,0x74,0x68,0x3a,0x20,0x4d,0x61,0x74,0x68,0x2e,
  0x6d,0x61,0x78,0x28,0x30,0x2c,0x20,0x28,0x73,0x70,0x6c,0x69,0x74,0x2e,0x77,0x69,
  0x64,0x74,0x68,0x20,0x2d,0x20,0x73,0x70,0x6c,0x69,0x74,0x2e,0x68,0x61,0x6e,0x64,
  0x6c,0x65,0x57,0x69,0x64,0x74,0x68,0x29,0x20,0x2a,0x20,0x73,0x70,0x6c,0x69,0x74,
  0x2e,0x66,0x72,0x61,0x63,0x74,0x69,0x6f,0x6e,0x29,0xa,0x20,0x20,0x20,0x20,0x20,
  0x20,0x20,0x20,0x68,0x65,0x69,0x67,0x68,0x74,0x3a,0x20,0x73,0x70,0x6c,0x69,0x74,
  0x2e,0x68,0x65,0x69,0x67,0x68,0x74,0xa,0x20,0x20,0x20,0x20,0x20,0x20,0x20,0x20,
  0x63,0x6c,0x69,0x70,0x3a,0x20,0x74,0x72,0x75,0x65,0xa,0x20,0x20,0x20,0x20,0x7d,
  0xa,0xa,0x20,0x20,0x20,0x20,0x52,0x65,0x63,0x74,0x61,0x6e,0x67,0x6c,0x65,0x20,
  0x7b,0xa,0x20,0x20,0x20,0x20,0x20,0x20,0x20,0x20,0x69,0x64,0x3a,0x20,0x68,0x61,
  0x6e,0x64,0x6c,0x65,0xa,0x20,0x20,0x20,0x20,0x20,0x20,0x20,0x20,0x78,0x3a,0x20,
  0x28,0x73,0x70,0x6c,0x69,0x74,0x2e,0x77,0x69,0x64,0x74,0x68,0x20,0x2d,0x20,0x73,
  0x70,0x6c,0x69,0x74,0x2e,0x68,0x61,0x6e,0x64,0x6c,0x65,0x57,0x69,0x64,0x74,0x68,
  0x29,0x20,0x2a,0x20,0x73,0x70,0x6c,0x69,0x74,0x2e,0x66,0x72,0x61,0x63,0x74,0x69,
  0x6f,0x6e,0xa,0x20,0x20,0x20,0x20,0x20,0x20,0x20,0x20,0x77,0x69,0x64,0x74,0x68,
  0x3a,0x20,0x73,0x70,0x6c,0x69,0x74,0x2e,0x68,0x61,0x6e,0x64,0x6c,0x65,0x57,0x69,
  0x64,0x74,0x68,0xa,0x20,0x20,0x20,0x20,0x20,0x20,0x20,0x20,0x68,0x65,0x69,0x67,
  0x68,0x74,0x3a,0x20,0x73,0x70,0x6c,0x69,0x74,0x2e,0x68,0x65,0x69,0x67,0x68,0x74,
  0xa,0x20,0x20,0x20,0x20,0x20,0x20,0x20,0x20,0x63,0x6f,0x6c,0x6f,0x72,0x3a,0x20,
  0x68,0x61,0x6e,0x64,0x6c,0x65,0x4d,0x6f,0x75,0x73,0x65,0x2e,0x63,0x6f,0x6e,0x74,
  0x61,0x69,0x6e,0x73,0x4d,0x6f,0x75,0x73,0x65,0x20,0x7c,0x7c,0x20,0x68,0x61,0x6e,
  0x64,0x6c,0x65,0x4d,0x6f,0x75,0x73,0x65,0x2e,0x70,0x72,0x65,0x73,0x73,0x65,0x64,
  0xa,0x20,0x20,0x20,0x20,0x20,0x20,0x20,0x20,0x20,0x20,0x20,0x20,0x20,0x20,0x20,
  0x3f,0x20,0x22,0x23,0x64,0x34,0x64,0x34,0x64,0x38,0x22,0x20,0x3a,0x20,0x22,0x74,
  0x72,0x61,0x6e,0x73,0x70,0x61,0x72,0x65,0x6e,0x74,0x22,0xa,0xa,0x20,0x20,0x20,
  0x20,0x20,0x20,0x20,0x20,0x52,0x65,0x63,0x74,0x61,0x6e,0x67,0x6c,0x65,0x20,0x7b,
  0xa,0x20,0x20,0x20,0x20,0x20,0x20,0x20,0x20,0x20,0x20,0x20,0x20,0x61,0x6e,0x63,
  0x68,0x6f,0x72,0x73,0x2e,0x63,0x65,0x6e,0x74,0x65,0x72,0x49,0x6e,0x3a,0x20,0x70,
  0x61,0x72,0x65,0x6e,0x74,0xa,0x20,0x20,0x20,0x20,0x20,0x20,0x20,0x20,0x20,0x20,
  0x20,0x20,0x77,0x69,0x64,0x74,0x68,0x3a,0x20,0x31,0xa,0x20,0x20,0x20,0x20,0x20,
  0x20,0x20,0x20,0x20,0x20,0x20,0x20,0x68,0x65,0x69,0x67,0x68,0x74,0x3a,0x20,0x70,
  0x61,0x72,0x65,0x6e,0x74,0x2e,0x68,0x65,0x69,0x67,0x68,0x74,0xa,0x20,0x20,0x20,
  0x20,0x20,0x20,0x20,0x20,0x20,0x20,0x20,0x20,0x63,0x6f,0x6c,0x6f,0x72,0x3a,0x20,
  0x22,0x23,0x65,0x34,0x65,0x34,0x65,0x37,0x22,0xa,0x20,0x20,0x20,0x20,0x20,0x20,
  0x20,0x20,0x7d,0xa,0xa,0x20,0x20,0x20,0x20,0x20,0x20,0x20,0x20,0x4d,0x6f,0x75,
  0x73,0x65,0x41,0x72,0x65,0x61,0x20,0x7b,0xa,0x20,0x20,0x20,0x20,0x20,0x20,0x20,
  0x20,0x20,0x20,0x20,0x20,0x69,0x64,0x3a,0x20,0x68,0x61,0x6e,0x64,0x6c,0x65,0x4d,
  0x6f,0x75,0x73,0x65,0xa,0x20,0x20,0x20,0x20,0x20,0x20,0x20,0x20,0x20,0x20,0x20,
  0x20,0x61,0x6e,0x63,0x68,0x6f,0x72,0x73,0x2e,0x66,0x69,0x6c,0x6c,0x3a,0x20,0x70,
  0x61,0x72,0x65,0x6e,0x74,0xa,0x20,0x20,0x20,0x20,0x20,0x20,0x20,0x20,0x20,0x20,
  0x20,0x20,0x68,0x6f,0x76,0x65,0x72,0x45,0x6e,0x61,0x62,0x6c,0x65,0x64,0x3a,0x20,
  0x74,0x72,0x75,0x65,0xa,0x20,0x20,0x20,0x20,0x20,0x20,0x20,0x20,0x20,0x20,0x20,
  0x20,0x63,0x75,0x72,0x73,0x6f,0x72,0x53,0x68,0x61,0x70,0x65,0x3a,0x20,0x51,0x74,
  0x2e,0x53,0x70,0x6c,0x69,0x74,0x48,0x43,0x75,0x72,0x73,0x6f,0x72,0xa,0x20,0x20,
  0x20,0x20,0x20,0x20,0x20,0x20,0x20,0x20,0x20,0x20,0x6f,0x6e,0x50,0x6f,0x73,0x69,
  0x74,0x69,0x6f,0x6e,0x43,0x68,0x61,0x6e,0x67,0x65,0x64,0x3a,0x20,0x66,0x75,0x6e,
  0x63,0x74,0x69,0x6f,0x6e,0x28,0x6d,0x6f,0x75,0x73,0x65,0x29,0x20,0x7b,0xa,0x20,
  0x20,0x20,0x20,0x20,0x20,0x20,0x20,0x20,0x20,0x20,0x20,0x20,0x20,0x20,0x20,0x69,
  0x66,0x20,0x28,0x21,0x70,0x72,0x65,0x73,0x73,0x65,0x64,0x20,0x7c,0x7c,0x20,0x21,
  0x73,0x70,0x6c,0x69,0x74,0x2e,0x6e,0x6f,0x64,0x65,0x29,0x20,0x72,0x65,0x74,0x75,
  0x72,0x6e,0xa,0x20,0x20,0x20,0x20,0x20,0x20,0x20,0x20,0x20,0x20,0x20,0x20,0x20,
  0x20,0x20,0x20,0x76,0x61,0x72,0x20,0x67,0x78,0x20,0x3d,0x20,0x6d,0x61,0x70,0x54,
  0x6f,0x49,0x74,0x65,0x6d,0x28,0x73,0x70,0x6c,0x69,0x74,0x2c,0x20,0x6d,0x6f,0x75,
  0x73,0x65,0x2e,0x78,0x2c,0x20,0x30,0x29,0x2e,0x78,0xa,0x20,0x20,0x20,0x20,0x20,
  0x20,0x20,0x20,0x20,0x20,0x20,0x20,0x20,0x20,0x20,0x20,0x76,0x61,0x72,0x20,0x66,
  0x20,0x3d,0x20,0x67,0x78,0x20,0x2f,0x20,0x4d,0x61,0x74,0x68,0x2e,0x6d,0x61,0x78,
  0x28,0x31,0x2c,0x20,0x73,0x70,0x6c,0x69,0x74,0x2e,0x77,0x69,0x64,0x74,0x68,0x20,
  0x2d,0x20,0x68,0x61,0x6e,0x64,0x6c,0x65,0x2e,0x77,0x69,0x64,0x74,0x68,0x29,0xa,
  0x20,0x20,0x20,0x20,0x20,0x20,0x20,0x20,0x20,0x20,0x20,0x20,0x20,0x20,0x20,0x20,
  0x73,0x70,0x6c,0x69,0x74,0x2e,0x6e,0x6f,0x64,0x65,0x2e,0x76,0x61,0x6c,0x75,0x65,
  0x43,0x68,0x61,0x6e,0x67,0x65,0x64,0x28,0x4d,0x61,0x74,0x68,0x2e,0x6d,0x69,0x6e,
  0x28,0x31,0x2c,0x20,0x4d,0x61,0x74,0x68,0x2e,0x6d,0x61,0x78,0x28,0x30,0x2c,0x20,
  0x66,0x29,0x29,0x29,0xa,0x20,0x20,0x20,0x20,0x20,0x20,0x20,0x20,0x20,0x20,0x20,
  0x20,0x7d,0xa,0x20,0x20,0x20,0x20,0x20,0x20,0x20,0x20,0x7d,0xa,0x20,0x20,0x20,
  0x20,0x7d,0xa,0xa,0x20,0x20,0x20,0x20,0x4c,0x75,0x69,0x4e,0x6f,0x64,0x65,0x56,
  0x69,0x65,0x77,0x20,0x7b,0xa,0x20,0x20,0x20,0x20,0x20,0x20,0x20,0x20,0x6e,0x6f,
  0x64,0x65,0x3a,0x20,0x73,0x70,0x6c,0x69,0x74,0x2e,0x73,0x65,0x63,0x6f,0x6e,0x64,
  0xa,0x20,0x20,0x20,0x20,0x20,0x20,0x20,0x20,0x78,0x3a,0x20,0x68,0x61,0x6e,0x64,
  0x6c,0x65,0x2e,0x78,0x20,0x2b,0x20,0x68,0x61,0x6e,0x64,0x6c,0x65,0x2e,0x77,0x69,
  0x64,0x74,0x68,0xa,0x20,0x20,0x20,0x20,0x20,0x20,0x20,0x20,0x79,0x3a,0x20,0x30,
  0xa,0x20,0x20,0x20,0x20,0x20,0x20,0x20,0x20,0x77,0x69,0x64,0x74,0x68,0x3a,0x20,
  0x4d,0x61,0x74,0x68,0x2e,0x6d,0x61,0x78,0x28,0x30,0x2c,0x20,0x73,0x70,0x6c,0x69,
  0x74,0x2e,0x77,0x69,0x64,0x74,0x68,0x20,0x2d,0x20,0x78,0x29,0xa,0x20,0x20,0x20,
  0x20,0x20,0x20,0x20,0x20,0x68,0x65,0x69,0x67,0x68,0x74,0x3a,0x20,0x73,0x70,0x6c,
  0x69,0x74,0x2e,0x68,0x65,0x69,0x67,0x68,0x74,0xa,0x20,0x20,0x20,0x20,0x20,0x20,
  0x20,0x20,0x63,0x6c,0x69,0x70,0x3a,0x20,0x74,0x72,0x75,0x65,0xa,0x20,0x20,0x20,
  0x20,0x7d,0xa,0x7d,0xa,
    // /home/ubuntu/repos/lui/platform/qt/qml/LuiProgress.qml
  0x0,0x0,0x1,0x44,
  0x69,
  0x6d,0x70,0x6f,0x72,0x74,0x20,0x51,0x74,0x51,0x75,0x69,0x63,0x6b,0xa,0x69,0x6d,
  0x70,0x6f,0x72,0x74,0x20,0x51,0x74,0x51,0x75,0x69,0x63,0x6b,0x2e,0x43,0x6f,0x6e,
  0x74,0x72,0x6f,0x6c,0x73,0xa,0x69,0x6d,0x70,0x6f,0x72,0x74,0x20,0x22,0x4c,0x75,
  0x69,0x53,0x74,0x79,0x6c,0x65,0x2e,0x6a,0x73,0x22,0x20,0x61,0x73,0x20,0x53,0x74,
  0x79,0x6c,0x65,0xa,0xa,0x2f,0x2f,0x20,0x57,0x69,0x72,0x65,0x20,0x6b,0x69,0x6e,
  0x64,0x3a,0x20,0x70,0x72,0x6f,0x67,0x72,0x65,0x73,0x73,0x20,0xe2,0x80,0x94,0x20,
  0x30,0x2e,0x2e,0x31,0x20,0x70,0x72,0x6f,0x67,0x72,0x65,0x73,0x73,0x20,0x62,0x61,
  0x72,0x2e,0xa,0x50,0x72,0x6f,0x67,0x72,0x65,0x73,0x73,0x42,0x61,0x72,0x20,0x7b,
  0xa,0x20,0x20,0x20,0x20,0x69,0x64,0x3a,0x20,0x62,0x61,0x72,0xa,0x20,0x20,0x20,
  0x20,0x72,0x65,0x71,0x75,0x69,0x72,0x65,0x64,0x20,0x70,0x72,0x6f,0x70,0x65,0x72,
  0x74,0x79,0x20,0x76,0x61,0x72,0x20,0x6e,0x6f,0x64,0x65,0xa,0x20,0x20,0x20,0x20,
  0x72,0x65,0x61,0x64,0x6f,0x6e,0x6c,0x79,0x20,0x70,0x72,0x6f,0x70,0x65,0x72,0x74,
  0x79,0x20,0x76,0x61,0x72,0x20,0x70,0x72,0x6f,0x70,0x73,0x3a,0x20,0x6e,0x6f,0x64,
  0x65,0x20,0x3f,0x20,0x6e,0x6f,0x64,0x65,0x2e,0x70,0x72,0x6f,0x70,0x65,0x72,0x74,
  0x69,0x65,0x73,0x20,0x3a,0x20,0x28,0x7b,0x7d,0x29,0xa,0xa,0x20,0x20,0x20,0x20,
  0x66,0x72,0x6f,0x6d,0x3a,0x20,0x30,0xa,0x20,0x20,0x20,0x20,0x74,0x6f,0x3a,0x20,
  0x31,0xa,0x20,0x20,0x20,0x20,0x76,0x61,0x6c,0x75,0x65,0x3a,0x20,0x53,0x74,0x79,
  0x6c,0x65,0x2e,0x6e,0x75,0x6d,0x28,0x70,0x72,0x6f,0x70,0x73,0x2c,0x20,0x22,0x76,
  0x61,0x6c,0x75,0x65,0x22,0x2c,0x20,0x30,0x29,0xa,0x20,0x20,0x20,0x20,0x69,0x6d,
  0x70,0x6c,0x69,0x63,0x69,0x74,0x57,0x69,0x64,0x74,0x68,0x3a,0x20,0x31,0x36,0x30,
  0xa,0x7d,0xa,
    // /home/ubuntu/repos/lui/platform/qt/qml/LuiCheckbox.qml
  0x0,0x0,0x4,0xf2,
  0x69,
  0x6d,0x70,0x6f,0x72,0x74,0x20,0x51,0x74,0x51,0x75,0x69,0x63,0x6b,0xa,0x69,0x6d,
  0x70,0x6f,0x72,0x74,0x20,0x51,0x74,0x51,0x75,0x69,0x63,0x6b,0x2e,0x43,0x6f,0x6e,
  0x74,0x72,0x6f,0x6c,0x73,0xa,0x69,0x6d,0x70,0x6f,0x72,0x74,0x20,0x22,0x4c,0x75,
  0x69,0x53,0x74,0x79,0x6c,0x65,0x2e,0x6a,0x73,0x22,0x20,0x61,0x73,0x20,0x53,0x74,
  0x79,0x6c,0x65,0xa,0xa,0x2f,0x2f,0x20,0x57,0x69,0x72,0x65,0x20,0x6b,0x69,0x6e,
  0x64,0x3a,0x20,0x63,0x68,0x65,0x63,0x6b,0x62,0x6f,0x78,0x20,0xe2,0x80,0x94,0x20,
  0x63,0x68,0x65,0x63,0x6b,0x65,0x64,0x20,0x66,0x6c,0x61,0x67,0x20,0x74,0x6f,0x67,
  0x67,0x6c,0x65,0x64,0x20,0x76,0x69,0x61,0x20,0x74,0x6f,0x67,0x67,0x6c,0x65,0x2d,
  0x63,0x68,0x61,0x6e,0x67,0x65,0x64,0x2e,0xa,0x43,0x68,0x65,0x63,0x6b,0x42,0x6f,
  0x78,0x20,0x7b,0xa,0x20,0x20,0x20,0x20,0x69,0x64,0x3a,0x20,0x63,0x68,0x65,0x63,
  0x6b,0x62,0x6f,0x78,0xa,0x20,0x20,0x20,0x20,0x72,0x65,0x71,0x75,0x69,0x72,0x65,
  0x64,0x20,0x70,0x72,0x6f,0x70,0x65,0x72,0x74,0x79,0x20,0x76,0x61,0x72,0x20,0x6e,
  0x6f,0x64,0x65,0xa,0x20,0x20,0x20,0x20,0x72,0x65,0x61,0x64,0x6f,0x6e,0x6c,0x79,
  0x20,0x70,0x72,0x6f,0x70,0x65,0x72,0x74,0x79,0x20,0x76,0x61,0x72,0x20,0x70,0x72,
  0x6f,0x70,0x73,0x3a,0x20,0x6e,0x6f,0x64,0x65,0x20,0x3f,0x20,0x6e,0x6f,0x64,0x65,
  0x2e,0x70,0x72,0x6f,0x70,0x65,0x72,0x74,0x69,0x65,0x73,0x20,0x3a,0x20,0x28,0x7b,
  0x7d,0x29,0xa,0xa,0x20,0x20,0x20,0x20,0x74,0x65,0x78,0x74,0x3a,0x20,0x53,0x74,
  0x79,0x6c,0x65,0x2e,0x73,0x74,0x72,0x28,0x70,0x72,0x6f,0x70,0x73,0x2c,0x20,0x22,
  0x74,0x65,0x78,0x74,0x22,0x2c,0x20,0x22,0x22,0x29,0xa,0x20,0x20,0x20,0x20,0x63,
  0x68,0x65,0x63,0x6b,0x65,0x64,0x3a,0x20,0x70,0x72,0x6f,0x70,0x73,0x5b,0x22,0x63,
  0x68,0x65,0x63,0x6b,0x65,0x64,0x22,0x5d,0x20,0x3d,0x3d,0x3d,0x20,0x74,0x72,0x75,
  0x65,0xa,0x20,0x20,0x20,0x20,0x65,0x6e,0x61,0x62,0x6c,0x65,0x64,0x3a,0x20,0x70,
  0x72,0x6f,0x70,0x73,0x5b,0x22,0x65,0x6e,0x61,0x62,0x6c,0x65,0x64,0x22,0x5d,0x20,
  0x21,0x3d,0x3d,0x20,0x66,0x61,0x6c,0x73,0x65,0xa,0x20,0x20,0x20,0x20,0x63,0x68,
  0x65,0x63,0x6b,0x61,0x62,0x6c,0x65,0x3a,0x20,0x66,0x61,0x6c,0x73,0x65,0x20,0x2f,
  0x2f,0x20,0x63,0x68,0x65,0x63,0x6b,0x65,0x64,0x20,0x73,0x74,0x61,0x74,0x65,0x20,
  0x69,0x73,0x20,0x6f,0x77,0x6e,0x65,0x64,0x20,0x62,0x79,0x20,0x74,0x68,0x65,0x20,
  0x77,0x69,0x72,0x65,0xa,0xa,0x20,0x20,0x20,0x20,0x69,0x6e,0x64,0x69,0x63,0x61,
  0x74,0x6f,0x72,0x3a,0x20,0x52,0x65,0x63,0x74,0x61,0x6e,0x67,0x6c,0x65,0x20,0x7b,
  0xa,0x20,0x20,0x20,0x20,0x20,0x20,0x20,0x20,0x69,0x6d,0x70,0x6c,0x69,0x63,0x69,
  0x74,0x57,0x69,0x64,0x74,0x68,0x3a,0x20,0x31,0x38,0xa,0x20,0x20,0x20,0x20,0x20,
  0x20,0x20,0x20,0x69,0x6d,0x70,0x6c,0x69,0x63,0x69,0x74,0x48,0x65,0x69,0x67,0x68,
  0x74,0x3a,0x20,0x31,0x38,0xa,0x20,0x20,0x20,0x20,0x20,0x20,0x20,0x20,0x78,0x3a,
  0x20,0x63,0x68,0x65,0x63,0x6b,0x62,0x6f,0x78,0x2e,0x6c,0x65,0x66,0x74,0x50,0x61,
  0x64,0x64,0x69,0x6e,0x67,0xa,0x20,0x20,0x20,0x20,0x20,0x20,0x20,0x20,0x79,0x3a,
  0x20,0x63,0x68,0x65,0x63,0x6b,0x62,0x6f,0x78,0x2e,0x74,0x6f,0x70,0x50,0x61,0x64,
  0x64,0x69,0x6e,0x67,0x20,0x2b,0x20,0x28,0x63,0x68,0x65,0x63,0x6b,0x62,0x6f,0x78,
  0x2e,0x61,0x76,0x61,0x69,0x6c,0x61,0x62,0x6c,0x65,0x48,0x65,0x69,0x67,0x68,0x74,
  0x20,0x2d,0x20,0x68,0x65,0x69,0x67,0x68,0x74,0x29,0x20,0x2f,0x20,0x32,0xa,0x20,
  0x20,0x20,0x20,0x20,0x20,0x20,0x20,0x72,0x61,0x64,0x69,0x75,0x73,0x3a,0x20,0x34,
  0xa,0x20,0x20,0x20,0x20,0x20,0x20,0x20,0x20,0x63,0x6f,0x6c,0x6f,0x72,0x3a,0x20,
  0x63,0x68,0x65,0x63,0x6b,0x62,0x6f,0x78,0x2e,0x63,0x68,0x65,0x63,0x6b,0x65,0x64,
  0x20,0x3f,0x20,0x22,0x23,0x30,0x30,0x37,0x61,0x66,0x66,0x22,0x20,0x3a,0x20,0x22,
  0x74,0x72,0x61,0x6e,0x73,0x70,0x61,0x72,0x65,0x6e,0x74,0x22,0xa,0x20,0x20,0x20,
  0x20,0x20,0x20,0x20,0x20,0x62,0x6f,0x72,0x64,0x65,0x72,0x2e,0x63,0x6f,0x6c,0x6f,
  0x72,0x3a,0x20,0x63,0x68,0x65,0x63,0x6b,0x62,0x6f,0x78,0x2e,0x63,0x68,0x65,0x63,
  0x6b,0x65,0x64,0x20,0x3f,0x20,0x22,0x23,0x30,0x30,0x37,0x61,0x66,0x66,0x22,0x20,
  0x3a,0x20,0x22,0x23,0x61,0x31,0x61,0x31,0x61,0x61,0x22,0xa,0x20,0x20,0x20,0x20,
  0x20,0x20,0x20,0x20,0x62,0x6f,0x72,0x64,0x65,0x72,0x2e,0x77,0x69,0x64,0x74,0x68,
  0x3a,0x20,0x31,0xa,0xa,0x20,0x20,0x20,0x20,0x20,0x20,0x20,0x20,0x49,0x6d,0x61,
  0x67,0x65,0x20,0x7b,0xa,0x20,0x20,0x20,0x20,0x20,0x20,0x20,0x20,0x20,0x20,0x20,
  0x20,0x61,0x6e,0x63,0x68,0x6f,0x72,0x73,0x2e,0x63,0x65,0x6e,0x74,0x65,0x72,0x49,
  0x6e,0x3a,0x20,0x70,0x61,0x72,0x65,0x6e,0x74,0xa,0x20,0x20,0x20,0x20,0x20,0x20,
  0x20,0x20,0x20,0x20,0x20,0x20,0x73,0x6f,0x75,0x72,0x63,0x65,0x3a,0x20,0x22,0x69,
  0x63,0x6f,0x6e,0x73,0x2f,0x63,0x68,0x65,0x63,0x6b,0x2e,0x73,0x76,0x67,0x22,0xa,
  0x20,0x20,0x20,0x20,0x20,0x20,0x20,0x20,0x20,0x20,0x20,0x20,0x77,0x69,0x64,0x74,
  0x68,0x3a,0x20,0x31,0x32,0xa,0x20,0x20,0x20,0x20,0x20,0x20,0x20,0x20,0x20,0x20,
  0x20,0x20,0x68,0x65,0x69,0x67,0x68,0x74,0x3a,0x20,0x31,0x32,0xa,0x20,0x20,0x20,
  0x20,0x20,0x20,0x20,0x20,0x20,0x20,0x20,0x20,0x76,0x69,0x73,0x69,0x62,0x6c,0x65,
  0x3a,0x20,0x63,0x68,0x65,0x63,0x6b,0x62,0x6f,0x78,0x2e,0x63,0x68,0x65,0x63,0x6b,
  0x65,0x64,0xa,0x20,0x20,0x20,0x20,0x20,0x20,0x20,0x20,0x7d,0xa,0x20,0x20,0x20,
  0x20,0x7d,0xa,0xa,0x20,0x20,0x20,0x20,0x63,0x6f,0x6e,0x74,0x65,0x6e,0x74,0x49,
  0x74,0x65,0x6d,0x3a,0x20,0x54,0x65,0x78,0x74,0x20,0x7b,0xa,0x20,0x20,0x20,0x20,
  0x20,0x20,0x20,0x20,0x74,0x65,0x78,0x74,0x3a,0x20,0x63,0x68,0x65,0x63,0x6b,0x62,
  0x6f,0x78,0x2e,0x74,0x65,0x78,0x74,0xa,0x20,0x20,0x20,0x20,0x20,0x20,0x20,0x20,
  0x63,0x6f,0x6c,0x6f,0x72,0x3a,0x20,0x63,0x68,0x65,0x63,0x6b,0x62,0x6f,0x78,0x2e,
  0x65,0x6e,0x61,0x62,0x6c,0x65,0x64,0x20,0x3f,0x20,0x22,0x23,0x31,0x38,0x31,0x38,
  0x31,0x62,0x22,0x20,0x3a,0x20,0x22,0x23,0x61,0x31,0x61,0x31,0x61,0x61,0x22,0xa,
  0x20,0x20,0x20,0x20,0x20,0x20,0x20,0x20,0x66,0x6f,0x6e,0x74,0x2e,0x70,0x69,0x78,
  0x65,0x6c,0x53,0x69,0x7a,0x65,0x3a,0x20,0x31,0x34,0xa,0x20,0x20,0x20,0x20,0x20,
  0x20,0x20,0x20,0x76,0x65,0x72,0x74,0x69,0x63,0x61,0x6c,0x41,0x6c,0x69,0x67,0x6e,
  0x6d,0x65,0x6e,0x74,0x3a,0x20,0x54,0x65,0x78,0x74,0x2e,0x41,0x6c,0x69,0x67,0x6e,
  0x56,0x43,0x65,0x6e,0x74,0x65,0x72,0xa,0x20,0x20,0x20,0x20,0x20,0x20,0x20,0x20,
  0x6c,0x65,0x66,0x74,0x50,0x61,0x64,0x64,0x69,0x6e,0x67,0x3a,0x20,0x63,0x68,0x65,
  0x63,0x6b,0x62,0x6f,0x78,0x2e,0x69,0x6e,0x64,0x69,0x63,0x61,0x74,0x6f,0x72,0x2e,
  0x77,0x69,0x64,0x74,0x68,0x20,0x2b,0x20,0x38,0xa,0x20,0x20,0x20,0x20,0x7d,0xa,
  0xa,0x20,0x20,0x20,0x20,0x6f,0x6e,0x43,0x6c,0x69,0x63,0x6b,0x65,0x64,0x3a,0x20,
  0x6e,0x6f,0x64,0x65,0x2e,0x74,0x6f,0x67,0x67,0x6c,0x65,0x28,0x21,0x63,0x68,0x65,
  0x63,0x6b,0x62,0x6f,0x78,0x2e,0x63,0x68,0x65,0x63,0x6b,0x65,0x64,0x29,0xa,0x7d,
  0xa,
    // /home/ubuntu/repos/lui/platform/qt/qml/LuiResizable.qml
  0x0,0x0,0x2,0x15,
  0x69,
  0x6d,0x70,0x6f,0x72,0x74,0x20,0x51,0x74,0x51,0x75,0x69,0x63,0x6b,0xa,0x69,0x6d,
  0x70,0x6f,0x72,0x74,0x20,0x22,0x4c,0x75,0x69,0x53,0x74,0x79,0x6c,0x65,0x2e,0x6a,
  0x73,0x22,0x20,0x61,0x73,0x20,0x53,0x74,0x79,0x6c,0x65,0xa,0xa,0x2f,0x2f,0x20,
  0x57,0x69,0x72,0x65,0x20,0x6b,0x69,0x6e,0x64,0x3a,0x20,0x72,0x65,0x73,0x69,0x7a,
  0x61,0x62,0x6c,0x65,0x20,0xe2,0x80,0x94,0x20,0x61,0x20,0x73,0x75,0x72,0x66,0x61,
  0x63,0x65,0x20,0x77,0x68,0x6f,0x73,0x65,0x20,0x63,0x68,0x69,0x6c,0x64,0x72,0x65,
  0x6e,0x20,0x73,0x74,0x61,0x63,0x6b,0x20,0x74,0x6f,0x20,0x66,0x69,0x6c,0x6c,0x20,
  0x69,0x74,0x2e,0xa,0x49,0x74,0x65,0x6d,0x20,0x7b,0xa,0x20,0x20,0x20,0x20,0x72,
  0x65,0x71,0x75,0x69,0x72,0x65,0x64,0x20,0x70,0x72,0x6f,0x70,0x65,0x72,0x74,0x79,
  0x20,0x76,0x61,0x72,0x20,0x6e,0x6f,0x64,0x65,0xa,0x20,0x20,0x20,0x20,0x72,0x65,
  0x61,0x64,0x6f,0x6e,0x6c,0x79,0x20,0x70,0x72,0x6f,0x70,0x65,0x72,0x74,0x79,0x20,
  0x76,0x61,0x72,0x20,0x70,0x72,0x6f,0x70,0x73,0x3a,0x20,0x6e,0x6f,0x64,0x65,0x20,
  0x3f,0x20,0x6e,0x6f,0x64,0x65,0x2e,0x70,0x72,0x6f,0x70,0x65,0x72,0x74,0x69,0x65,
  0x73,0x20,0x3a,0x20,0x28,0x7b,0x7d,0x29,0xa,0xa,0x20,0x20,0x20,0x20,0x69,0x6d,
  0x70,0x6c,0x69,0x63,0x69,0x74,0x57,0x69,0x64,0x74,0x68,0x3a,0x20,0x53,0x74,0x79,
  0x6c,0x65,0x2e,0x6e,0x75,0x6d,0x28,0x70,0x72,0x6f,0x70,0x73,0x2c,0x20,0x22,0x77,
  0x69,0x64,0x74,0x68,0x22,0x2c,0x20,0x32,0x30,0x30,0x29,0xa,0x20,0x20,0x20,0x20,
  0x69,0x6d,0x70,0x6c,0x69,0x63,0x69,0x74,0x48,0x65,0x69,0x67,0x68,0x74,0x3a,0x20,
  0x53,0x74,0x79,0x6c,0x65,0x2e,0x6e,0x75,0x6d,0x28,0x70,0x72,0x6f,0x70,0x73,0x2c,
  0x20,0x22,0x68,0x65,0x69,0x67,0x68,0x74,0x22,0x2c,0x20,0x31,0x32,0x30,0x29,0xa,
  0xa,0x20,0x20,0x20,0x20,0x52,0x65,0x70,0x65,0x61,0x74,0x65,0x72,0x20,0x7b,0xa,
  0x20,0x20,0x20,0x20,0x20,0x20,0x20,0x20,0x6d,0x6f,0x64,0x65,0x6c,0x3a,0x20,0x6e,
  0x6f,0x64,0x65,0x20,0x3f,0x20,0x6e,0x6f,0x64,0x65,0x2e,0x63,0x68,0x69,0x6c,0x64,
  0x72,0x65,0x6e,0x20,0x3a,0x20,0x5b,0x5d,0xa,0x20,0x20,0x20,0x20,0x20,0x20,0x20,
  0x20,0x64,0x65,0x6c,0x65,0x67,0x61,0x74,0x65,0x3a,0x20,0x4c,0x75,0x69,0x4e,0x6f,
  0x64,0x65,0x56,0x69,0x65,0x77,0x20,0x7b,0xa,0x20,0x20,0x20,0x20,0x20,0x20,0x20,
  0x20,0x20,0x20,0x20,0x20,0x72,0x65,0x71,0x75,0x69,0x72,0x65,0x64,0x20,0x70,0x72,
  0x6f,0x70,0x65,0x72,0x74,0x79,0x20,0x76,0x61,0x72,0x20,0x6d,0x6f,0x64,0x65,0x6c,
  0x44,0x61,0x74,0x61,0xa,0x20,0x20,0x20,0x20,0x20,0x20,0x20,0x20,0x20,0x20,0x20,
  0x20,0x6e,0x6f,0x64,0x65,0x3a,0x20,0x6d,0x6f,0x64,0x65,0x6c,0x44,0x61,0x74,0x61,
  0xa,0x20,0x20,0x20,0x20,0x20,0x20,0x20,0x20,0x20,0x20,0x20,0x20,0x61,0x6e,0x63,
  0x68,0x6f,0x72,0x73,0x2e,0x66,0x69,0x6c,0x6c,0x3a,0x20,0x70,0x61,0x72,0x65,0x6e,
  0x74,0xa,0x20,0x20,0x20,0x20,0x20,0x20,0x20,0x20,0x7d,0xa,0x20,0x20,0x20,0x20,
  0x7d,0xa,0x7d,0xa,
    // /home/ubuntu/repos/lui/platform/qt/qml/LuiTable.qml
  0x0,0x0,0x1,0xd6,
  0x69,
  0x6d,0x70,0x6f,0x72,0x74,0x20,0x51,0x74,0x51,0x75,0x69,0x63,0x6b,0xa,0x69,0x6d,
  0x70,0x6f,0x72,0x74,0x20,0x51,0x74,0x51,0x75,0x69,0x63,0x6b,0x2e,0x4c,0x61,0x79,
  0x6f,0x75,0x74,0x73,0xa,0x69,0x6d,0x70,0x6f,0x72,0x74,0x20,0x22,0x4c,0x75,0x69,
  0x53,0x74,0x79,0x6c,0x65,0x2e,0x6a,0x73,0x22,0x20,0x61,0x73,0x20,0x53,0x74,0x79,
  0x6c,0x65,0xa,0xa,0x2f,0x2f,0x20,0x57,0x69,0x72,0x65,0x20,0x6b,0x69,0x6e,0x64,
  0x3a,0x20,0x74,0x61,0x62,0x6c,0x65,0x20,0xe2,0x80,0x94,0x20,0x76,0x65,0x72,0x74,
  0x69,0x63,0x61,0x6c,0x20,0x73,0x74,0x61,0x63,0x6b,0x20,0x6f,0x66,0x20,0x74,0x61,
  0x62,0x6c,0x65,0x2d,0x72,0x6f,0x77,0x20,0x63,0x68,0x69,0x6c,0x64,0x72,0x65,0x6e,
  0x2e,0xa,0x43,0x6f,0x6c,0x75,0x6d,0x6e,0x4c,0x61,0x79,0x6f,0x75,0x74,0x20,0x7b,
  0xa,0x20,0x20,0x20,0x20,0x72,0x65,0x71,0x75,0x69,0x72,0x65,0x64,0x20,0x70,0x72,
  0x6f,0x70,0x65,0x72,0x74,0x79,0x20,0x76,0x61,0x72,0x20,0x6e,0x6f,0x64,0x65,0xa,
  0x20,0x20,0x20,0x20,0x72,0x65,0x61,0x64,0x6f,0x6e,0x6c,0x79,0x20,0x70,0x72,0x6f,
  0x70,0x65,0x72,0x74,0x79,0x20,0x76,0x61,0x72,0x20,0x70,0x72,0x6f,0x70,0x73,0x3a,
  0x20,0x6e,0x6f,0x64,0x65,0x20,0x3f,0x20,0x6e,0x6f,0x64,0x65,0x2e,0x70,0x72,0x6f,
  0x70,0x65,0x72,0x74,0x69,0x65,0x73,0x20,0x3a,0x20,0x28,0x7b,0x7d,0x29,0xa,0xa,
  0x20,0x20,0x20,0x20,0x73,0x70,0x61,0x63,0x69,0x6e,0x67,0x3a,0x20,0x30,0xa,0xa,
  0x20,0x20,0x20,0x20,0x52,0x65,0x70,0x65,0x61,0x74,0x65,0x72,0x20,0x7b,0xa,0x20,
  0x20,0x20,0x20,0x20,0x20,0x20,0x20,0x6d,0x6f,0x64,0x65,0x6c,0x3a,0x20,0x6e,0x6f,
  0x64,0x65,0x20,0x3f,0x20,0x6e,0x6f,0x64,0x65,0x2e,0x63,0x68,0x69,0x6c,0x64,0x72,
  0x65,0x6e,0x20,0x3a,0x20,0x5b,0x5d,0xa,0x20,0x20,0x20,0x20,0x20,0x20,0x20,0x20,
  0x64,0x65,0x6c,0x65,0x67,0x61,0x74,0x65,0x3a,0x20,0x4c,0x75,0x69,0x4e,0x6f,0x64,
  0x65,0x56,0x69,0x65,0x77,0x20,0x7b,0xa,0x20,0x20,0x20,0x20,0x20,0x20,0x20,0x20,
  0x20,0x20,0x20,0x20,0x72,0x65,0x71,0x75,0x69,0x72,0x65,0x64,0x20,0x70,0x72,0x6f,
  0x70,0x65,0x72,0x74,0x79,0x20,0x76,0x61,0x72,0x20,0x6d,0x6f,0x64,0x65,0x6c,0x44,
  0x61,0x74,0x61,0xa,0x20,0x20,0x20,0x20,0x20,0x20,0x20,0x20,0x20,0x20,0x20,0x20,
  0x6e,0x6f,0x64,0x65,0x3a,0x20,0x6d,0x6f,0x64,0x65,0x6c,0x44,0x61,0x74,0x61,0xa,
  0x20,0x20,0x20,0x20,0x20,0x20,0x20,0x20,0x20,0x20,0x20,0x20,0x4c,0x61,0x79,0x6f,
  0x75,0x74,0x2e,0x66,0x69,0x6c,0x6c,0x57,0x69,0x64,0x74,0x68,0x3a,0x20,0x74,0x72,
  0x75,0x65,0xa,0x20,0x20,0x20,0x20,0x20,0x20,0x20,0x20,0x7d,0xa,0x20,0x20,0x20,
  0x20,0x7d,0xa,0x7d,0xa,
    // /home/ubuntu/repos/lui/platform/qt/qml/LuiImage.qml
  0x0,0x0,0x5,0xe9,
  0x69,
  0x6d,0x70,0x6f,0x72,0x74,0x20,0x51,0x74,0x51,0x75,0x69,0x63,0x6b,0xa,0x69,0x6d,
  0x70,0x6f,0x72,0x74,0x20,0x22,0x4c,0x75,0x69,0x53,0x74,0x79,0x6c,0x65,0x2e,0x6a,
  0x73,0x22,0x20,0x61,0x73,0x20,0x53,0x74,0x79,0x6c,0x65,0xa,0xa,0x2f,0x2f,0x20,
  0x57,0x69,0x72,0x65,0x20,0x6b,0x69,0x6e,0x64,0x3a,0x20,0x69,0x6d,0x61,0x67,0x65,
  0x20,0xe2,0x80,0x94,0x20,0x72,0x65,0x67,0x69,0x73,0x74,0x65,0x72,0x65,0x64,0x20,
  0x70,0x69,0x78,0x65,0x6c,0x73,0x20,0x6c,0x6f,0x6f,0x6b,0x65,0x64,0x20,0x75,0x70,
  0x20,0x62,0x79,0x20,0x74,0x68,0x65,0x20,0x69,0x6e,0x74,0x65,0x67,0x65,0x72,0x20,
  0x22,0x69,0x6d,0x61,0x67,0x65,0x22,0x20,0x69,0x64,0xa,0x2f,0x2f,0x20,0x74,0x68,
  0x72,0x6f,0x75,0x67,0x68,0x20,0x74,0x68,0x65,0x20,0x22,0x69,0x6d,0x61,0x67,0x65,
  0x3a,0x2f,0x2f,0x6c,0x75,0x69,0x2f,0x69,0x6d,0x61,0x67,0x65,0x2f,0x3c,0x69,0x64,
  0x3e,0x22,0x20,0x70,0x72,0x6f,0x76,0x69,0x64,0x65,0x72,0x20,0x74,0x68,0x65,0x20,
  0x62,0x61,0x63,0x6b,0x65,0x6e,0x64,0x20,0x69,0x6e,0x73,0x74,0x61,0x6c,0x6c,0x73,
  0x3b,0xa,0x2f,0x2f,0x20,0x73,0x6f,0x75,0x72,0x63,0x65,0x2d,0x78,0x2f,0x79,0x2f,
  0x77,0x69,0x64,0x74,0x68,0x2f,0x68,0x65,0x69,0x67,0x68,0x74,0x20,0x63,0x72,0x6f,
  0x70,0x20,0x74,0x68,0x65,0x20,0x73,0x6f,0x75,0x72,0x63,0x65,0x20,0x72,0x65,0x63,
  0x74,0x2e,0xa,0x49,0x74,0x65,0x6d,0x20,0x7b,0xa,0x20,0x20,0x20,0x20,0x69,0x64,
  0x3a,0x20,0x77,0x72,0x61,0x70,0x70,0x65,0x72,0xa,0x20,0x20,0x20,0x20,0x72,0x65,
  0x71,0x75,0x69,0x72,0x65,0x64,0x20,0x70,0x72,0x6f,0x70,0x65,0x72,0x74,0x79,0x20,
  0x76,0x61,0x72,0x20,0x6e,0x6f,0x64,0x65,0xa,0x20,0x20,0x20,0x20,0x72,0x65,0x61,
  0x64,0x6f,0x6e,0x6c,0x79,0x20,0x70,0x72,0x6f,0x70,0x65,0x72,0x74,0x79,0x20,0x76,
  0x61,0x72,0x20,0x70,0x72,0x6f,0x70,0x73,0x3a,0x20,0x6e,0x6f,0x64,0x65,0x20,0x3f,
  0x20,0x6e,0x6f,0x64,0x65,0x2e,0x70,0x72,0x6f,0x70,0x65,0x72,0x74,0x69,0x65,0x73,
  0x20,0x3a,0x20,0x28,0x7b,0x7d,0x29,0xa,0xa,0x20,0x20,0x20,0x20,0x72,0x65,0x61,
  0x64,0x6f,0x6e,0x6c,0x79,0x20,0x70,0x72,0x6f,0x70,0x65,0x72,0x74,0x79,0x20,0x69,
  0x6e,0x74,0x20,0x69,0x6d,0x61,0x67,0x65,0x49,0x64,0x3a,0x20,0x53,0x74,0x79,0x6c,
  0x65,0x2e,0x6e,0x75,0x6d,0x28,0x70,0x72,0x6f,0x70,0x73,0x2c,0x20,0x22,0x69,0x6d,
  0x61,0x67,0x65,0x22,0x2c,0x20,0x30,0x29,0xa,0x20,0x20,0x20,0x20,0x72,0x65,0x61,
  0x64,0x6f,0x6e,0x6c,0x79,0x20,0x70,0x72,0x6f,0x70,0x65,0x72,0x74,0x79,0x20,0x69,
  0x6e,0x74,0x20,0x69,0x6d,0x61,0x67,0x65,0x57,0x69,0x64,0x74,0x68,0x3a,0x20,0x53,
  0x74,0x79,0x6c,0x65,0x2e,0x6e,0x75,0x6d,0x28,0x70,0x72,0x6f,0x70,0x73,0x2c,0x20,
  0x22,0x77,0x69,0x64,0x74,0x68,0x22,0x2c,0x20,0x30,0x29,0xa,0x20,0x20,0x20,0x20,
  0x72,0x65,0x61,0x64,0x6f,0x6e,0x6c,0x79,0x20,0x70,0x72,0x6f,0x70,0x65,0x72,0x74,
  0x79,0x20,0x69,0x6e,0x74,0x20,0x69,0x6d,0x61,0x67,0x65,0x48,0x65,0x69,0x67,0x68,
  0x74,0x3a,0x20,0x53,0x74,0x79,0x6c,0x65,0x2e,0x6e,0x75,0x6d,0x28,0x70,0x72,0x6f,
  0x70,0x73,0x2c,0x20,0x22,0x68,0x65,0x69,0x67,0x68,0x74,0x22,0x2c,0x20,0x30,0x29,
  0xa,0x20,0x20,0x20,0x20,0x72,0x65,0x61,0x64,0x6f,0x6e,0x6c,0x79,0x20,0x70,0x72,
  0x6f,0x70,0x65,0x72,0x74,0x79,0x20,0x62,0x6f,0x6f,0x6c,0x20,0x68,0x61,0x73,0x43,
  0x72,0x6f,0x70,0x3a,0xa,0x20,0x20,0x20,0x20,0x20,0x20,0x20,0x20,0x70,0x72,0x6f,
  0x70,0x73,0x5b,0x22,0x73,0x6f,0x75,0x72,0x63,0x65,0x2d,0x78,0x22,0x5d,0x20,0x21,
  0x3d,0x3d,0x20,0x75,0x6e,0x64,0x65,0x66,0x69,0x6e,0x65,0x64,0x20,0x26,0x26,0x20,
  0x70,0x72,0x6f,0x70,0x73,0x5b,0x22,0x73,0x6f,0x75,0x72,0x63,0x65,0x2d,0x79,0x22,
  0x5d,0x20,0x21,0x3d,0x3d,0x20,0x75,0x6e,0x64,0x65,0x66,0x69,0x6e,0x65,0x64,0x20,
  0x26,0x26,0xa,0x20,0x20,0x20,0x20,0x20,0x20,0x20,0x20,0x70,0x72,0x6f,0x70,0x73,
  0x5b,0x22,0x73,0x6f,0x75,0x72,0x63,0x65,0x2d,0x77,0x69,0x64,0x74,0x68,0x22,0x5d,
  0x20,0x21,0x3d,0x3d,0x20,0x75,0x6e,0x64,0x65,0x66,0x69,0x6e,0x65,0x64,0x20,0x26,
  0x26,0xa,0x20,0x20,0x20,0x20,0x20,0x20,0x20,0x20,0x70,0x72,0x6f,0x70,0x73,0x5b,
  0x22,0x73,0x6f,0x75,0x72,0x63,0x65,0x2d,0x68,0x65,0x69,0x67,0x68,0x74,0x22,0x5d,
  0x20,0x21,0x3d,0x3d,0x20,0x75,0x6e,0x64,0x65,0x66,0x69,0x6e,0x65,0x64,0xa,0xa,
  0x20,0x20,0x20,0x20,0x2f,0x2f,0x20,0x49,0x6d,0x61,0x67,0x65,0x2e,0x69,0x6d,0x70,
  0x6c,0x69,0x63,0x69,0x74,0x57,0x69,0x64,0x74,0x68,0x2f,0x48,0x65,0x69,0x67,0x68,
  0x74,0x20,0x61,0x72,0x65,0x20,0x72,0x65,0x61,0x64,0x2d,0x6f,0x6e,0x6c,0x79,0x2c,
  0x20,0x73,0x6f,0x20,0x74,0x68,0x65,0x20,0x77,0x72,0x61,0x70,0x70,0x65,0x72,0x20,
  0x6f,0x77,0x6e,0x73,0x20,0x74,0x68,0x65,0xa,0x20,0x20,0x20,0x20,0x2f,0x2f,0x20,
  0x69,0x6d,0x70,0x6c,0x69,0x63,0x69,0x74,0x20,0x73,0x69,0x7a,0x65,0x2e,0xa,0x20,
  0x20,0x20,0x20,0x69,0x6d,0x70,0x6c,0x69,0x63,0x69,0x74,0x57,0x69,0x64,0x74,0x68,
  0x3a,0x20,0x69,0x6d,0x61,0x67,0x65,0x57,0x69,0x64,0x74,0x68,0x20,0x3e,0x20,0x30,
  0x20,0x3f,0x20,0x69,0x6d,0x61,0x67,0x65,0x57,0x69,0x64,0x74,0x68,0x20,0x3a,0x20,
  0x34,0x38,0xa,0x20,0x20,0x20,0x20,0x69,0x6d,0x70,0x6c,0x69,0x63,0x69,0x74,0x48,
  0x65,0x69,0x67,0x68,0x74,0x3a,0x20,0x69,0x6d,0x61,0x67,0x65,0x48,0x65,0x69,0x67,
  0x68,0x74,0x20,0x3e,0x20,0x30,0x20,0x3f,0x20,0x69,0x6d,0x61,0x67,0x65,0x48,0x65,
  0x69,0x67,0x68,0x74,0x20,0x3a,0x20,0x34,0x38,0xa,0xa,0x20,0x20,0x20,0x20,0x49,
  0x6d,0x61,0x67,0x65,0x20,0x7b,0xa,0x20,0x20,0x20,0x20,0x20,0x20,0x20,0x20,0x61,
  0x6e,0x63,0x68,0x6f,0x72,0x73,0x2e,0x66,0x69,0x6c,0x6c,0x3a,0x20,0x70,0x61,0x72,
  0x65,0x6e,0x74,0xa,0x20,0x20,0x20,0x20,0x20,0x20,0x20,0x20,0x73,0x6f,0x75,0x72,
  0x63,0x65,0x3a,0x20,0x77,0x72,0x61,0x70,0x70,0x65,0x72,0x2e,0x69,0x6d,0x61,0x67,
  0x65,0x49,0x64,0x20,0x3e,0x20,0x30,0xa,0x20,0x20,0x20,0x20,0x20,0x20,0x20,0x20,
  0x20,0x20,0x20,0x20,0x20,0x20,0x20,0x20,0x3f,0x20,0x22,0x69,0x6d,0x61,0x67,0x65,
  0x3a,0x2f,0x2f,0x6c,0x75,0x69,0x2f,0x69,0x6d,0x61,0x67,0x65,0x2f,0x22,0x20,0x2b,
  0x20,0x77,0x72,0x61,0x70,0x70,0x65,0x72,0x2e,0x69,0x6d,0x61,0x67,0x65,0x49,0x64,
  0x20,0x3a,0x20,0x22,0x22,0xa,0x20,0x20,0x20,0x20,0x20,0x20,0x20,0x20,0x73,0x6f,
  0x75,0x72,0x63,0x65,0x43,0x6c,0x69,0x70,0x52,0x65,0x63,0x74,0x3a,0x20,0x77,0x72,
  0x61,0x70,0x70,0x65,0x72,0x2e,0x68,0x61,0x73,0x43,0x72,0x6f,0x70,0xa,0x20,0x20,
  0x20,0x20,0x20,0x20,0x20,0x20,0x20,0x20,0x20,0x20,0x3f,0x20,0x51,0x74,0x2e,0x72,
  0x65,0x63,0x74,0x28,0x53,0x74,0x79,0x6c,0x65,0x2e,0x6e,0x75,0x6d,0x28,0x77,0x72,
  0x61,0x70,0x70,0x65,0x72,0x2e,0x70,0x72,0x6f,0x70,0x73,0x2c,0x20,0x22,0x73,0x6f,
  0x75,0x72,0x63,0x65,0x2d,0x78,0x22,0x2c,0x20,0x30,0x29,0x2c,0xa,0x20,0x20,0x20,
  0x20,0x20,0x20,0x20,0x20,0x20,0x20,0x20,0x20,0x20,0x20,0x20,0x20,0x20,0x20,0x20,
  0x20,0x20,0x20,0x53,0x74,0x79,0x6c,0x65,0x2e,0x6e,0x75,0x6d,0x28,0x77,0x72,0x61,
  0x70,0x70,0x65,0x72,0x2e,0x70,0x72,0x6f,0x70,0x73,0x2c,0x20,0x22,0x73,0x6f,0x75,
  0x72,0x63,0x65,0x2d,0x79,0x22,0x2c,0x20,0x30,0x29,0x2c,0xa,0x20,0x20,0x20,0x20,
  0x20,0x20,0x20,0x20,0x20,0x20,0x20,0x20,0x20,0x20,0x20,0x20,0x20,0x20,0x20,0x20,
  0x20,0x20,0x53,0x74,0x79,0x6c,0x65,0x2e,0x6e,0x75,0x6d,0x28,0x77,0x72,0x61,0x70,
  0x70,0x65,0x72,0x2e,0x70,0x72,0x6f,0x70,0x73,0x2c,0x20,0x22,0x73,0x6f,0x75,0x72,
  0x63,0x65,0x2d,0x77,0x69,0x64,0x74,0x68,0x22,0x2c,0x20,0x30,0x29,0x2c,0xa,0x20,
  0x20,0x20,0x20,0x20,0x20,0x20,0x20,0x20,0x20,0x20,0x20,0x20,0x20,0x20,0x20,0x20,
  0x20,0x20,0x20,0x20,0x20,0x53,0x74,0x79,0x6c,0x65,0x2e,0x6e,0x75,0x6d,0x28,0x77,
  0x72,0x61,0x70,0x70,0x65,0x72,0x2e,0x70,0x72,0x6f,0x70,0x73,0x2c,0x20,0x22,0x73,
  0x6f,0x75,0x72,0x63,0x65,0x2d,0x68,0x65,0x69,0x67,0x68,0x74,0x22,0x2c,0x20,0x30,
  0x29,0x29,0xa,0x20,0x20,0x20,0x20,0x20,0x20,0x20,0x20,0x20,0x20,0x20,0x20,0x3a,
  0x20,0x75,0x6e,0x64,0x65,0x66,0x69,0x6e,0x65,0x64,0xa,0x20,0x20,0x20,0x20,0x20,
  0x20,0x20,0x20,0x66,0x69,0x6c,0x6c,0x4d,0x6f,0x64,0x65,0x3a,0x20,0x49,0x6d,0x61,
  0x67,0x65,0x2e,0x50,0x72,0x65,0x73,0x65,0x72,0x76,0x65,0x41,0x73,0x70,0x65,0x63,
  0x74,0x46,0x69,0x74,0xa,0x20,0x20,0x20,0x20,0x20,0x20,0x20,0x20,0x61,0x73,0x79,
  0x6e,0x63,0x68,0x72,0x6f,0x6e,0x6f,0x75,0x73,0x3a,0x20,0x74,0x72,0x75,0x65,0xa,
  0x20,0x20,0x20,0x20,0x7d,0xa,0x7d,0xa,
    // /home/ubuntu/repos/lui/platform/qt/qml/LuiVirtualList.qml
  0x0,0x0,0x2,0x73,
  0x69,
  0x6d,0x70,0x6f,0x72,0x74,0x20,0x51,0x74,0x51,0x75,0x69,0x63,0x6b,0xa,0x69,0x6d,
  0x70,0x6f,0x72,0x74,0x20,0x51,0x74,0x51,0x75,0x69,0x63,0x6b,0x2e,0x43,0x6f,0x6e,
  0x74,0x72,0x6f,0x6c,0x73,0xa,0x69,0x6d,0x70,0x6f,0x72,0x74,0x20,0x22,0x4c,0x75,
  0x69,0x53,0x74,0x79,0x6c,0x65,0x2e,0x6a,0x73,0x22,0x20,0x61,0x73,0x20,0x53,0x74,
  0x79,0x6c,0x65,0xa,0xa,0x2f,0x2f,0x20,0x57,0x69,0x72,0x65,0x20,0x6b,0x69,0x6e,
  0x64,0x3a,0x20,0x76,0x69,0x72,0x74,0x75,0x61,0x6c,0x2d,0x6c,0x69,0x73,0x74,0x20,
  0xe2,0x80,0x94,0x20,0x76,0x69,0x72,0x74,0x75,0x61,0x6c,0x69,0x7a,0x65,0x64,0x20,
  0x76,0x65,0x72,0x74,0x69,0x63,0x61,0x6c,0x20,0x6c,0x69,0x73,0x74,0x20,0x6f,0x66,
  0x20,0x63,0x68,0x69,0x6c,0x64,0x72,0x65,0x6e,0x2e,0xa,0x4c,0x69,0x73,0x74,0x56,
  0x69,0x65,0x77,0x20,0x7b,0xa,0x20,0x20,0x20,0x20,0x69,0x64,0x3a,0x20,0x6c,0x69,
  0x73,0x74,0xa,0x20,0x20,0x20,0x20,0x72,0x65,0x71,0x75,0x69,0x72,0x65,0x64,0x20,
  0x70,0x72,0x6f,0x70,0x65,0x72,0x74,0x79,0x20,0x76,0x61,0x72,0x20,0x6e,0x6f,0x64,
  0x65,0xa,0x20,0x20,0x20,0x20,0x72,0x65,0x61,0x64,0x6f,0x6e,0x6c,0x79,0x20,0x70,
  0x72,0x6f,0x70,0x65,0x72,0x74,0x79,0x20,0x76,0x61,0x72,0x20,0x70,0x72,0x6f,0x70,
  0x73,0x3a,0x20,0x6e,0x6f,0x64,0x65,0x20,0x3f,0x20,0x6e,0x6f,0x64,0x65,0x2e,0x70,
  0x72,0x6f,0x70,0x65,0x72,0x74,0x69,0x65,0x73,0x20,0x3a,0x20,0x28,0x7b,0x7d,0x29,
  0xa,0xa,0x20,0x20,0x20,0x20,0x6d,0x6f,0x64,0x65,0x6c,0x3a,0x20,0x6e,0x6f,0x64,
  0x65,0x20,0x3f,0x20,0x6e,0x6f,0x64,0x65,0x2e,0x63,0x68,0x69,0x6c,0x64,0x72,0x65,
  0x6e,0x20,0x3a,0x20,0x5b,0x5d,0xa,0x20,0x20,0x20,0x20,0x73,0x70,0x61,0x63,0x69,
  0x6e,0x67,0x3a,0x20,0x53,0x74,0x79,0x6c,0x65,0x2e,0x6e,0x75,0x6d,0x28,0x70,0x72,
  0x6f,0x70,0x73,0x2c,0x20,0x22,0x67,0x61,0x70,0x22,0x2c,0x20,0x30,0x29,0xa,0x20,
  0x20,0x20,0x20,0x63,0x6c,0x69,0x70,0x3a,0x20,0x74,0x72,0x75,0x65,0xa,0x20,0x20,
  0x20,0x20,0x69,0x6d,0x70,0x6c,0x69,0x63,0x69,0x74,0x57,0x69,0x64,0x74,0x68,0x3a,
  0x20,0x32,0x30,0x30,0xa,0x20,0x20,0x20,0x20,0x69,0x6d,0x70,0x6c,0x69,0x63,0x69,
  0x74,0x48,0x65,0x69,0x67,0x68,0x74,0x3a,0x20,0x31,0x32,0x30,0xa,0x20,0x20,0x20,
  0x20,0x63,0x61,0x63,0x68,0x65,0x42,0x75,0x66,0x66,0x65,0x72,0x3a,0x20,0x4d,0x61,
  0x74,0x68,0x2e,0x6d,0x61,0x78,0x28,0x30,0x2c,0x20,0x68,0x65,0x69,0x67,0x68,0x74,
  0x20,0x2a,0x20,0x32,0x29,0xa,0x20,0x20,0x20,0x20,0x72,0x65,0x75,0x73,0x65,0x49,
  0x74,0x65,0x6d,0x73,0x3a,0x20,0x74,0x72,0x75,0x65,0xa,0x20,0x20,0x20,0x20,0x69,
  0x6e,0x74,0x65,0x72,0x61,0x63,0x74,0x69,0x76,0x65,0x3a,0x20,0x63,0x6f,0x6e,0x74,
  0x65,0x6e,0x74,0x48,0x65,0x69,0x67,0x68,0x74,0x20,0x3e,0x20,0x68,0x65,0x69,0x67,
  0x68,0x74,0xa,0xa,0x20,0x20,0x20,0x20,0x64,0x65,0x6c,0x65,0x67,0x61,0x74,0x65,
  0x3a,0x20,0x4c,0x75,0x69,0x4e,0x6f,0x64,0x65,0x56,0x69,0x65,0x77,0x20,0x7b,0xa,
  0x20,0x20,0x20,0x20,0x20,0x20,0x20,0x20,0x72,0x65,0x71,0x75,0x69,0x72,0x65,0x64,
  0x20,0x70,0x72,0x6f,0x70,0x65,0x72,0x74,0x79,0x20,0x76,0x61,0x72,0x20,0x6d,0x6f,
  0x64,0x65,0x6c,0x44,0x61,0x74,0x61,0xa,0x20,0x20,0x20,0x20,0x20,0x20,0x20,0x20,
  0x6e,0x6f,0x64,0x65,0x3a,0x20,0x6d,0x6f,0x64,0x65,0x6c,0x44,0x61,0x74,0x61,0xa,
  0x20,0x20,0x20,0x20,0x20,0x20,0x20,0x20,0x77,0x69,0x64,0x74,0x68,0x3a,0x20,0x6c,
  0x69,0x73,0x74,0x2e,0x77,0x69,0x64,0x74,0x68,0xa,0x20,0x20,0x20,0x20,0x7d,0xa,
  0x7d,0xa,
    // /home/ubuntu/repos/lui/platform/qt/qml/LuiBubble.qml
  0x0,0x0,0x6,0x23,
  0x69,
  0x6d,0x70,0x6f,0x72,0x74,0x20,0x51,0x74,0x51,0x75,0x69,0x63,0x6b,0xa,0x69,0x6d,
  0x70,0x6f,0x72,0x74,0x20,0x51,0x74,0x51,0x75,0x69,0x63,0x6b,0x2e,0x4c,0x61,0x79,
  0x6f,0x75,0x74,0x73,0xa,0x69,0x6d,0x70,0x6f,0x72,0x74,0x20,0x22,0x4c,0x75,0x69,
  0x53,0x74,0x79,0x6c,0x65,0x2e,0x6a,0x73,0x22,0x20,0x61,0x73,0x20,0x53,0x74,0x79,
  0x6c,0x65,0xa,0xa,0x2f,0x2f,0x20,0x57,0x69,0x72,0x65,0x20,0x6b,0x69,0x6e,0x64,
  0x3a,0x20,0x62,0x75,0x62,0x62,0x6c,0x65,0x20,0xe2,0x80,0x94,0x20,0x63,0x68,0x61,
  0x74,0x2f,0x6d,0x65,0x73,0x73,0x61,0x67,0x65,0x20,0x62,0x75,0x62,0x62,0x6c,0x65,
  0x20,0x74,0x69,0x6e,0x74,0x65,0x64,0x20,0x62,0x79,0x20,0x76,0x61,0x72,0x69,0x61,
  0x6e,0x74,0x2e,0xa,0x52,0x65,0x63,0x74,0x61,0x6e,0x67,0x6c,0x65,0x20,0x7b,0xa,
  0x20,0x20,0x20,0x20,0x69,0x64,0x3a,0x20,0x62,0x75,0x62,0x62,0x6c,0x65,0xa,0x20,
  0x20,0x20,0x20,0x72,0x65,0x71,0x75,0x69,0x72,0x65,0x64,0x20,0x70,0x72,0x6f,0x70,
  0x65,0x72,0x74,0x79,0x20,0x76,0x61,0x72,0x20,0x6e,0x6f,0x64,0x65,0xa,0x20,0x20,
  0x20,0x20,0x72,0x65,0x61,0x64,0x6f,0x6e,0x6c,0x79,0x20,0x70,0x72,0x6f,0x70,0x65,
  0x72,0x74,0x79,0x20,0x76,0x61,0x72,0x20,0x70,0x72,0x6f,0x70,0x73,0x3a,0x20,0x6e,
  0x6f,0x64,0x65,0x20,0x3f,0x20,0x6e,0x6f,0x64,0x65,0x2e,0x70,0x72,0x6f,0x70,0x65,
  0x72,0x74,0x69,0x65,0x73,0x20,0x3a,0x20,0x28,0x7b,0x7d,0x29,0xa,0xa,0x20,0x20,
  0x20,0x20,0x63,0x6f,0x6c,0x6f,0x72,0x3a,0x20,0x53,0x74,0x79,0x6c,0x65,0x2e,0x73,
  0x74,0x72,0x28,0x70,0x72,0x6f,0x70,0x73,0x2c,0x20,0x22,0x76,0x61,0x72,0x69,0x61,
  0x6e,0x74,0x22,0x2c,0x20,0x22,0x64,0x65,0x66,0x61,0x75,0x6c,0x74,0x22,0x29,0x20,
  0x3d,0x3d,0x3d,0x20,0x22,0x70,0x72,0x69,0x6d,0x61,0x72,0x79,0x22,0xa,0x20,0x20,
  0x20,0x20,0x20,0x20,0x20,0x20,0x20,0x20,0x20,0x3f,0x20,0x22,0x23,0x30,0x30,0x37,
  0x61,0x66,0x66,0x22,0x20,0x3a,0x20,0x53,0x74,0x79,0x6c,0x65,0x2e,0x63,0x6f,0x6c,
  0x6f,0x72,0x28,0x70,0x72,0x6f,0x70,0x73,0x5b,0x22,0x62,0x61,0x63,0x6b,0x67,0x72,
  0x6f,0x75,0x6e,0x64,0x22,0x5d,0x2c,0x20,0x22,0x23,0x66,0x34,0x66,0x34,0x66,0x35,
  0x22,0x29,0xa,0x20,0x20,0x20,0x20,0x72,0x61,0x64,0x69,0x75,0x73,0x3a,0x20,0x53,
  0x74,0x79,0x6c,0x65,0x2e,0x6e,0x75,0x6d,0x28,0x70,0x72,0x6f,0x70,0x73,0x2c,0x20,
  0x22,0x63,0x6f,0x72,0x6e,0x65,0x72,0x2d,0x72,0x61,0x64,0x69,0x75,0x73,0x22,0x2c,
  0x20,0x31,0x36,0x29,0xa,0x20,0x20,0x20,0x20,0x62,0x6f,0x72,0x64,0x65,0x72,0x2e,
  0x63,0x6f,0x6c,0x6f,0x72,0x3a,0x20,0x53,0x74,0x79,0x6c,0x65,0x2e,0x63,0x6f,0x6c,
  0x6f,0x72,0x28,0x70,0x72,0x6f,0x70,0x73,0x5b,0x22,0x62,0x6f,0x72,0x64,0x65,0x72,
  0x2d,0x63,0x6f,0x6c,0x6f,0x72,0x22,0x5d,0x2c,0x20,0x22,0x74,0x72,0x61,0x6e,0x73,
  0x70,0x61,0x72,0x65,0x6e,0x74,0x22,0x29,0xa,0x20,0x20,0x20,0x20,0x62,0x6f,0x72,
  0x64,0x65,0x72,0x2e,0x77,0x69,0x64,0x74,0x68,0x3a,0x20,0x53,0x74,0x79,0x6c,0x65,
  0x2e,0x6e,0x75,0x6d,0x28,0x70,0x72,0x6f,0x70,0x73,0x2c,0x20,0x22,0x62,0x6f,0x72,
  0x64,0x65,0x72,0x2d,0x77,0x69,0x64,0x74,0x68,0x22,0x2c,0x20,0x30,0x29,0xa,0xa,
  0x20,0x20,0x20,0x20,0x69,0x6d,0x70,0x6c,0x69,0x63,0x69,0x74,0x57,0x69,0x64,0x74,
  0x68,0x3a,0x20,0x63,0x6f,0x6c,0x2e,0x69,0x6d,0x70,0x6c,0x69,0x63,0x69,0x74,0x57,
  0x69,0x64,0x74,0x68,0x20,0x2b,0x20,0x32,0x34,0xa,0x20,0x20,0x20,0x20,0x69,0x6d,
  0x70,0x6c,0x69,0x63,0x69,0x74,0x48,0x65,0x69,0x67,0x68,0x74,0x3a,0x20,0x63,0x6f,
  0x6c,0x2e,0x69,0x6d,0x70,0x6c,0x69,0x63,0x69,0x74,0x48,0x65,0x69,0x67,0x68,0x74,
  0x20,0x2b,0x20,0x31,0x36,0xa,0xa,0x20,0x20,0x20,0x20,0x43,0x6f,0x6c,0x75,0x6d,
  0x6e,0x4c,0x61,0x79,0x6f,0x75,0x74,0x20,0x7b,0xa,0x20,0x20,0x20,0x20,0x20,0x20,
  0x20,0x20,0x69,0x64,0x3a,0x20,0x63,0x6f,0x6c,0xa,0x20,0x20,0x20,0x20,0x20,0x20,
  0x20,0x20,0x61,0x6e,0x63,0x68,0x6f,0x72,0x73,0x2e,0x66,0x69,0x6c,0x6c,0x3a,0x20,
  0x70,0x61,0x72,0x65,0x6e,0x74,0xa,0x20,0x20,0x20,0x20,0x20,0x20,0x20,0x20,0x61,
  0x6e,0x63,0x68,0x6f,0x72,0x73,0x2e,0x6d,0x61,0x72,0x67,0x69,0x6e,0x73,0x3a,0x20,
  0x38,0xa,0x20,0x20,0x20,0x20,0x20,0x20,0x20,0x20,0x61,0x6e,0x63,0x68,0x6f,0x72,
  0x73,0x2e,0x6c,0x65,0x66,0x74,0x4d,0x61,0x72,0x67,0x69,0x6e,0x3a,0x20,0x31,0x32,
  0xa,0x20,0x20,0x20,0x20,0x20,0x20,0x20,0x20,0x61,0x6e,0x63,0x68,0x6f,0x72,0x73,
  0x2e,0x72,0x69,0x67,0x68,0x74,0x4d,0x61,0x72,0x67,0x69,0x6e,0x3a,0x20,0x31,0x32,
  0xa,0x20,0x20,0x20,0x20,0x20,0x20,0x20,0x20,0x73,0x70,0x61,0x63,0x69,0x6e,0x67,
  0x3a,0x20,0x53,0x74,0x79,0x6c,0x65,0x2e,0x6e,0x75,0x6d,0x28,0x70,0x72,0x6f,0x70,
  0x73,0x2c,0x20,0x22,0x67,0x61,0x70,0x22,0x2c,0x20,0x34,0x29,0xa,0xa,0x20,0x20,
  0x20,0x20,0x20,0x20,0x20,0x20,0x54,0x65,0x78,0x74,0x20,0x7b,0xa,0x20,0x20,0x20,
  0x20,0x20,0x20,0x20,0x20,0x20,0x20,0x20,0x20,0x76,0x69,0x73,0x69,0x62,0x6c,0x65,
  0x3a,0x20,0x53,0x74,0x79,0x6c,0x65,0x2e,0x73,0x74,0x72,0x28,0x62,0x75,0x62,0x62,
  0x6c,0x65,0x2e,0x70,0x72,0x6f,0x70,0x73,0x2c,0x20,0x22,0x74,0x65,0x78,0x74,0x22,
  0x2c,0x20,0x22,0x22,0x29,0x20,0x21,0x3d,0x3d,0x20,0x22,0x22,0xa,0x20,0x20,0x20,
  0x20,0x20,0x20,0x20,0x20,0x20,0x20,0x20,0x20,0x74,0x65,0x78,0x74,0x3a,0x20,0x53,
  0x74,0x79,0x6c,0x65,0x2e,0x73,0x74,0x72,0x28,0x62,0x75,0x62,0x62,0x6c,0x65,0x2e,
  0x70,0x72,0x6f,0x70,0x73,0x2c,0x20,0x22,0x74,0x65,0x78,0x74,0x22,0x2c,0x20,0x22,
  0x22,0x29,0xa,0x20,0x20,0x20,0x20,0x20,0x20,0x20,0x20,0x20,0x20,0x20,0x20,0x63,
  0x6f,0x6c,0x6f,0x72,0x3a,0x20,0x53,0x74,0x79,0x6c,0x65,0x2e,0x73,0x74,0x72,0x28,
  0x62,0x75,0x62,0x62,0x6c,0x65,0x2e,0x70,0x72,0x6f,0x70,0x73,0x2c,0x20,0x22,0x76,
  0x61,0x72,0x69,0x61,0x6e,0x74,0x22,0x2c,0x20,0x22,0x64,0x65,0x66,0x61,0x75,0x6c,
  0x74,0x22,0x29,0x20,0x3d,0x3d,0x3d,0x20,0x22,0x70,0x72,0x69,0x6d,0x61,0x72,0x79,
  0x22,0xa,0x20,0x20,0x20,0x20,0x20,0x20,0x20,0x20,0x20,0x20,0x20,0x20,0x20,0x20,
  0x20,0x20,0x20,0x20,0x20,0x3f,0x20,0x22,0x23,0x66,0x66,0x66,0x66,0x66,0x66,0x22,
  0xa,0x20,0x20,0x20,0x20,0x20,0x20,0x20,0x20,0x20,0x20,0x20,0x20,0x20,0x20,0x20,
  0x20,0x20,0x20,0x20,0x3a,0x20,0x53,0x74,0x79,0x6c,0x65,0x2e,0x63,0x6f,0x6c,0x6f,
  0x72,0x28,0x62,0x75,0x62,0x62,0x6c,0x65,0x2e,0x70,0x72,0x6f,0x70,0x73,0x5b,0x22,
  0x66,0x6f,0x72,0x65,0x67,0x72,0x6f,0x75,0x6e,0x64,0x22,0x5d,0x2c,0x20,0x22,0x23,
  0x31,0x38,0x31,0x38,0x31,0x62,0x22,0x29,0xa,0x20,0x20,0x20,0x20,0x20,0x20,0x20,
  0x20,0x20,0x20,0x20,0x20,0x66,0x6f,0x6e,0x74,0x2e,0x70,0x69,0x78,0x65,0x6c,0x53,
  0x69,0x7a,0x65,0x3a,0x20,0x31,0x34,0xa,0x20,0x20,0x20,0x20,0x20,0x20,0x20,0x20,
  0x20,0x20,0x20,0x20,0x68,0x6f,0x72,0x69,0x7a,0x6f,0x6e,0x74,0x61,0x6c,0x41,0x6c,
  0x69,0x67,0x6e,0x6d,0x65,0x6e,0x74,0x3a,0x20,0x53,0x74,0x79,0x6c,0x65,0x2e,0x74,
  0x65,0x78,0x74,0x41,0x6c,0x69,0x67,0x6e,0x45,0x6e,0x75,0x6d,0x28,0x62,0x75,0x62,
  0x62,0x6c,0x65,0x2e,0x70,0x72,0x6f,0x70,0x73,0x29,0xa,0x20,0x20,0x20,0x20,0x20,
  0x20,0x20,0x20,0x20,0x20,0x20,0x20,0x77,0x72,0x61,0x70,0x4d,0x6f,0x64,0x65,0x3a,
  0x20,0x54,0x65,0x78,0x74,0x2e,0x57,0x6f,0x72,0x64,0x57,0x72,0x61,0x70,0xa,0x20,
  0x20,0x20,0x20,0x20,0x20,0x20,0x20,0x20,0x20,0x20,0x20,0x4c,0x61,0x79,0x6f,0x75,
  0x74,0x2e,0x66,0x69,0x6c,0x6c,0x57,0x69,0x64,0x74,0x68,0x3a,0x20,0x74,0x72,0x75,
  0x65,0xa,0x20,0x20,0x20,0x20,0x20,0x20,0x20,0x20,0x7d,0xa,0x20,0x20,0x20,0x20,
  0x20,0x20,0x20,0x20,0x52,0x65,0x70,0x65,0x61,0x74,0x65,0x72,0x20,0x7b,0xa,0x20,
  0x20,0x20,0x20,0x20,0x20,0x20,0x20,0x20,0x20,0x20,0x20,0x6d,0x6f,0x64,0x65,0x6c,
  0x3a,0x20,0x62,0x75,0x62,0x62,0x6c,0x65,0x2e,0x6e,0x6f,0x64,0x65,0x20,0x3f,0x20,
  0x62,0x75,0x62,0x62,0x6c,0x65,0x2e,0x6e,0x6f,0x64,0x65,0x2e,0x63,0x68,0x69,0x6c,
  0x64,0x72,0x65,0x6e,0x20,0x3a,0x20,0x5b,0x5d,0xa,0x20,0x20,0x20,0x20,0x20,0x20,
  0x20,0x20,0x20,0x20,0x20,0x20,0x64,0x65,0x6c,0x65,0x67,0x61,0x74,0x65,0x3a,0x20,
  0x4c,0x75,0x69,0x4e,0x6f,0x64,0x65,0x56,0x69,0x65,0x77,0x20,0x7b,0xa,0x20,0x20,
  0x20,0x20,0x20,0x20,0x20,0x20,0x20,0x20,0x20,0x20,0x72,0x65,0x71,0x75,0x69,0x72,
  0x65,0x64,0x20,0x70,0x72,0x6f,0x70,0x65,0x72,0x74,0x79,0x20,0x76,0x61,0x72,0x20,
  0x6d,0x6f,0x64,0x65,0x6c,0x44,0x61,0x74,0x61,0xa,0x20,0x20,0x20,0x20,0x20,0x20,
  0x20,0x20,0x20,0x20,0x20,0x20,0x6e,0x6f,0x64,0x65,0x3a,0x20,0x6d,0x6f,0x64,0x65,
  0x6c,0x44,0x61,0x74,0x61,0x3b,0x20,0x4c,0x61,0x79,0x6f,0x75,0x74,0x2e,0x66,0x69,
  0x6c,0x6c,0x57,0x69,0x64,0x74,0x68,0x3a,0x20,0x74,0x72,0x75,0x65,0x20,0x7d,0xa,
  0x20,0x20,0x20,0x20,0x20,0x20,0x20,0x20,0x7d,0xa,0x20,0x20,0x20,0x20,0x7d,0xa,
  0x7d,0xa,
    // /home/ubuntu/repos/lui/platform/qt/qml/LuiDrawer.qml
  0x0,0x0,0x6,0x90,
  0x69,
  0x6d,0x70,0x6f,0x72,0x74,0x20,0x51,0x74,0x51,0x75,0x69,0x63,0x6b,0xa,0x69,0x6d,
  0x70,0x6f,0x72,0x74,0x20,0x51,0x74,0x51,0x75,0x69,0x63,0x6b,0x2e,0x43,0x6f,0x6e,
  0x74,0x72,0x6f,0x6c,0x73,0xa,0x69,0x6d,0x70,0x6f,0x72,0x74,0x20,0x51,0x74,0x51,
  0x75,0x69,0x63,0x6b,0x2e,0x4c,0x61,0x79,0x6f,0x75,0x74,0x73,0xa,0x69,0x6d,0x70,
  0x6f,0x72,0x74,0x20,0x22,0x4c,0x75,0x69,0x53,0x74,0x79,0x6c,0x65,0x2e,0x6a,0x73,
  0x22,0x20,0x61,0x73,0x20,0x53,0x74,0x79,0x6c,0x65,0xa,0xa,0x2f,0x2f,0x20,0x57,
  0x69,0x72,0x65,0x20,0x6b,0x69,0x6e,0x64,0x3a,0x20,0x64,0x72,0x61,0x77,0x65,0x72,
  0x20,0xe2,0x80,0x94,0x20,0x6d,0x61,0x69,0x6e,0x20,0x63,0x6f,0x6e,0x74,0x65,0x6e,
  0x74,0x20,0x70,0x6c,0x75,0x73,0x20,0x61,0x20,0x73,0x69,0x64,0x65,0x20,0x70,0x61,
  0x6e,0x65,0x6c,0x3b,0x20,0x73,0x65,0x6c,0x65,0x63,0x74,0x65,0x64,0x20,0x3d,0x20,
  0x70,0x72,0x65,0x73,0x65,0x6e,0x74,0x65,0x64,0x2c,0xa,0x2f,0x2f,0x20,0x74,0x6f,
  0x67,0x67,0x6c,0x65,0x64,0x20,0x76,0x69,0x61,0x20,0x74,0x68,0x65,0x20,0x74,0x6f,
  0x67,0x67,0x6c,0x65,0x20,0x65,0x76,0x65,0x6e,0x74,0x2e,0xa,0x49,0x74,0x65,0x6d,
  0x20,0x7b,0xa,0x20,0x20,0x20,0x20,0x69,0x64,0x3a,0x20,0x68,0x6f,0x73,0x74,0xa,
  0x20,0x20,0x20,0x20,0x72,0x65,0x71,0x75,0x69,0x72,0x65,0x64,0x20,0x70,0x72,0x6f,
  0x70,0x65,0x72,0x74,0x79,0x20,0x76,0x61,0x72,0x20,0x6e,0x6f,0x64,0x65,0xa,0x20,
  0x20,0x20,0x20,0x72,0x65,0x61,0x64,0x6f,0x6e,0x6c,0x79,0x20,0x70,0x72,0x6f,0x70,
  0x65,0x72,0x74,0x79,0x20,0x76,0x61,0x72,0x20,0x70,0x72,0x6f,0x70,0x73,0x3a,0x20,
  0x6e,0x6f,0x64,0x65,0x20,0x3f,0x20,0x6e,0x6f,0x64,0x65,0x2e,0x70,0x72,0x6f,0x70,
  0x65,0x72,0x74,0x69,0x65,0x73,0x20,0x3a,0x20,0x28,0x7b,0x7d,0x29,0xa,0xa,0x20,
  0x20,0x20,0x20,0x72,0x65,0x61,0x64,0x6f,0x6e,0x6c,0x79,0x20,0x70,0x72,0x6f,0x70,
  0x65,0x72,0x74,0x79,0x20,0x62,0x6f,0x6f,0x6c,0x20,0x70,0x72,0x65,0x73,0x65,0x6e,
  0x74,0x65,0x64,0x3a,0x20,0x70,0x72,0x6f,0x70,0x73,0x5b,0x22,0x73,0x65,0x6c,0x65,
  0x63,0x74,0x65,0x64,0x22,0x5d,0x20,0x3d,0x3d,0x3d,0x20,0x74,0x72,0x75,0x65,0xa,
  0x20,0x20,0x20,0x20,0x72,0x65,0x61,0x64,0x6f,0x6e,0x6c,0x79,0x20,0x70,0x72,0x6f,
  0x70,0x65,0x72,0x74,0x79,0x20,0x76,0x61,0x72,0x20,0x6d,0x61,0x69,0x6e,0x43,0x68,
  0x69,0x6c,0x64,0x3a,0x20,0x6e,0x6f,0x64,0x65,0x20,0x26,0x26,0x20,0x6e,0x6f,0x64,
  0x65,0x2e,0x63,0x68,0x69,0x6c,0x64,0x72,0x65,0x6e,0x2e,0x6c,0x65,0x6e,0x67,0x74,
  0x68,0x20,0x3e,0x20,0x30,0xa,0x20,0x20,0x20,0x20,0x20,0x20,0x20,0x20,0x20,0x20,
  0x20,0x20,0x20,0x20,0x20,0x20,0x20,0x20,0x20,0x20,0x20,0x20,0x20,0x20,0x20,0x20,
  0x20,0x20,0x20,0x20,0x20,0x20,0x20,0x20,0x20,0x20,0x20,0x3f,0x20,0x6e,0x6f,0x64,
  0x65,0x2e,0x63,0x68,0x69,0x6c,0x64,0x72,0x65,0x6e,0x5b,0x30,0x5d,0x20,0x3a,0x20,
  0x6e,0x75,0x6c,0x6c,0xa,0x20,0x20,0x20,0x20,0x72,0x65,0x61,0x64,0x6f,0x6e,0x6c,
  0x79,0x20,0x70,0x72,0x6f,0x70,0x65,0x72,0x74,0x79,0x20,0x76,0x61,0x72,0x20,0x70,
  0x61,0x6e,0x65,0x6c,0x43,0x68,0x69,0x6c,0x64,0x3a,0x20,0x6e,0x6f,0x64,0x65,0x20,
  0x26,0x26,0x20,0x6e,0x6f,0x64,0x65,0x2e,0x63,0x68,0x69,0x6c,0x64,0x72,0x65,0x6e,
  0x2e,0x6c,0x65,0x6e,0x67,0x74,0x68,0x20,0x3e,0x20,0x31,0xa,0x20,0x20,0x20,0x20,
  0x20,0x20,0x20,0x20,0x20,0x20,0x20,0x20,0x20,0x20,0x20,0x20,0x20,0x20,0x20,0x20,
  0x20,0x20,0x20,0x20,0x20,0x20,0x20,0x20,0x20,0x20,0x20,0x20,0x20,0x20,0x20,0x20,
  0x20,0x20,0x3f,0x20,0x6e,0x6f,0x64,0x65,0x2e,0x63,0x68,0x69,0x6c,0x64,0x72,0x65,
  0x6e,0x5b,0x31,0x5d,0x20,0x3a,0x20,0x6e,0x75,0x6c,0x6c,0xa,0xa,0x20,0x20,0x20,
  0x20,0x4c,0x6f,0x61,0x64,0x65,0x72,0x20,0x7b,0xa,0x20,0x20,0x20,0x20,0x20,0x20,
  0x20,0x20,0x61,0x6e,0x63,0x68,0x6f,0x72,0x73,0x2e,0x66,0x69,0x6c,0x6c,0x3a,0x20,
  0x70,0x61,0x72,0x65,0x6e,0x74,0xa,0x20,0x20,0x20,0x20,0x20,0x20,0x20,0x20,0x61,
  0x63,0x74,0x69,0x76,0x65,0x3a,0x20,0x68,0x6f,0x73,0x74,0x2e,0x6d,0x61,0x69,0x6e,
  0x43,0x68,0x69,0x6c,0x64,0x20,0x21,0x3d,0x3d,0x20,0x6e,0x75,0x6c,0x6c,0xa,0x20,
  0x20,0x20,0x20,0x20,0x20,0x20,0x20,0x73,0x6f,0x75,0x72,0x63,0x65,0x43,0x6f,0x6d,
  0x70,0x6f,0x6e,0x65,0x6e,0x74,0x3a,0x20,0x6d,0x61,0x69,0x6e,0x43,0x6f,0x6e,0x74,
  0x65,0x6e,0x74,0xa,0x20,0x20,0x20,0x20,0x7d,0xa,0xa,0x20,0x20,0x20,0x20,0x43,
  0x6f,0x6d,0x70,0x6f,0x6e,0x65,0x6e,0x74,0x20,0x7b,0xa,0x20,0x20,0x20,0x20,0x20,
  0x20,0x20,0x20,0x69,0x64,0x3a,0x20,0x6d,0x61,0x69,0x6e,0x43,0x6f,0x6e,0x74,0x65,
  0x6e,0x74,0xa,0x20,0x20,0x20,0x20,0x20,0x20,0x20,0x20,0x4c,0x75,0x69,0x4e,0x6f,
  0x64,0x65,0x56,0x69,0x65,0x77,0x20,0x7b,0x20,0x6e,0x6f,0x64,0x65,0x3a,0x20,0x68,
  0x6f,0x73,0x74,0x2e,0x6d,0x61,0x69,0x6e,0x43,0x68,0x69,0x6c,0x64,0x20,0x7d,0xa,
  0x20,0x20,0x20,0x20,0x7d,0xa,0xa,0x20,0x20,0x20,0x20,0x44,0x72,0x61,0x77,0x65,
  0x72,0x20,0x7b,0xa,0x20,0x20,0x20,0x20,0x20,0x20,0x20,0x20,0x69,0x64,0x3a,0x20,
  0x64,0x72,0x61,0x77,0x65,0x72,0xa,0x20,0x20,0x20,0x20,0x20,0x20,0x20,0x20,0x65,
  0x64,0x67,0x65,0x3a,0x20,0x51,0x74,0x2e,0x4c,0x65,0x66,0x74,0x45,0x64,0x67,0x65,
  0xa,0x20,0x20,0x20,0x20,0x20,0x20,0x20,0x20,0x6d,0x6f,0x64,0x61,0x6c,0x3a,0x20,
  0x74,0x72,0x75,0x65,0xa,0x20,0x20,0x20,0x20,0x20,0x20,0x20,0x20,0x69,0x6e,0x74,
  0x65,0x72,0x61,0x63,0x74,0x69,0x76,0x65,0x3a,0x20,0x74,0x72,0x75,0x65,0xa,0x20,
  0x20,0x20,0x20,0x20,0x20,0x20,0x20,0x77,0x69,0x64,0x74,0x68,0x3a,0x20,0x53,0x74,
  0x79,0x6c,0x65,0x2e,0x6e,0x75,0x6d,0x28,0x68,0x6f,0x73,0x74,0x2e,0x70,0x72,0x6f,
  0x70,0x73,0x2c,0x20,0x22,0x77,0x69,0x64,0x74,0x68,0x22,0x2c,0x20,0x33,0x32,0x30,
  0x29,0xa,0x20,0x20,0x20,0x20,0x20,0x20,0x20,0x20,0x68,0x65,0x69,0x67,0x68,0x74,
  0x3a,0x20,0x68,0x6f,0x73,0x74,0x2e,0x68,0x65,0x69,0x67,0x68,0x74,0xa,0x20,0x20,
  0x20,0x20,0x20,0x20,0x20,0x20,0x70,0x6f,0x73,0x69,0x74,0x69,0x6f,0x6e,0x3a,0x20,
  0x68,0x6f,0x73,0x74,0x2e,0x70,0x72,0x65,0x73,0x65,0x6e,0x74,0x65,0x64,0x20,0x3f,
  0x20,0x31,0x20,0x3a,0x20,0x30,0xa,0x20,0x20,0x20,0x20,0x20,0x20,0x20,0x20,0x76,
  0x69,0x73,0x69,0x62,0x6c,0x65,0x3a,0x20,0x70,0x6f,0x73,0x69,0x74,0x69,0x6f,0x6e,
  0x20,0x3e,0x20,0x30,0xa,0x20,0x20,0x20,0x20,0x20,0x20,0x20,0x20,0x6f,0x6e,0x56,
  0x69,0x73,0x69,0x62,0x6c,0x65,0x43,0x68,0x61,0x6e,0x67,0x65,0x64,0x3a,0x20,0x7b,
  0xa,0x20,0x20,0x20,0x20,0x20,0x20,0x20,0x20,0x20,0x20,0x20,0x20,0x69,0x66,0x20,
  0x28,0x21,0x76,0x69,0x73,0x69,0x62,0x6c,0x65,0x20,0x26,0x26,0x20,0x68,0x6f,0x73,
  0x74,0x2e,0x70,0x72,0x65,0x73,0x65,0x6e,0x74,0x65,0x64,0x20,0x26,0x26,0x20,0x68,
  0x6f,0x73,0x74,0x2e,0x6e,0x6f,0x64,0x65,0x29,0xa,0x20,0x20,0x20,0x20,0x20,0x20,
  0x20,0x20,0x20,0x20,0x20,0x20,0x20,0x20,0x20,0x20,0x68,0x6f,0x73,0x74,0x2e,0x6e,
  0x6f,0x64,0x65,0x2e,0x74,0x6f,0x67,0x67,0x6c,0x65,0x28,0x66,0x61,0x6c,0x73,0x65,
  0x29,0xa,0x20,0x20,0x20,0x20,0x20,0x20,0x20,0x20,0x7d,0xa,0xa,0x20,0x20,0x20,
  0x20,0x20,0x20,0x20,0x20,0x63,0x6f,0x6e,0x74,0x65,0x6e,0x74,0x49,0x74,0x65,0x6d,
  0x3a,0x20,0x4c,0x6f,0x61,0x64,0x65,0x72,0x20,0x7b,0xa,0x20,0x20,0x20,0x20,0x20,
  0x20,0x20,0x20,0x20,0x20,0x20,0x20,0x61,0x63,0x74,0x69,0x76,0x65,0x3a,0x20,0x68,
  0x6f,0x73,0x74,0x2e,0x70,0x61,0x6e,0x65,0x6c,0x43,0x68,0x69,0x6c,0x64,0x20,0x21,
  0x3d,0x3d,0x20,0x6e,0x75,0x6c,0x6c,0xa,0x20,0x20,0x20,0x20,0x20,0x20,0x20,0x20,
  0x20,0x20,0x20,0x20,0x73,0x6f,0x75,0x72,0x63,0x65,0x43,0x6f,0x6d,0x70,0x6f,0x6e,
  0x65,0x6e,0x74,0x3a,0x20,0x70,0x61,0x6e,0x65,0x6c,0x43,0x6f,0x6e,0x74,0x65,0x6e,
  0x74,0xa,0x20,0x20,0x20,0x20,0x20,0x20,0x20,0x20,0x7d,0xa,0xa,0x20,0x20,0x20,
  0x20,0x20,0x20,0x20,0x20,0x62,0x61,0x63,0x6b,0x67,0x72,0x6f,0x75,0x6e,0x64,0x3a,
  0x20,0x52,0x65,0x63,0x74,0x61,0x6e,0x67,0x6c,0x65,0x20,0x7b,0xa,0x20,0x20,0x20,
  0x20,0x20,0x20,0x20,0x20,0x20,0x20,0x20,0x20,0x63,0x6f,0x6c,0x6f,0x72,0x3a,0x20,
  0x22,0x23,0x66,0x66,0x66,0x66,0x66,0x66,0x22,0xa,0x20,0x20,0x20,0x20,0x20,0x20,
  0x20,0x20,0x20,0x20,0x20,0x20,0x62,0x6f,0x72,0x64,0x65,0x72,0x2e,0x63,0x6f,0x6c,
  0x6f,0x72,0x3a,0x20,0x22,0x23,0x65,0x34,0x65,0x34,0x65,0x37,0x22,0xa,0x20,0x20,
  0x20,0x20,0x20,0x20,0x20,0x20,0x20,0x20,0x20,0x20,0x62,0x6f,0x72,0x64,0x65,0x72,
  0x2e,0x77,0x69,0x64,0x74,0x68,0x3a,0x20,0x31,0xa,0x20,0x20,0x20,0x20,0x20,0x20,
  0x20,0x20,0x7d,0xa,0x20,0x20,0x20,0x20,0x7d,0xa,0xa,0x20,0x20,0x20,0x20,0x43,
  0x6f,0x6d,0x70,0x6f,0x6e,0x65,0x6e,0x74,0x20,0x7b,0xa,0x20,0x20,0x20,0x20,0x20,
  0x20,0x20,0x20,0x69,0x64,0x3a,0x20,0x70,0x61,0x6e,0x65,0x6c,0x43,0x6f,0x6e,0x74,
  0x65,0x6e,0x74,0xa,0x20,0x20,0x20,0x20,0x20,0x20,0x20,0x20,0x4c,0x75,0x69,0x4e,
  0x6f,0x64,0x65,0x56,0x69,0x65,0x77,0x20,0x7b,0xa,0x20,0x20,0x20,0x20,0x20,0x20,
  0x20,0x20,0x20,0x20,0x20,0x20,0x6e,0x6f,0x64,0x65,0x3a,0x20,0x68,0x6f,0x73,0x74,
  0x2e,0x70,0x61,0x6e,0x65,0x6c,0x43,0x68,0x69,0x6c,0x64,0xa,0x20,0x20,0x20,0x20,
  0x20,0x20,0x20,0x20,0x20,0x20,0x20,0x20,0x61,0x6e,0x63,0x68,0x6f,0x72,0x73,0x2e,
  0x66,0x69,0x6c,0x6c,0x3a,0x20,0x70,0x61,0x72,0x65,0x6e,0x74,0xa,0x20,0x20,0x20,
  0x20,0x20,0x20,0x20,0x20,0x7d,0xa,0x20,0x20,0x20,0x20,0x7d,0xa,0x7d,0xa,
    // /home/ubuntu/repos/lui/platform/qt/qml/LuiGrid.qml
  0x0,0x0,0x2,0x8d,
  0x69,
  0x6d,0x70,0x6f,0x72,0x74,0x20,0x51,0x74,0x51,0x75,0x69,0x63,0x6b,0xa,0x69,0x6d,
  0x70,0x6f,0x72,0x74,0x20,0x51,0x74,0x51,0x75,0x69,0x63,0x6b,0x2e,0x4c,0x61,0x79,
  0x6f,0x75,0x74,0x73,0xa,0x69,0x6d,0x70,0x6f,0x72,0x74,0x20,0x22,0x4c,0x75,0x69,
  0x53,0x74,0x79,0x6c,0x65,0x2e,0x6a,0x73,0x22,0x20,0x61,0x73,0x20,0x53,0x74,0x79,
  0x6c,0x65,0xa,0xa,0x2f,0x2f,0x20,0x57,0x69,0x72,0x65,0x20,0x6b,0x69,0x6e,0x64,
  0x3a,0x20,0x67,0x72,0x69,0x64,0x20,0xe2,0x80,0x94,0x20,0x63,0x6f,0x6c,0x75,0x6d,
  0x6e,0x2d,0x63,0x6f,0x75,0x6e,0x74,0x20,0x67,0x72,0x69,0x64,0x20,0x6c,0x61,0x79,
  0x6f,0x75,0x74,0x2e,0xa,0x47,0x72,0x69,0x64,0x4c,0x61,0x79,0x6f,0x75,0x74,0x20,
  0x7b,0xa,0x20,0x20,0x20,0x20,0x72,0x65,0x71,0x75,0x69,0x72,0x65,0x64,0x20,0x70,
  0x72,0x6f,0x70,0x65,0x72,0x74,0x79,0x20,0x76,0x61,0x72,0x20,0x6e,0x6f,0x64,0x65,
  0xa,0x20,0x20,0x20,0x20,0x72,0x65,0x61,0x64,0x6f,0x6e,0x6c,0x79,0x20,0x70,0x72,
  0x6f,0x70,0x65,0x72,0x74,0x79,0x20,0x76,0x61,0x72,0x20,0x70,0x72,0x6f,0x70,0x73,
  0x3a,0x20,0x6e,0x6f,0x64,0x65,0x20,0x3f,0x20,0x6e,0x6f,0x64,0x65,0x2e,0x70,0x72,
  0x6f,0x70,0x65,0x72,0x74,0x69,0x65,0x73,0x20,0x3a,0x20,0x28,0x7b,0x7d,0x29,0xa,
  0xa,0x20,0x20,0x20,0x20,0x63,0x6f,0x6c,0x75,0x6d,0x6e,0x73,0x3a,0x20,0x4d,0x61,
  0x74,0x68,0x2e,0x6d,0x61,0x78,0x28,0x31,0x2c,0x20,0x53,0x74,0x79,0x6c,0x65,0x2e,
  0x6e,0x75,0x6d,0x28,0x70,0x72,0x6f,0x70,0x73,0x2c,0x20,0x22,0x63,0x6f,0x6c,0x75,
  0x6d,0x6e,0x73,0x22,0x2c,0x20,0x31,0x29,0x29,0xa,0x20,0x20,0x20,0x20,0x72,0x6f,
  0x77,0x53,0x70,0x61,0x63,0x69,0x6e,0x67,0x3a,0x20,0x53,0x74,0x79,0x6c,0x65,0x2e,
  0x6e,0x75,0x6d,0x28,0x70,0x72,0x6f,0x70,0x73,0x2c,0x20,0x22,0x67,0x61,0x70,0x22,
  0x2c,0x20,0x30,0x29,0xa,0x20,0x20,0x20,0x20,0x63,0x6f,0x6c,0x75,0x6d,0x6e,0x53,
  0x70,0x61,0x63,0x69,0x6e,0x67,0x3a,0x20,0x72,0x6f,0x77,0x53,0x70,0x61,0x63,0x69,
  0x6e,0x67,0xa,0xa,0x20,0x20,0x20,0x20,0x52,0x65,0x70,0x65,0x61,0x74,0x65,0x72,
  0x20,0x7b,0xa,0x20,0x20,0x20,0x20,0x20,0x20,0x20,0x20,0x6d,0x6f,0x64,0x65,0x6c,
  0x3a,0x20,0x6e,0x6f,0x64,0x65,0x20,0x3f,0x20,0x6e,0x6f,0x64,0x65,0x2e,0x63,0x68,
  0x69,0x6c,0x64,0x72,0x65,0x6e,0x20,0x3a,0x20,0x5b,0x5d,0xa,0x20,0x20,0x20,0x20,
  0x20,0x20,0x20,0x20,0x64,0x65,0x6c,0x65,0x67,0x61,0x74,0x65,0x3a,0x20,0x4c,0x75,
  0x69,0x4e,0x6f,0x64,0x65,0x56,0x69,0x65,0x77,0x20,0x7b,0xa,0x20,0x20,0x20,0x20,
  0x20,0x20,0x20,0x20,0x20,0x20,0x20,0x20,0x72,0x65,0x71,0x75,0x69,0x72,0x65,0x64,
  0x20,0x70,0x72,0x6f,0x70,0x65,0x72,0x74,0x79,0x20,0x76,0x61,0x72,0x20,0x6d,0x6f,
  0x64,0x65,0x6c,0x44,0x61,0x74,0x61,0xa,0x20,0x20,0x20,0x20,0x20,0x20,0x20,0x20,
  0x20,0x20,0x20,0x20,0x6e,0x6f,0x64,0x65,0x3a,0x20,0x6d,0x6f,0x64,0x65,0x6c,0x44,
  0x61,0x74,0x61,0xa,0x20,0x20,0x20,0x20,0x20,0x20,0x20,0x20,0x20,0x20,0x20,0x20,
  0x4c,0x61,0x79,0x6f,0x75,0x74,0x2e,0x66,0x69,0x6c,0x6c,0x57,0x69,0x64,0x74,0x68,
  0x3a,0x20,0x74,0x72,0x75,0x65,0xa,0x20,0x20,0x20,0x20,0x20,0x20,0x20,0x20,0x20,
  0x20,0x20,0x20,0x4c,0x61,0x79,0x6f,0x75,0x74,0x2e,0x66,0x69,0x6c,0x6c,0x48,0x65,
  0x69,0x67,0x68,0x74,0x3a,0x20,0x53,0x74,0x79,0x6c,0x65,0x2e,0x66,0x69,0x6c,0x6c,
  0x4d,0x61,0x69,0x6e,0x48,0x65,0x69,0x67,0x68,0x74,0x28,0x6e,0x6f,0x64,0x65,0x20,
  0x3f,0x20,0x6e,0x6f,0x64,0x65,0x2e,0x70,0x72,0x6f,0x70,0x65,0x72,0x74,0x69,0x65,
  0x73,0x20,0x3a,0x20,0x28,0x7b,0x7d,0x29,0x29,0xa,0x20,0x20,0x20,0x20,0x20,0x20,
  0x20,0x20,0x7d,0xa,0x20,0x20,0x20,0x20,0x7d,0xa,0x7d,0xa,
    // /home/ubuntu/repos/lui/platform/qt/qml/LuiStyle.js
  0x0,0x0,0xf,0xa9,
  0x2f,
  0x2f,0x20,0x53,0x68,0x61,0x72,0x65,0x64,0x20,0x73,0x74,0x79,0x6c,0x69,0x6e,0x67,
  0x20,0x68,0x65,0x6c,0x70,0x65,0x72,0x73,0x20,0x66,0x6f,0x72,0x20,0x74,0x68,0x65,
  0x20,0x4c,0x75,0x69,0x20,0x51,0x4d,0x4c,0x20,0x62,0x61,0x63,0x6b,0x65,0x6e,0x64,
  0x2e,0x20,0x4d,0x69,0x72,0x72,0x6f,0x72,0x73,0x20,0x74,0x68,0x65,0x20,0x6e,0x61,
  0x6d,0x65,0x64,0x20,0x63,0x6f,0x6c,0x6f,0x72,0xa,0x2f,0x2f,0x20,0x74,0x6f,0x6b,
  0x65,0x6e,0x73,0x20,0x61,0x6e,0x64,0x20,0x73,0x69,0x7a,0x65,0x20,0x63,0x6f,0x6e,
  0x76,0x65,0x6e,0x74,0x69,0x6f,0x6e,0x73,0x20,0x66,0x72,0x6f,0x6d,0x20,0x70,0x6c,
  0x61,0x74,0x66,0x6f,0x72,0x6d,0x2f,0x66,0x6c,0x75,0x74,0x74,0x65,0x72,0x2f,0x6c,
  0x69,0x62,0x2f,0x6c,0x75,0x69,0x5f,0x66,0x6c,0x75,0x74,0x74,0x65,0x72,0x5f,0x62,
  0x61,0x63,0x6b,0x65,0x6e,0x64,0x2e,0x64,0x61,0x72,0x74,0x2e,0xa,0x2e,0x70,0x72,
  0x61,0x67,0x6d,0x61,0x20,0x6c,0x69,0x62,0x72,0x61,0x72,0x79,0xa,0xa,0x76,0x61,
  0x72,0x20,0x70,0x61,0x6c,0x65,0x74,0x74,0x65,0x20,0x3d,0x20,0x7b,0xa,0x20,0x20,
  0x20,0x20,0x22,0x62,0x61,0x63,0x6b,0x67,0x72,0x6f,0x75,0x6e,0x64,0x22,0x3a,0x20,
  0x22,0x23,0x66,0x66,0x66,0x66,0x66,0x66,0x22,0x2c,0xa,0x20,0x20,0x20,0x20,0x22,
  0x66,0x6f,0x72,0x65,0x67,0x72,0x6f,0x75,0x6e,0x64,0x22,0x3a,0x20,0x22,0x23,0x31,
  0x38,0x31,0x38,0x31,0x62,0x22,0x2c,0xa,0x20,0x20,0x20,0x20,0x22,0x70,0x72,0x69,
  0x6d,0x61,0x72,0x79,0x22,0x3a,0x20,0x22,0x23,0x30,0x30,0x37,0x61,0x66,0x66,0x22,
  0x2c,0xa,0x20,0x20,0x20,0x20,0x22,0x70,0x72,0x69,0x6d,0x61,0x72,0x79,0x2d,0x66,
  0x6f,0x72,0x65,0x67,0x72,0x6f,0x75,0x6e,0x64,0x22,0x3a,0x20,0x22,0x23,0x66,0x66,
  0x66,0x66,0x66,0x66,0x22,0x2c,0xa,0x20,0x20,0x20,0x20,0x22,0x73,0x65,0x63,0x6f,
  0x6e,0x64,0x61,0x72,0x79,0x22,0x3a,0x20,0x22,0x23,0x66,0x34,0x66,0x34,0x66,0x35,
  0x22,0x2c,0xa,0x20,0x20,0x20,0x20,0x22,0x73,0x65,0x63,0x6f,0x6e,0x64,0x61,0x72,
  0x79,0x2d,0x66,0x6f,0x72,0x65,0x67,0x72,0x6f,0x75,0x6e,0x64,0x22,0x3a,0x20,0x22,
  0x23,0x31,0x38,0x31,0x38,0x31,0x62,0x22,0x2c,0xa,0x20,0x20,0x20,0x20,0x22,0x67,
  0x6c,0x61,0x73,0x73,0x22,0x3a,0x20,0x22,0x23,0x62,0x66,0x66,0x66,0x66,0x66,0x66,
  0x66,0x22,0x2c,0xa,0x20,0x20,0x20,0x20,0x22,0x73,0x75,0x63,0x63,0x65,0x73,0x73,
  0x22,0x3a,0x20,0x22,0x23,0x64,0x63,0x66,0x63,0x65,0x37,0x22,0x2c,0xa,0x20,0x20,
  0x20,0x20,0x22,0x73,0x75,0x63,0x63,0x65,0x73,0x73,0x2d,0x66,0x6f,0x72,0x65,0x67,
  0x72,0x6f,0x75,0x6e,0x64,0x22,0x3a,0x20,0x22,0x23,0x31,0x36,0x36,0x35,0x33,0x34,
  0x22,0x2c,0xa,0x20,0x20,0x20,0x20,0x22,0x77,0x61,0x72,0x6e,0x69,0x6e,0x67,0x22,
  0x3a,0x20,0x22,0x23,0x66,0x65,0x66,0x39,0x63,0x33,0x22,0x2c,0xa,0x20,0x20,0x20,
  0x20,0x22,0x77,0x61,0x72,0x6e,0x69,0x6e,0x67,0x2d,0x66,0x6f,0x72,0x65,0x67,0x72,
  0x6f,0x75,0x6e,0x64,0x22,0x3a,0x20,0x22,0x23,0x38,0x35,0x34,0x64,0x30,0x65,0x22,
  0x2c,0xa,0x20,0x20,0x20,0x20,0x22,0x65,0x72,0x72,0x6f,0x72,0x22,0x3a,0x20,0x22,
  0x23,0x66,0x65,0x65,0x32,0x65,0x32,0x22,0x2c,0xa,0x20,0x20,0x20,0x20,0x22,0x65,
  0x72,0x72,0x6f,0x72,0x2d,0x66,0x6f,0x72,0x65,0x67,0x72,0x6f,0x75,0x6e,0x64,0x22,
  0x3a,0x20,0x22,0x23,0x39,0x39,0x31,0x62,0x31,0x62,0x22,0x2c,0xa,0x20,0x20,0x20,
  0x20,0x22,0x62,0x6f,0x72,0x64,0x65,0x72,0x22,0x3a,0x20,0x22,0x23,0x65,0x34,0x65,
  0x34,0x65,0x37,0x22,0x2c,0xa,0x20,0x20,0x20,0x20,0x22,0x62,0x6c,0x61,0x63,0x6b,
  0x22,0x3a,0x20,0x22,0x23,0x30,0x30,0x30,0x30,0x30,0x30,0x22,0x2c,0xa,0x20,0x20,
  0x20,0x20,0x22,0x77,0x68,0x69,0x74,0x65,0x22,0x3a,0x20,0x22,0x23,0x66,0x66,0x66,
  0x66,0x66,0x66,0x22,0x2c,0xa,0x20,0x20,0x20,0x20,0x22,0x72,0x65,0x64,0x22,0x3a,
  0x20,0x22,0x23,0x65,0x66,0x34,0x34,0x34,0x34,0x22,0x2c,0xa,0x20,0x20,0x20,0x20,
  0x22,0x62,0x6c,0x75,0x65,0x22,0x3a,0x20,0x22,0x23,0x33,0x62,0x38,0x32,0x66,0x36,
  0x22,0x2c,0xa,0x20,0x20,0x20,0x20,0x22,0x67,0x72,0x65,0x65,0x6e,0x22,0x3a,0x20,
  0x22,0x23,0x32,0x32,0x63,0x35,0x35,0x65,0x22,0x2c,0xa,0x20,0x20,0x20,0x20,0x22,
  0x74,0x72,0x61,0x6e,0x73,0x70,0x61,0x72,0x65,0x6e,0x74,0x22,0x3a,0x20,0x22,0x74,
  0x72,0x61,0x6e,0x73,0x70,0x61,0x72,0x65,0x6e,0x74,0x22,0xa,0x7d,0xa,0xa,0x66,
  0x75,0x6e,0x63,0x74,0x69,0x6f,0x6e,0x20,0x63,0x6f,0x6c,0x6f,0x72,0x28,0x6e,0x61,
  0x6d,0x65,0x2c,0x20,0x66,0x61,0x6c,0x6c,0x62,0x61,0x63,0x6b,0x29,0x20,0x7b,0xa,
  0x20,0x20,0x20,0x20,0x69,0x66,0x20,0x28,0x6e,0x61,0x6d,0x65,0x20,0x3d,0x3d,0x3d,
  0x20,0x75,0x6e,0x64,0x65,0x66,0x69,0x6e,0x65,0x64,0x20,0x7c,0x7c,0x20,0x6e,0x61,
  0x6d,0x65,0x20,0x3d,0x3d,0x3d,0x20,0x6e,0x75,0x6c,0x6c,0x20,0x7c,0x7c,0x20,0x6e,
  0x61,0x6d,0x65,0x20,0x3d,0x3d,0x3d,0x20,0x22,0x22,0x29,0xa,0x20,0x20,0x20,0x20,
  0x20,0x20,0x20,0x20,0x72,0x65,0x74,0x75,0x72,0x6e,0x20,0x66,0x61,0x6c,0x6c,0x62,
  0x61,0x63,0x6b,0x20,0x21,0x3d,0x3d,0x20,0x75,0x6e,0x64,0x65,0x66,0x69,0x6e,0x65,
  0x64,0x20,0x3f,0x20,0x66,0x61,0x6c,0x6c,0x62,0x61,0x63,0x6b,0x20,0x3a,0x20,0x22,
  0x74,0x72,0x61,0x6e,0x73,0x70,0x61,0x72,0x65,0x6e,0x74,0x22,0xa,0x20,0x20,0x20,
  0x20,0x76,0x61,0x72,0x20,0x66,0x6f,0x75,0x6e,0x64,0x20,0x3d,0x20,0x70,0x61,0x6c,
  0x65,0x74,0x74,0x65,0x5b,0x53,0x74,0x72,0x69,0x6e,0x67,0x28,0x6e,0x61,0x6d,0x65,
  0x29,0x2e,0x74,0x6f,0x4c,0x6f,0x77,0x65,0x72,0x43,0x61,0x73,0x65,0x28,0x29,0x5d,
  0xa,0x20,0x20,0x20,0x20,0x69,0x66,0x20,0x28,0x66,0x6f,0x75,0x6e,0x64,0x20,0x21,
  0x3d,0x3d,0x20,0x75,0x6e,0x64,0x65,0x66,0x69,0x6e,0x65,0x64,0x29,0x20,0x72,0x65,
  0x74,0x75,0x72,0x6e,0x20,0x66,0x6f,0x75,0x6e,0x64,0xa,0x20,0x20,0x20,0x20,0x76,
  0x61,0x72,0x20,0x72,0x61,0x77,0x20,0x3d,0x20,0x53,0x74,0x72,0x69,0x6e,0x67,0x28,
  0x6e,0x61,0x6d,0x65,0x29,0xa,0x20,0x20,0x20,0x20,0x69,0x66,0x20,0x28,0x72,0x61,
  0x77,0x5b,0x30,0x5d,0x20,0x3d,0x3d,0x3d,0x20,0x22,0x23,0x22,0x20,0x7c,0x7c,0x20,
  0x72,0x61,0x77,0x2e,0x69,0x6e,0x64,0x65,0x78,0x4f,0x66,0x28,0x22,0x72,0x67,0x62,
  0x22,0x29,0x20,0x3d,0x3d,0x3d,0x20,0x30,0x20,0x7c,0x7c,0x20,0x72,0x61,0x77,0x2e,
  0x69,0x6e,0x64,0x65,0x78,0x4f,0x66,0x28,0x22,0x6f,0x6b,0x6c,0x63,0x68,0x22,0x29,
  0x20,0x3d,0x3d,0x3d,0x20,0x30,0x29,0xa,0x20,0x20,0x20,0x20,0x20,0x20,0x20,0x20,
  0x72,0x65,0x74,0x75,0x72,0x6e,0x20,0x72,0x61,0x77,0xa,0x20,0x20,0x20,0x20,0x72,
  0x65,0x74,0x75,0x72,0x6e,0x20,0x66,0x61,0x6c,0x6c,0x62,0x61,0x63,0x6b,0x20,0x21,
  0x3d,0x3d,0x20,0x75,0x6e,0x64,0x65,0x66,0x69,0x6e,0x65,0x64,0x20,0x3f,0x20,0x66,
  0x61,0x6c,0x6c,0x62,0x61,0x63,0x6b,0x20,0x3a,0x20,0x22,0x74,0x72,0x61,0x6e,0x73,
  0x70,0x61,0x72,0x65,0x6e,0x74,0x22,0xa,0x7d,0xa,0xa,0x66,0x75,0x6e,0x63,0x74,
  0x69,0x6f,0x6e,0x20,0x68,0x61,0x73,0x28,0x70,0x72,0x6f,0x70,0x73,0x2c,0x20,0x6e,
  0x61,0x6d,0x65,0x29,0x20,0x7b,0xa,0x20,0x20,0x20,0x20,0x72,0x65,0x74,0x75,0x72,
  0x6e,0x20,0x70,0x72,0x6f,0x70,0x73,0x20,0x21,0x3d,0x3d,0x20,0x75,0x6e,0x64,0x65,
  0x66,0x69,0x6e,0x65,0x64,0x20,0x26,0x26,0x20,0x70,0x72,0x6f,0x70,0x73,0x20,0x21,
  0x3d,0x3d,0x20,0x6e,0x75,0x6c,0x6c,0x20,0x26,0x26,0xa,0x20,0x20,0x20,0x20,0x20,
  0x20,0x20,0x20,0x20,0x20,0x20,0x20,0x70,0x72,0x6f,0x70,0x73,0x5b,0x6e,0x61,0x6d,
  0x65,0x5d,0x20,0x21,0x3d,0x3d,0x20,0x75,0x6e,0x64,0x65,0x66,0x69,0x6e,0x65,0x64,
  0x20,0x26,0x26,0x20,0x70,0x72,0x6f,0x70,0x73,0x5b,0x6e,0x61,0x6d,0x65,0x5d,0x20,
  0x21,0x3d,0x3d,0x20,0x6e,0x75,0x6c,0x6c,0xa,0x7d,0xa,0xa,0x66,0x75,0x6e,0x63,
  0x74,0x69,0x6f,0x6e,0x20,0x73,0x74,0x72,0x28,0x70,0x72,0x6f,0x70,0x73,0x2c,0x20,
  0x6e,0x61,0x6d,0x65,0x2c,0x20,0x66,0x61,0x6c,0x6c,0x62,0x61,0x63,0x6b,0x29,0x20,
  0x7b,0xa,0x20,0x20,0x20,0x20,0x76,0x61,0x72,0x20,0x76,0x20,0x3d,0x20,0x68,0x61,
  0x73,0x28,0x70,0x72,0x6f,0x70,0x73,0x2c,0x20,0x6e,0x61,0x6d,0x65,0x29,0x20,0x3f,
  0x20,0x70,0x72,0x6f,0x70,0x73,0x5b,0x6e,0x61,0x6d,0x65,0x5d,0x20,0x3a,0x20,0x75,
  0x6e,0x64,0x65,0x66,0x69,0x6e,0x65,0x64,0xa,0x20,0x20,0x20,0x20,0x72,0x65,0x74,
  0x75,0x72,0x6e,0x20,0x74,0x79,0x70,0x65,0x6f,0x66,0x20,0x76,0x20,0x3d,0x3d,0x3d,
  0x20,0x22,0x73,0x74,0x72,0x69,0x6e,0x67,0x22,0x20,0x3f,0x20,0x76,0x20,0x3a,0x20,
  0x28,0x66,0x61,0x6c,0x6c,0x62,0x61,0x63,0x6b,0x20,0x21,0x3d,0x3d,0x20,0x75,0x6e,
  0x64,0x65,0x66,0x69,0x6e,0x65,0x64,0x20,0x3f,0x20,0x66,0x61,0x6c,0x6c,0x62,0x61,
  0x63,0x6b,0x20,0x3a,0x20,0x22,0x22,0x29,0xa,0x7d,0xa,0xa,0x66,0x75,0x6e,0x63,
  0x74,0x69,0x6f,0x6e,0x20,0x6e,0x75,0x6d,0x28,0x70,0x72,0x6f,0x70,0x73,0x2c,0x20,
  0x6e,0x61,0x6d,0x65,0x2c,0x20,0x66,0x61,0x6c,0x6c,0x62,0x61,0x63,0x6b,0x29,0x20,
  0x7b,0xa,0x20,0x20,0x20,0x20,0x76,0x61,0x72,0x20,0x76,0x20,0x3d,0x20,0x68,0x61,
  0x73,0x28,0x70,0x72,0x6f,0x70,0x73,0x2c,0x20,0x6e,0x61,0x6d,0x65,0x29,0x20,0x3f,
  0x20,0x70,0x72,0x6f,0x70,0x73,0x5b,0x6e,0x61,0x6d,0x65,0x5d,0x20,0x3a,0x20,0x75,
  0x6e,0x64,0x65,0x66,0x69,0x6e,0x65,0x64,0xa,0x20,0x20,0x20,0x20,0x72,0x65,0x74,
  0x75,0x72,0x6e,0x20,0x74,0x79,0x70,0x65,0x6f,0x66,0x20,0x76,0x20,0x3d,0x3d,0x3d,
  0x20,0x22,0x6e,0x75,0x6d,0x62,0x65,0x72,0x22,0x20,0x26,0x26,0x20,0x69,0x73,0x46,
  0x69,0x6e,0x69,0x74,0x65,0x28,0x76,0x29,0x20,0x3f,0x20,0x76,0xa,0x20,0x20,0x20,
  0x20,0x20,0x20,0x20,0x20,0x20,0x3a,0x20,0x28,0x66,0x61,0x6c,0x6c,0x62,0x61,0x63,
  0x6b,0x20,0x21,0x3d,0x3d,0x20,0x75,0x6e,0x64,0x65,0x66,0x69,0x6e,0x65,0x64,0x20,
  0x3f,0x20,0x66,0x61,0x6c,0x6c,0x62,0x61,0x63,0x6b,0x20,0x3a,0x20,0x30,0x29,0xa,
  0x7d,0xa,0xa,0x66,0x75,0x6e,0x63,0x74,0x69,0x6f,0x6e,0x20,0x62,0x6f,0x6f,0x6c,
  0x28,0x70,0x72,0x6f,0x70,0x73,0x2c,0x20,0x6e,0x61,0x6d,0x65,0x2c,0x20,0x66,0x61,
  0x6c,0x6c,0x62,0x61,0x63,0x6b,0x29,0x20,0x7b,0xa,0x20,0x20,0x20,0x20,0x76,0x61,
  0x72,0x20,0x76,0x20,0x3d,0x20,0x68,0x61,0x73,0x28,0x70,0x72,0x6f,0x70,0x73,0x2c,
  0x20,0x6e,0x61,0x6d,0x65,0x29,0x20,0x3f,0x20,0x70,0x72,0x6f,0x70,0x73,0x5b,0x6e,
  0x61,0x6d,0x65,0x5d,0x20,0x3a,0x20,0x75,0x6e,0x64,0x65,0x66,0x69,0x6e,0x65,0x64,
  0xa,0x20,0x20,0x20,0x20,0x72,0x65,0x74,0x75,0x72,0x6e,0x20,0x74,0x79,0x70,0x65,
  0x6f,0x66,0x20,0x76,0x20,0x3d,0x3d,0x3d,0x20,0x22,0x62,0x6f,0x6f,0x6c,0x65,0x61,
  0x6e,0x22,0x20,0x3f,0x20,0x76,0x20,0x3a,0x20,0x28,0x66,0x61,0x6c,0x6c,0x62,0x61,
  0x63,0x6b,0x20,0x21,0x3d,0x3d,0x20,0x75,0x6e,0x64,0x65,0x66,0x69,0x6e,0x65,0x64,
  0x20,0x3f,0x20,0x66,0x61,0x6c,0x6c,0x62,0x61,0x63,0x6b,0x20,0x3a,0x20,0x66,0x61,
  0x6c,0x73,0x65,0x29,0xa,0x7d,0xa,0xa,0x66,0x75,0x6e,0x63,0x74,0x69,0x6f,0x6e,
  0x20,0x66,0x6f,0x6e,0x74,0x53,0x69,0x7a,0x65,0x28,0x73,0x69,0x7a,0x65,0x29,0x20,
  0x7b,0xa,0x20,0x20,0x20,0x20,0x73,0x77,0x69,0x74,0x63,0x68,0x20,0x28,0x73,0x69,
  0x7a,0x65,0x29,0x20,0x7b,0xa,0x20,0x20,0x20,0x20,0x63,0x61,0x73,0x65,0x20,0x22,
  0x73,0x6d,0x22,0x3a,0x20,0x72,0x65,0x74,0x75,0x72,0x6e,0x20,0x31,0x32,0xa,0x20,
  0x20,0x20,0x20,0x63,0x61,0x73,0x65,0x20,0x22,0x6c,0x67,0x22,0x3a,0x20,0x72,0x65,
  0x74,0x75,0x72,0x6e,0x20,0x31,0x38,0xa,0x20,0x20,0x20,0x20,0x63,0x61,0x73,0x65,
  0x20,0x22,0x69,0x63,0x6f,0x6e,0x22,0x3a,0x20,0x72,0x65,0x74,0x75,0x72,0x6e,0x20,
  0x31,0x36,0xa,0x20,0x20,0x20,0x20,0x63,0x61,0x73,0x65,0x20,0x22,0x68,0x65,0x61,
  0x64,0x69,0x6e,0x67,0x22,0x3a,0x20,0x72,0x65,0x74,0x75,0x72,0x6e,0x20,0x32,0x34,
  0xa,0x20,0x20,0x20,0x20,0x63,0x61,0x73,0x65,0x20,0x22,0x64,0x69,0x73,0x70,0x6c,
  0x61,0x79,0x22,0x3a,0x20,0x72,0x65,0x74,0x75,0x72,0x6e,0x20,0x33,0x36,0xa,0x20,
  0x20,0x20,0x20,0x64,0x65,0x66,0x61,0x75,0x6c,0x74,0x3a,0x20,0x72,0x65,0x74,0x75,
  0x72,0x6e,0x20,0x31,0x34,0xa,0x20,0x20,0x20,0x20,0x7d,0xa,0x7d,0xa,0xa,0x66,
  0x75,0x6e,0x63,0x74,0x69,0x6f,0x6e,0x20,0x68,0x65,0x61,0x64,0x69,0x6e,0x67,0x50,
  0x69,0x78,0x65,0x6c,0x53,0x69,0x7a,0x65,0x28,0x6c,0x65,0x76,0x65,0x6c,0x29,0x20,
  0x7b,0xa,0x20,0x20,0x20,0x20,0x76,0x61,0x72,0x20,0x73,0x69,0x7a,0x65,0x73,0x20,
  0x3d,0x20,0x5b,0x33,0x32,0x2c,0x20,0x32,0x38,0x2c,0x20,0x32,0x34,0x2c,0x20,0x32,
  0x30,0x2c,0x20,0x31,0x38,0x2c,0x20,0x31,0x36,0x5d,0xa,0x20,0x20,0x20,0x20,0x76,
  0x61,0x72,0x20,0x69,0x6e,0x64,0x65,0x78,0x20,0x3d,0x20,0x4d,0x61,0x74,0x68,0x2e,
  0x6d,0x61,0x78,0x28,0x30,0x2c,0x20,0x4d,0x61,0x74,0x68,0x2e,0x6d,0x69,0x6e,0x28,
  0x35,0x2c,0x20,0x6c,0x65,0x76,0x65,0x6c,0x20,0x2d,0x20,0x31,0x29,0x29,0xa,0x20,
  0x20,0x20,0x20,0x72,0x65,0x74,0x75,0x72,0x6e,0x20,0x73,0x69,0x7a,0x65,0x73,0x5b,
  0x69,0x6e,0x64,0x65,0x78,0x5d,0xa,0x7d,0xa,0xa,0x66,0x75,0x6e,0x63,0x74,0x69,
  0x6f,0x6e,0x20,0x66,0x69,0x6c,0x6c,0x4d,0x61,0x69,0x6e,0x57,0x69,0x64,0x74,0x68,
  0x28,0x70,0x72,0x6f,0x70,0x73,0x29,0x20,0x7b,0xa,0x20,0x20,0x20,0x20,0x72,0x65,
  0x74,0x75,0x72,0x6e,0x20,0x6e,0x75,0x6d,0x28,0x70,0x72,0x6f,0x70,0x73,0x2c,0x20,
  0x22,0x67,0x72,0x6f,0x77,0x22,0x2c,0x20,0x30,0x29,0x20,0x3e,0x20,0x30,0x20,0x7c,
  0x7c,0xa,0x20,0x20,0x20,0x20,0x20,0x20,0x20,0x20,0x20,0x20,0x20,0x20,0x70,0x72,
  0x6f,0x70,0x73,0x5b,0x22,0x63,0x6f,0x6e,0x74,0x61,0x69,0x6e,0x65,0x72,0x2d,0x72,
  0x65,0x6c,0x61,0x74,0x69,0x76,0x65,0x2d,0x66,0x72,0x61,0x6d,0x65,0x22,0x5d,0x20,
  0x3d,0x3d,0x3d,0x20,0x22,0x68,0x6f,0x72,0x69,0x7a,0x6f,0x6e,0x74,0x61,0x6c,0x22,
  0x20,0x7c,0x7c,0xa,0x20,0x20,0x20,0x20,0x20,0x20,0x20,0x20,0x20,0x20,0x20,0x20,
  0x70,0x72,0x6f,0x70,0x73,0x5b,0x22,0x63,0x6f,0x6e,0x74,0x61,0x69,0x6e,0x65,0x72,
  0x2d,0x72,0x65,0x6c,0x61,0x74,0x69,0x76,0x65,0x2d,0x66,0x72,0x61,0x6d,0x65,0x22,
  0x5d,0x20,0x3d,0x3d,0x3d,0x20,0x22,0x62,0x6f,0x74,0x68,0x22,0xa,0x7d,0xa,0xa,
  0x66,0x75,0x6e,0x63,0x74,0x69,0x6f,0x6e,0x20,0x66,0x69,0x6c,0x6c,0x4d,0x61,0x69,
  0x6e,0x48,0x65,0x69,0x67,0x68,0x74,0x28,0x70,0x72,0x6f,0x70,0x73,0x29,0x20,0x7b,
  0xa,0x20,0x20,0x20,0x20,0x72,0x65,0x74,0x75,0x72,0x6e,0x20,0x6e,0x75,0x6d,0x28,
  0x70,0x72,0x6f,0x70,0x73,0x2c,0x20,0x22,0x67,0x72,0x6f,0x77,0x22,0x2c,0x20,0x30,
  0x29,0x20,0x3e,0x20,0x30,0x20,0x7c,0x7c,0xa,0x20,0x20,0x20,0x20,0x20,0x20,0x20,
  0x20,0x20,0x20,0x20,0x20,0x70,0x72,0x6f,0x70,0x73,0x5b,0x22,0x63,0x6f,0x6e,0x74,
  0x61,0x69,0x6e,0x65,0x72,0x2d,0x72,0x65,0x6c,0x61,0x74,0x69,0x76,0x65,0x2d,0x66,
  0x72,0x61,0x6d,0x65,0x22,0x5d,0x20,0x3d,0x3d,0x3d,0x20,0x22,0x76,0x65,0x72,0x74,
  0x69,0x63,0x61,0x6c,0x22,0x20,0x7c,0x7c,0xa,0x20,0x20,0x20,0x20,0x20,0x20,0x20,
  0x20,0x20,0x20,0x20,0x20,0x70,0x72,0x6f,0x70,0x73,0x5b,0x22,0x63,0x6f,0x6e,0x74,
  0x61,0x69,0x6e,0x65,0x72,0x2d,0x72,0x65,0x6c,0x61,0x74,0x69,0x76,0x65,0x2d,0x66,
  0x72,0x61,0x6d,0x65,0x22,0x5d,0x20,0x3d,0x3d,0x3d,0x20,0x22,0x62,0x6f,0x74,0x68,
  0x22,0xa,0x7d,0xa,0xa,0x66,0x75,0x6e,0x63,0x74,0x69,0x6f,0x6e,0x20,0x6d,0x61,
  0x69,0x6e,0x41,0x6c,0x69,0x67,0x6e,0x28,0x70,0x72,0x6f,0x70,0x73,0x29,0x20,0x7b,
  0xa,0x20,0x20,0x20,0x20,0x72,0x65,0x74,0x75,0x72,0x6e,0x20,0x73,0x74,0x72,0x28,
  0x70,0x72,0x6f,0x70,0x73,0x2c,0x20,0x22,0x6d,0x61,0x69,0x6e,0x22,0x2c,0x20,0x22,
  0x73,0x74,0x61,0x72,0x74,0x22,0x29,0xa,0x7d,0xa,0xa,0x66,0x75,0x6e,0x63,0x74,
  0x69,0x6f,0x6e,0x20,0x6e,0x65,0x65,0x64,0x73,0x4c,0x65,0x61,0x64,0x46,0x69,0x6c,
  0x6c,0x65,0x72,0x28,0x70,0x72,0x6f,0x70,0x73,0x29,0x20,0x7b,0xa,0x20,0x20,0x20,
  0x20,0x76,0x61,0x72,0x20,0x61,0x20,0x3d,0x20,0x6d,0x61,0x69,0x6e,0x41,0x6c,0x69,
  0x67,0x6e,0x28,0x70,0x72,0x6f,0x70,0x73,0x29,0xa,0x20,0x20,0x20,0x20,0x72,0x65,
  0x74,0x75,0x72,0x6e,0x20,0x61,0x20,0x3d,0x3d,0x3d,0x20,0x22,0x63,0x65,0x6e,0x74,
  0x65,0x72,0x22,0x20,0x7c,0x7c,0x20,0x61,0x20,0x3d,0x3d,0x3d,0x20,0x22,0x65,0x6e,
  0x64,0x22,0x20,0x7c,0x7c,0x20,0x61,0x20,0x3d,0x3d,0x3d,0x20,0x22,0x73,0x70,0x61,
  0x63,0x65,0x5f,0x62,0x65,0x74,0x77,0x65,0x65,0x6e,0x22,0xa,0x7d,0xa,0xa,0x66,
  0x75,0x6e,0x63,0x74,0x69,0x6f,0x6e,0x20,0x6e,0x65,0x65,0x64,0x73,0x54,0x72,0x61,
  0x69,0x6c,0x46,0x69,0x6c,0x6c,0x65,0x72,0x28,0x70,0x72,0x6f,0x70,0x73,0x29,0x20,
  0x7b,0xa,0x20,0x20,0x20,0x20,0x76,0x61,0x72,0x20,0x61,0x20,0x3d,0x20,0x6d,0x61,
  0x69,0x6e,0x41,0x6c,0x69,0x67,0x6e,0x28,0x70,0x72,0x6f,0x70,0x73,0x29,0xa,0x20,
  0x20,0x20,0x20,0x72,0x65,0x74,0x75,0x72,0x6e,0x20,0x61,0x20,0x3d,0x3d,0x3d,0x20,
  0x22,0x63,0x65,0x6e,0x74,0x65,0x72,0x22,0x20,0x7c,0x7c,0x20,0x61,0x20,0x3d,0x3d,
  0x3d,0x20,0x22,0x73,0x70,0x61,0x63,0x65,0x5f,0x62,0x65,0x74,0x77,0x65,0x65,0x6e,
  0x22,0xa,0x7d,0xa,0xa,0x66,0x75,0x6e,0x63,0x74,0x69,0x6f,0x6e,0x20,0x73,0x74,
  0x72,0x65,0x74,0x63,0x68,0x43,0x72,0x6f,0x73,0x73,0x28,0x70,0x72,0x6f,0x70,0x73,
  0x29,0x20,0x7b,0xa,0x20,0x20,0x20,0x20,0x72,0x65,0x74,0x75,0x72,0x6e,0x20,0x21,
  0x68,0x61,0x73,0x28,0x70,0x72,0x6f,0x70,0x73,0x2c,0x20,0x22,0x63,0x72,0x6f,0x73,
  0x73,0x22,0x29,0x20,0x7c,0x7c,0x20,0x70,0x72,0x6f,0x70,0x73,0x5b,0x22,0x63,0x72,
  0x6f,0x73,0x73,0x22,0x5d,0x20,0x3d,0x3d,0x3d,0x20,0x22,0x73,0x74,0x72,0x65,0x74,
  0x63,0x68,0x22,0xa,0x7d,0xa,0xa,0x66,0x75,0x6e,0x63,0x74,0x69,0x6f,0x6e,0x20,
  0x63,0x72,0x6f,0x73,0x73,0x41,0x6c,0x69,0x67,0x6e,0x6d,0x65,0x6e,0x74,0x45,0x6e,
  0x75,0x6d,0x28,0x70,0x72,0x6f,0x70,0x73,0x2c,0x20,0x68,0x6f,0x72,0x69,0x7a,0x6f,
  0x6e,0x74,0x61,0x6c,0x29,0x20,0x7b,0xa,0x20,0x20,0x20,0x20,0x73,0x77,0x69,0x74,
  0x63,0x68,0x20,0x28,0x73,0x74,0x72,0x28,0x70,0x72,0x6f,0x70,0x73,0x2c,0x20,0x22,
  0x63,0x72,0x6f,0x73,0x73,0x22,0x2c,0x20,0x22,0x73,0x74,0x72,0x65,0x74,0x63,0x68,
  0x22,0x29,0x29,0x20,0x7b,0xa,0x20,0x20,0x20,0x20,0x63,0x61,0x73,0x65,0x20,0x22,
  0x73,0x74,0x61,0x72,0x74,0x22,0x3a,0x20,0x72,0x65,0x74,0x75,0x72,0x6e,0x20,0x68,
  0x6f,0x72,0x69,0x7a,0x6f,0x6e,0x74,0x61,0x6c,0x20,0x3f,0x20,0x51,0x74,0x2e,0x41,
  0x6c,0x69,0x67,0x6e,0x54,0x6f,0x70,0x20,0x3a,0x20,0x51,0x74,0x2e,0x41,0x6c,0x69,
  0x67,0x6e,0x4c,0x65,0x66,0x74,0xa,0x20,0x20,0x20,0x20,0x63,0x61,0x73,0x65,0x20,
  0x22,0x63,0x65,0x6e,0x74,0x65,0x72,0x22,0x3a,0x20,0x72,0x65,0x74,0x75,0x72,0x6e,
  0x20,0x51,0x74,0x2e,0x41,0x6c,0x69,0x67,0x6e,0x43,0x65,0x6e,0x74,0x65,0x72,0xa,
  0x20,0x20,0x20,0x20,0x63,0x61,0x73,0x65,0x20,0x22,0x65,0x6e,0x64,0x22,0x3a,0x20,
  0x72,0x65,0x74,0x75,0x72,0x6e,0x20,0x68,0x6f,0x72,0x69,0x7a,0x6f,0x6e,0x74,0x61,
  0x6c,0x20,0x3f,0x20,0x51,0x74,0x2e,0x41,0x6c,0x69,0x67,0x6e,0x42,0x6f,0x74,0x74,
  0x6f,0x6d,0x20,0x3a,0x20,0x51,0x74,0x2e,0x41,0x6c,0x69,0x67,0x6e,0x52,0x69,0x67,
  0x68,0x74,0xa,0x20,0x20,0x20,0x20,0x64,0x65,0x66,0x61,0x75,0x6c,0x74,0x3a,0x20,
  0x72,0x65,0x74,0x75,0x72,0x6e,0x20,0x68,0x6f,0x72,0x69,0x7a,0x6f,0x6e,0x74,0x61,
  0x6c,0x20,0x3f,0x20,0x51,0x74,0x2e,0x41,0x6c,0x69,0x67,0x6e,0x54,0x6f,0x70,0x20,
  0x3a,0x20,0x51,0x74,0x2e,0x41,0x6c,0x69,0x67,0x6e,0x4c,0x65,0x66,0x74,0xa,0x20,
  0x20,0x20,0x20,0x7d,0xa,0x7d,0xa,0xa,0x66,0x75,0x6e,0x63,0x74,0x69,0x6f,0x6e,
  0x20,0x74,0x65,0x78,0x74,0x41,0x6c,0x69,0x67,0x6e,0x45,0x6e,0x75,0x6d,0x28,0x70,
  0x72,0x6f,0x70,0x73,0x29,0x20,0x7b,0xa,0x20,0x20,0x20,0x20,0x73,0x77,0x69,0x74,
  0x63,0x68,0x20,0x28,0x73,0x74,0x72,0x28,0x70,0x72,0x6f,0x70,0x73,0x2c,0x20,0x22,
  0x74,0x65,0x78,0x74,0x2d,0x61,0x6c,0x69,0x67,0x6e,0x6d,0x65,0x6e,0x74,0x22,0x2c,
  0x20,0x22,0x73,0x74,0x61,0x72,0x74,0x22,0x29,0x29,0x20,0x7b,0xa,0x20,0x20,0x20,
  0x20,0x63,0x61,0x73,0x65,0x20,0x22,0x63,0x65,0x6e,0x74,0x65,0x72,0x22,0x3a,0x20,
  0x72,0x65,0x74,0x75,0x72,0x6e,0x20,0x34,0x20,0x2f,0x2f,0x20,0x54,0x65,0x78,0x74,
  0x2e,0x41,0x6c,0x69,0x67,0x6e,0x48,0x43,0x65,0x6e,0x74,0x65,0x72,0xa,0x20,0x20,
  0x20,0x20,0x63,0x61,0x73,0x65,0x20,0x22,0x65,0x6e,0x64,0x22,0x3a,0x20,0x72,0x65,
  0x74,0x75,0x72,0x6e,0x20,0x32,0x20,0x2f,0x2f,0x20,0x54,0x65,0x78,0x74,0x2e,0x41,
  0x6c,0x69,0x67,0x6e,0x52,0x69,0x67,0x68,0x74,0xa,0x20,0x20,0x20,0x20,0x64,0x65,
  0x66,0x61,0x75,0x6c,0x74,0x3a,0x20,0x72,0x65,0x74,0x75,0x72,0x6e,0x20,0x31,0x20,
  0x2f,0x2f,0x20,0x54,0x65,0x78,0x74,0x2e,0x41,0x6c,0x69,0x67,0x6e,0x4c,0x65,0x66,
  0x74,0xa,0x20,0x20,0x20,0x20,0x7d,0xa,0x7d,0xa,0xa,0x66,0x75,0x6e,0x63,0x74,
  0x69,0x6f,0x6e,0x20,0x63,0x6f,0x6e,0x74,0x72,0x6f,0x6c,0x50,0x61,0x64,0x64,0x69,
  0x6e,0x67,0x28,0x73,0x69,0x7a,0x65,0x29,0x20,0x7b,0xa,0x20,0x20,0x20,0x20,0x73,
  0x77,0x69,0x74,0x63,0x68,0x20,0x28,0x73,0x69,0x7a,0x65,0x29,0x20,0x7b,0xa,0x20,
  0x20,0x20,0x20,0x63,0x61,0x73,0x65,0x20,0x22,0x73,0x6d,0x22,0x3a,0x20,0x72,0x65,
  0x74,0x75,0x72,0x6e,0x20,0x36,0xa,0x20,0x20,0x20,0x20,0x63,0x61,0x73,0x65,0x20,
  0x22,0x6c,0x67,0x22,0x3a,0x20,0x72,0x65,0x74,0x75,0x72,0x6e,0x20,0x31,0x34,0xa,
  0x20,0x20,0x20,0x20,0x63,0x61,0x73,0x65,0x20,0x22,0x69,0x63,0x6f,0x6e,0x22,0x3a,
  0x20,0x72,0x65,0x74,0x75,0x72,0x6e,0x20,0x36,0xa,0x20,0x20,0x20,0x20,0x64,0x65,
  0x66,0x61,0x75,0x6c,0x74,0x3a,0x20,0x72,0x65,0x74,0x75,0x72,0x6e,0x20,0x31,0x30,
  0xa,0x20,0x20,0x20,0x20,0x7d,0xa,0x7d,0xa,0xa,0x66,0x75,0x6e,0x63,0x74,0x69,
  0x6f,0x6e,0x20,0x69,0x63,0x6f,0x6e,0x53,0x6f,0x75,0x72,0x63,0x65,0x28,0x6e,0x61,
  0x6d,0x65,0x29,0x20,0x7b,0xa,0x20,0x20,0x20,0x20,0x69,0x66,0x20,0x28,0x6e,0x61,
  0x6d,0x65,0x20,0x3d,0x3d,0x3d,0x20,0x75,0x6e,0x64,0x65,0x66,0x69,0x6e,0x65,0x64,
  0x20,0x7c,0x7c,0x20,0x6e,0x61,0x6d,0x65,0x20,0x3d,0x3d,0x3d,0x20,0x6e,0x75,0x6c,
  0x6c,0x20,0x7c,0x7c,0x20,0x6e,0x61,0x6d,0x65,0x20,0x3d,0x3d,0x3d,0x20,0x22,0x22,
  0x29,0x20,0x72,0x65,0x74,0x75,0x72,0x6e,0x20,0x22,0x22,0xa,0x20,0x20,0x20,0x20,
  0x69,0x66,0x20,0x28,0x53,0x74,0x72,0x69,0x6e,0x67,0x28,0x6e,0x61,0x6d,0x65,0x29,
  0x2e,0x69,0x6e,0x64,0x65,0x78,0x4f,0x66,0x28,0x22,0x61,0x70,0x70,0x3a,0x22,0x29,
  0x20,0x3d,0x3d,0x3d,0x20,0x30,0x29,0x20,0x72,0x65,0x74,0x75,0x72,0x6e,0x20,0x22,
  0x22,0xa,0x20,0x20,0x20,0x20,0x72,0x65,0x74,0x75,0x72,0x6e,0x20,0x22,0x69,0x63,
  0x6f,0x6e,0x73,0x2f,0x22,0x20,0x2b,0x20,0x6e,0x61,0x6d,0x65,0x20,0x2b,0x20,0x22,
  0x2e,0x73,0x76,0x67,0x22,0xa,0x7d,0xa,
    // /home/ubuntu/repos/lui/platform/qt/qml/LuiRadio.qml
  0x0,0x0,0x4,0xdc,
  0x69,
  0x6d,0x70,0x6f,0x72,0x74,0x20,0x51,0x74,0x51,0x75,0x69,0x63,0x6b,0xa,0x69,0x6d,
  0x70,0x6f,0x72,0x74,0x20,0x51,0x74,0x51,0x75,0x69,0x63,0x6b,0x2e,0x43,0x6f,0x6e,
  0x74,0x72,0x6f,0x6c,0x73,0xa,0x69,0x6d,0x70,0x6f,0x72,0x74,0x20,0x22,0x4c,0x75,
  0x69,0x53,0x74,0x79,0x6c,0x65,0x2e,0x6a,0x73,0x22,0x20,0x61,0x73,0x20,0x53,0x74,
  0x79,0x6c,0x65,0xa,0xa,0x2f,0x2f,0x20,0x57,0x69,0x72,0x65,0x20,0x6b,0x69,0x6e,
  0x64,0x3a,0x20,0x72,0x61,0x64,0x69,0x6f,0x20,0xe2,0x80,0x94,0x20,0x6f,0x6e,0x65,
  0x20,0x6f,0x70,0x74,0x69,0x6f,0x6e,0x20,0x69,0x6e,0x73,0x69,0x64,0x65,0x20,0x61,
  0x20,0x72,0x61,0x64,0x69,0x6f,0x2d,0x67,0x72,0x6f,0x75,0x70,0x3b,0x20,0x73,0x65,
  0x6c,0x65,0x63,0x74,0x69,0x6f,0x6e,0x20,0x67,0x6f,0x65,0x73,0xa,0x2f,0x2f,0x20,
  0x74,0x68,0x72,0x6f,0x75,0x67,0x68,0x20,0x74,0x68,0x65,0x20,0x63,0x68,0x61,0x6e,
  0x67,0x65,0x20,0x65,0x76,0x65,0x6e,0x74,0x2e,0xa,0x52,0x61,0x64,0x69,0x6f,0x42,
  0x75,0x74,0x74,0x6f,0x6e,0x20,0x7b,0xa,0x20,0x20,0x20,0x20,0x69,0x64,0x3a,0x20,
  0x72,0x61,0x64,0x69,0x6f,0xa,0x20,0x20,0x20,0x20,0x72,0x65,0x71,0x75,0x69,0x72,
  0x65,0x64,0x20,0x70,0x72,0x6f,0x70,0x65,0x72,0x74,0x79,0x20,0x76,0x61,0x72,0x20,
  0x6e,0x6f,0x64,0x65,0xa,0x20,0x20,0x20,0x20,0x72,0x65,0x61,0x64,0x6f,0x6e,0x6c,
  0x79,0x20,0x70,0x72,0x6f,0x70,0x65,0x72,0x74,0x79,0x20,0x76,0x61,0x72,0x20,0x70,
  0x72,0x6f,0x70,0x73,0x3a,0x20,0x6e,0x6f,0x64,0x65,0x20,0x3f,0x20,0x6e,0x6f,0x64,
  0x65,0x2e,0x70,0x72,0x6f,0x70,0x65,0x72,0x74,0x69,0x65,0x73,0x20,0x3a,0x20,0x28,
  0x7b,0x7d,0x29,0xa,0xa,0x20,0x20,0x20,0x20,0x74,0x65,0x78,0x74,0x3a,0x20,0x53,
  0x74,0x79,0x6c,0x65,0x2e,0x73,0x74,0x72,0x28,0x70,0x72,0x6f,0x70,0x73,0x2c,0x20,
  0x22,0x74,0x65,0x78,0x74,0x22,0x2c,0x20,0x22,0x22,0x29,0xa,0x20,0x20,0x20,0x20,
  0x63,0x68,0x65,0x63,0x6b,0x65,0x64,0x3a,0x20,0x70,0x72,0x6f,0x70,0x73,0x5b,0x22,
  0x63,0x68,0x65,0x63,0x6b,0x65,0x64,0x22,0x5d,0x20,0x3d,0x3d,0x3d,0x20,0x74,0x72,
  0x75,0x65,0xa,0x20,0x20,0x20,0x20,0x65,0x6e,0x61,0x62,0x6c,0x65,0x64,0x3a,0x20,
  0x70,0x72,0x6f,0x70,0x73,0x5b,0x22,0x65,0x6e,0x61,0x62,0x6c,0x65,0x64,0x22,0x5d,
  0x20,0x21,0x3d,0x3d,0x20,0x66,0x61,0x6c,0x73,0x65,0xa,0x20,0x20,0x20,0x20,0x63,
  0x68,0x65,0x63,0x6b,0x61,0x62,0x6c,0x65,0x3a,0x20,0x66,0x61,0x6c,0x73,0x65,0x20,
  0x2f,0x2f,0x20,0x63,0x68,0x65,0x63,0x6b,0x65,0x64,0x20,0x73,0x74,0x61,0x74,0x65,
  0x20,0x69,0x73,0x20,0x6f,0x77,0x6e,0x65,0x64,0x20,0x62,0x79,0x20,0x74,0x68,0x65,
  0x20,0x77,0x69,0x72,0x65,0xa,0xa,0x20,0x20,0x20,0x20,0x69,0x6e,0x64,0x69,0x63,
  0x61,0x74,0x6f,0x72,0x3a,0x20,0x52,0x65,0x63,0x74,0x61,0x6e,0x67,0x6c,0x65,0x20,
  0x7b,0xa,0x20,0x20,0x20,0x20,0x20,0x20,0x20,0x20,0x69,0x6d,0x70,0x6c,0x69,0x63,
  0x69,0x74,0x57,0x69,0x64,0x74,0x68,0x3a,0x20,0x31,0x38,0xa,0x20,0x20,0x20,0x20,
  0x20,0x20,0x20,0x20,0x69,0x6d,0x70,0x6c,0x69,0x63,0x69,0x74,0x48,0x65,0x69,0x67,
  0x68,0x74,0x3a,0x20,0x31,0x38,0xa,0x20,0x20,0x20,0x20,0x20,0x20,0x20,0x20,0x78,
  0x3a,0x20,0x72,0x61,0x64,0x69,0x6f,0x2e,0x6c,0x65,0x66,0x74,0x50,0x61,0x64,0x64,
  0x69,0x6e,0x67,0xa,0x20,0x20,0x20,0x20,0x20,0x20,0x20,0x20,0x79,0x3a,0x20,0x72,
  0x61,0x64,0x69,0x6f,0x2e,0x74,0x6f,0x70,0x50,0x61,0x64,0x64,0x69,0x6e,0x67,0x20,
  0x2b,0x20,0x28,0x72,0x61,0x64,0x69,0x6f,0x2e,0x61,0x76,0x61,0x69,0x6c,0x61,0x62,
  0x6c,0x65,0x48,0x65,0x69,0x67,0x68,0x74,0x20,0x2d,0x20,0x68,0x65,0x69,0x67,0x68,
  0x74,0x29,0x20,0x2f,0x20,0x32,0xa,0x20,0x20,0x20,0x20,0x20,0x20,0x20,0x20,0x72,
  0x61,0x64,0x69,0x75,0x73,0x3a,0x20,0x39,0xa,0x20,0x20,0x20,0x20,0x20,0x20,0x20,
  0x20,0x63,0x6f,0x6c,0x6f,0x72,0x3a,0x20,0x22,0x74,0x72,0x61,0x6e,0x73,0x70,0x61,
  0x72,0x65,0x6e,0x74,0x22,0xa,0x20,0x20,0x20,0x20,0x20,0x20,0x20,0x20,0x62,0x6f,
  0x72,0x64,0x65,0x72,0x2e,0x63,0x6f,0x6c,0x6f,0x72,0x3a,0x20,0x72,0x61,0x64,0x69,
  0x6f,0x2e,0x63,0x68,0x65,0x63,0x6b,0x65,0x64,0x20,0x3f,0x20,0x22,0x23,0x30,0x30,
  0x37,0x61,0x66,0x66,0x22,0x20,0x3a,0x20,0x22,0x23,0x61,0x31,0x61,0x31,0x61,0x61,
  0x22,0xa,0x20,0x20,0x20,0x20,0x20,0x20,0x20,0x20,0x62,0x6f,0x72,0x64,0x65,0x72,
  0x2e,0x77,0x69,0x64,0x74,0x68,0x3a,0x20,0x31,0xa,0xa,0x20,0x20,0x20,0x20,0x20,
  0x20,0x20,0x20,0x52,0x65,0x63,0x74,0x61,0x6e,0x67,0x6c,0x65,0x20,0x7b,0xa,0x20,
  0x20,0x20,0x20,0x20,0x20,0x20,0x20,0x20,0x20,0x20,0x20,0x61,0x6e,0x63,0x68,0x6f,
  0x72,0x73,0x2e,0x63,0x65,0x6e,0x74,0x65,0x72,0x49,0x6e,0x3a,0x20,0x70,0x61,0x72,
  0x65,0x6e,0x74,0xa,0x20,0x20,0x20,0x20,0x20,0x20,0x20,0x20,0x20,0x20,0x20,0x20,
  0x77,0x69,0x64,0x74,0x68,0x3a,0x20,0x31,0x30,0xa,0x20,0x20,0x20,0x20,0x20,0x20,
  0x20,0x20,0x20,0x20,0x20,0x20,0x68,0x65,0x69,0x67,0x68,0x74,0x3a,0x20,0x31,0x30,
  0xa,0x20,0x20,0x20,0x20,0x20,0x20,0x20,0x20,0x20,0x20,0x20,0x20,0x72,0x61,0x64,
  0x69,0x75,0x73,0x3a,0x20,0x35,0xa,0x20,0x20,0x20,0x20,0x20,0x20,0x20,0x20,0x20,
  0x20,0x20,0x20,0x63,0x6f,0x6c,0x6f,0x72,0x3a,0x20,0x22,0x23,0x30,0x30,0x37,0x61,
  0x66,0x66,0x22,0xa,0x20,0x20,0x20,0x20,0x20,0x20,0x20,0x20,0x20,0x20,0x20,0x20,
  0x76,0x69,0x73,0x69,0x62,0x6c,0x65,0x3a,0x20,0x72,0x61,0x64,0x69,0x6f,0x2e,0x63,
  0x68,0x65,0x63,0x6b,0x65,0x64,0xa,0x20,0x20,0x20,0x20,0x20,0x20,0x20,0x20,0x7d,
  0xa,0x20,0x20,0x20,0x20,0x7d,0xa,0xa,0x20,0x20,0x20,0x20,0x63,0x6f,0x6e,0x74,
  0x65,0x6e,0x74,0x49,0x74,0x65,0x6d,0x3a,0x20,0x54,0x65,0x78,0x74,0x20,0x7b,0xa,
  0x20,0x20,0x20,0x20,0x20,0x20,0x20,0x20,0x74,0x65,0x78,0x74,0x3a,0x20,0x72,0x61,
  0x64,0x69,0x6f,0x2e,0x74,0x65,0x78,0x74,0xa,0x20,0x20,0x20,0x20,0x20,0x20,0x20,
  0x20,0x63,0x6f,0x6c,0x6f,0x72,0x3a,0x20,0x72,0x61,0x64,0x69,0x6f,0x2e,0x65,0x6e,
  0x61,0x62,0x6c,0x65,0x64,0x20,0x3f,0x20,0x22,0x23,0x31,0x38,0x31,0x38,0x31,0x62,
  0x22,0x20,0x3a,0x20,0x22,0x23,0x61,0x31,0x61,0x31,0x61,0x61,0x22,0xa,0x20,0x20,
  0x20,0x20,0x20,0x20,0x20,0x20,0x66,0x6f,0x6e,0x74,0x2e,0x70,0x69,0x78,0x65,0x6c,
  0x53,0x69,0x7a,0x65,0x3a,0x20,0x31,0x34,0xa,0x20,0x20,0x20,0x20,0x20,0x20,0x20,
  0x20,0x76,0x65,0x72,0x74,0x69,0x63,0x61,0x6c,0x41,0x6c,0x69,0x67,0x6e,0x6d,0x65,
  0x6e,0x74,0x3a,0x20,0x54,0x65,0x78,0x74,0x2e,0x41,0x6c,0x69,0x67,0x6e,0x56,0x43,
  0x65,0x6e,0x74,0x65,0x72,0xa,0x20,0x20,0x20,0x20,0x20,0x20,0x20,0x20,0x6c,0x65,
  0x66,0x74,0x50,0x61,0x64,0x64,0x69,0x6e,0x67,0x3a,0x20,0x72,0x61,0x64,0x69,0x6f,
  0x2e,0x69,0x6e,0x64,0x69,0x63,0x61,0x74,0x6f,0x72,0x2e,0x77,0x69,0x64,0x74,0x68,
  0x20,0x2b,0x20,0x38,0xa,0x20,0x20,0x20,0x20,0x7d,0xa,0xa,0x20,0x20,0x20,0x20,
  0x6f,0x6e,0x43,0x6c,0x69,0x63,0x6b,0x65,0x64,0x3a,0x20,0x6e,0x6f,0x64,0x65,0x2e,
  0x63,0x68,0x61,0x6e,0x67,0x65,0x28,0x29,0xa,0x7d,0xa,
    // /home/ubuntu/repos/lui/platform/qt/qml/LuiPanel.qml
  0x0,0x0,0x3,0x8c,
  0x69,
  0x6d,0x70,0x6f,0x72,0x74,0x20,0x51,0x74,0x51,0x75,0x69,0x63,0x6b,0xa,0x69,0x6d,
  0x70,0x6f,0x72,0x74,0x20,0x51,0x74,0x51,0x75,0x69,0x63,0x6b,0x2e,0x4c,0x61,0x79,
  0x6f,0x75,0x74,0x73,0xa,0x69,0x6d,0x70,0x6f,0x72,0x74,0x20,0x22,0x4c,0x75,0x69,
  0x53,0x74,0x79,0x6c,0x65,0x2e,0x6a,0x73,0x22,0x20,0x61,0x73,0x20,0x53,0x74,0x79,
  0x6c,0x65,0xa,0xa,0x2f,0x2f,0x20,0x57,0x69,0x72,0x65,0x20,0x6b,0x69,0x6e,0x64,
  0x3a,0x20,0x70,0x61,0x6e,0x65,0x6c,0x20,0xe2,0x80,0x94,0x20,0x67,0x65,0x6e,0x65,
  0x72,0x69,0x63,0x20,0x76,0x65,0x72,0x74,0x69,0x63,0x61,0x6c,0x20,0x63,0x6f,0x6e,
  0x74,0x65,0x6e,0x74,0x20,0x72,0x65,0x67,0x69,0x6f,0x6e,0x2e,0xa,0x43,0x6f,0x6c,
  0x75,0x6d,0x6e,0x4c,0x61,0x79,0x6f,0x75,0x74,0x20,0x7b,0xa,0x20,0x20,0x20,0x20,
  0x72,0x65,0x71,0x75,0x69,0x72,0x65,0x64,0x20,0x70,0x72,0x6f,0x70,0x65,0x72,0x74,
  0x79,0x20,0x76,0x61,0x72,0x20,0x6e,0x6f,0x64,0x65,0xa,0x20,0x20,0x20,0x20,0x72,
  0x65,0x61,0x64,0x6f,0x6e,0x6c,0x79,0x20,0x70,0x72,0x6f,0x70,0x65,0x72,0x74,0x79,
  0x20,0x76,0x61,0x72,0x20,0x70,0x72,0x6f,0x70,0x73,0x3a,0x20,0x6e,0x6f,0x64,0x65,
  0x20,0x3f,0x20,0x6e,0x6f,0x64,0x65,0x2e,0x70,0x72,0x6f,0x70,0x65,0x72,0x74,0x69,
  0x65,0x73,0x20,0x3a,0x20,0x28,0x7b,0x7d,0x29,0xa,0xa,0x20,0x20,0x20,0x20,0x73,
  0x70,0x61,0x63,0x69,0x6e,0x67,0x3a,0x20,0x53,0x74,0x79,0x6c,0x65,0x2e,0x6e,0x75,
  0x6d,0x28,0x70,0x72,0x6f,0x70,0x73,0x2c,0x20,0x22,0x67,0x61,0x70,0x22,0x2c,0x20,
  0x30,0x29,0xa,0xa,0x20,0x20,0x20,0x20,0x49,0x74,0x65,0x6d,0x20,0x7b,0x20,0x4c,
  0x61,0x79,0x6f,0x75,0x74,0x2e,0x66,0x69,0x6c,0x6c,0x48,0x65,0x69,0x67,0x68,0x74,
  0x3a,0x20,0x74,0x72,0x75,0x65,0x3b,0x20,0x76,0x69,0x73,0x69,0x62,0x6c,0x65,0x3a,
  0x20,0x53,0x74,0x79,0x6c,0x65,0x2e,0x6e,0x65,0x65,0x64,0x73,0x4c,0x65,0x61,0x64,
  0x46,0x69,0x6c,0x6c,0x65,0x72,0x28,0x70,0x72,0x6f,0x70,0x73,0x29,0x20,0x7d,0xa,
  0x20,0x20,0x20,0x20,0x52,0x65,0x70,0x65,0x61,0x74,0x65,0x72,0x20,0x7b,0xa,0x20,
  0x20,0x20,0x20,0x20,0x20,0x20,0x20,0x6d,0x6f,0x64,0x65,0x6c,0x3a,0x20,0x6e,0x6f,
  0x64,0x65,0x20,0x3f,0x20,0x6e,0x6f,0x64,0x65,0x2e,0x63,0x68,0x69,0x6c,0x64,0x72,
  0x65,0x6e,0x20,0x3a,0x20,0x5b,0x5d,0xa,0x20,0x20,0x20,0x20,0x20,0x20,0x20,0x20,
  0x64,0x65,0x6c,0x65,0x67,0x61,0x74,0x65,0x3a,0x20,0x4c,0x75,0x69,0x4e,0x6f,0x64,
  0x65,0x56,0x69,0x65,0x77,0x20,0x7b,0xa,0x20,0x20,0x20,0x20,0x20,0x20,0x20,0x20,
  0x20,0x20,0x20,0x20,0x72,0x65,0x71,0x75,0x69,0x72,0x65,0x64,0x20,0x70,0x72,0x6f,
  0x70,0x65,0x72,0x74,0x79,0x20,0x76,0x61,0x72,0x20,0x6d,0x6f,0x64,0x65,0x6c,0x44,
  0x61,0x74,0x61,0xa,0x20,0x20,0x20,0x20,0x20,0x20,0x20,0x20,0x20,0x20,0x20,0x20,
  0x6e,0x6f,0x64,0x65,0x3a,0x20,0x6d,0x6f,0x64,0x65,0x6c,0x44,0x61,0x74,0x61,0xa,
  0x20,0x20,0x20,0x20,0x20,0x20,0x20,0x20,0x20,0x20,0x20,0x20,0x4c,0x61,0x79,0x6f,
  0x75,0x74,0x2e,0x66,0x69,0x6c,0x6c,0x48,0x65,0x69,0x67,0x68,0x74,0x3a,0x20,0x53,
  0x74,0x79,0x6c,0x65,0x2e,0x66,0x69,0x6c,0x6c,0x4d,0x61,0x69,0x6e,0x48,0x65,0x69,
  0x67,0x68,0x74,0x28,0x6e,0x6f,0x64,0x65,0x20,0x3f,0x20,0x6e,0x6f,0x64,0x65,0x2e,
  0x70,0x72,0x6f,0x70,0x65,0x72,0x74,0x69,0x65,0x73,0x20,0x3a,0x20,0x28,0x7b,0x7d,
  0x29,0x29,0x20,0x7c,0x7c,0xa,0x20,0x20,0x20,0x20,0x20,0x20,0x20,0x20,0x20,0x20,
  0x20,0x20,0x20,0x20,0x20,0x20,0x20,0x20,0x20,0x20,0x20,0x20,0x20,0x20,0x20,0x20,
  0x20,0x20,0x20,0x20,0x20,0x53,0x74,0x79,0x6c,0x65,0x2e,0x6d,0x61,0x69,0x6e,0x41,
  0x6c,0x69,0x67,0x6e,0x28,0x70,0x72,0x6f,0x70,0x73,0x29,0x20,0x3d,0x3d,0x3d,0x20,
  0x22,0x73,0x70,0x61,0x63,0x65,0x5f,0x62,0x65,0x74,0x77,0x65,0x65,0x6e,0x22,0xa,
  0x20,0x20,0x20,0x20,0x20,0x20,0x20,0x20,0x20,0x20,0x20,0x20,0x4c,0x61,0x79,0x6f,
  0x75,0x74,0x2e,0x66,0x69,0x6c,0x6c,0x57,0x69,0x64,0x74,0x68,0x3a,0x20,0x53,0x74,
  0x79,0x6c,0x65,0x2e,0x66,0x69,0x6c,0x6c,0x4d,0x61,0x69,0x6e,0x57,0x69,0x64,0x74,
  0x68,0x28,0x6e,0x6f,0x64,0x65,0x20,0x3f,0x20,0x6e,0x6f,0x64,0x65,0x2e,0x70,0x72,
  0x6f,0x70,0x65,0x72,0x74,0x69,0x65,0x73,0x20,0x3a,0x20,0x28,0x7b,0x7d,0x29,0x29,
  0x20,0x7c,0x7c,0xa,0x20,0x20,0x20,0x20,0x20,0x20,0x20,0x20,0x20,0x20,0x20,0x20,
  0x20,0x20,0x20,0x20,0x20,0x20,0x20,0x20,0x20,0x20,0x20,0x20,0x20,0x20,0x20,0x20,
  0x20,0x20,0x53,0x74,0x79,0x6c,0x65,0x2e,0x73,0x74,0x72,0x65,0x74,0x63,0x68,0x43,
  0x72,0x6f,0x73,0x73,0x28,0x70,0x72,0x6f,0x70,0x73,0x29,0xa,0x20,0x20,0x20,0x20,
  0x20,0x20,0x20,0x20,0x7d,0xa,0x20,0x20,0x20,0x20,0x7d,0xa,0x20,0x20,0x20,0x20,
  0x49,0x74,0x65,0x6d,0x20,0x7b,0x20,0x4c,0x61,0x79,0x6f,0x75,0x74,0x2e,0x66,0x69,
  0x6c,0x6c,0x48,0x65,0x69,0x67,0x68,0x74,0x3a,0x20,0x74,0x72,0x75,0x65,0x3b,0x20,
  0x76,0x69,0x73,0x69,0x62,0x6c,0x65,0x3a,0x20,0x53,0x74,0x79,0x6c,0x65,0x2e,0x6e,
  0x65,0x65,0x64,0x73,0x54,0x72,0x61,0x69,0x6c,0x46,0x69,0x6c,0x6c,0x65,0x72,0x28,
  0x70,0x72,0x6f,0x70,0x73,0x29,0x20,0x7d,0xa,0x7d,0xa,
    // /home/ubuntu/repos/lui/platform/qt/qml/LuiDropdownMenu.qml
  0x0,0x0,0x5,0xce,
  0x69,
  0x6d,0x70,0x6f,0x72,0x74,0x20,0x51,0x74,0x51,0x75,0x69,0x63,0x6b,0xa,0x69,0x6d,
  0x70,0x6f,0x72,0x74,0x20,0x51,0x74,0x51,0x75,0x69,0x63,0x6b,0x2e,0x43,0x6f,0x6e,
  0x74,0x72,0x6f,0x6c,0x73,0xa,0x69,0x6d,0x70,0x6f,0x72,0x74,0x20,0x51,0x74,0x51,
  0x75,0x69,0x63,0x6b,0x2e,0x4c,0x61,0x79,0x6f,0x75,0x74,0x73,0xa,0x69,0x6d,0x70,
  0x6f,0x72,0x74,0x20,0x22,0x4c,0x75,0x69,0x53,0x74,0x79,0x6c,0x65,0x2e,0x6a,0x73,
  0x22,0x20,0x61,0x73,0x20,0x53,0x74,0x79,0x6c,0x65,0xa,0xa,0x2f,0x2f,0x20,0x57,
  0x69,0x72,0x65,0x20,0x6b,0x69,0x6e,0x64,0x3a,0x20,0x64,0x72,0x6f,0x70,0x64,0x6f,
  0x77,0x6e,0x2d,0x6d,0x65,0x6e,0x75,0x20,0xe2,0x80,0x94,0x20,0x6f,0x76,0x65,0x72,
  0x6c,0x61,0x79,0x20,0x73,0x75,0x72,0x66,0x61,0x63,0x65,0x20,0x61,0x6e,0x63,0x68,
  0x6f,0x72,0x65,0x64,0x20,0x74,0x6f,0x20,0x74,0x68,0x65,0x20,0x70,0x72,0x65,0x63,
  0x65,0x64,0x69,0x6e,0x67,0xa,0x2f,0x2f,0x20,0x73,0x69,0x62,0x6c,0x69,0x6e,0x67,
  0x20,0x28,0x4c,0x75,0x69,0x53,0x74,0x61,0x63,0x6b,0x20,0x68,0x61,0x6e,0x64,0x73,
  0x20,0x69,0x74,0x20,0x60,0x61,0x6e,0x63,0x68,0x6f,0x72,0x49,0x74,0x65,0x6d,0x60,
  0x20,0x74,0x68,0x72,0x6f,0x75,0x67,0x68,0x20,0x4c,0x75,0x69,0x4e,0x6f,0x64,0x65,
  0x56,0x69,0x65,0x77,0x29,0x2e,0xa,0x49,0x74,0x65,0x6d,0x20,0x7b,0xa,0x20,0x20,
  0x20,0x20,0x69,0x64,0x3a,0x20,0x6d,0x65,0x6e,0x75,0xa,0x20,0x20,0x20,0x20,0x72,
  0x65,0x71,0x75,0x69,0x72,0x65,0x64,0x20,0x70,0x72,0x6f,0x70,0x65,0x72,0x74,0x79,
  0x20,0x76,0x61,0x72,0x20,0x6e,0x6f,0x64,0x65,0xa,0x20,0x20,0x20,0x20,0x70,0x72,
  0x6f,0x70,0x65,0x72,0x74,0x79,0x20,0x49,0x74,0x65,0x6d,0x20,0x61,0x6e,0x63,0x68,
  0x6f,0x72,0x49,0x74,0x65,0x6d,0x3a,0x20,0x6e,0x75,0x6c,0x6c,0xa,0x20,0x20,0x20,
  0x20,0x72,0x65,0x61,0x64,0x6f,0x6e,0x6c,0x79,0x20,0x70,0x72,0x6f,0x70,0x65,0x72,
  0x74,0x79,0x20,0x76,0x61,0x72,0x20,0x70,0x72,0x6f,0x70,0x73,0x3a,0x20,0x6e,0x6f,
  0x64,0x65,0x20,0x3f,0x20,0x6e,0x6f,0x64,0x65,0x2e,0x70,0x72,0x6f,0x70,0x65,0x72,
  0x74,0x69,0x65,0x73,0x20,0x3a,0x20,0x28,0x7b,0x7d,0x29,0xa,0xa,0x20,0x20,0x20,
  0x20,0x69,0x6d,0x70,0x6c,0x69,0x63,0x69,0x74,0x57,0x69,0x64,0x74,0x68,0x3a,0x20,
  0x70,0x6f,0x70,0x75,0x70,0x2e,0x77,0x69,0x64,0x74,0x68,0xa,0x20,0x20,0x20,0x20,
  0x69,0x6d,0x70,0x6c,0x69,0x63,0x69,0x74,0x48,0x65,0x69,0x67,0x68,0x74,0x3a,0x20,
  0x30,0xa,0xa,0x20,0x20,0x20,0x20,0x50,0x6f,0x70,0x75,0x70,0x20,0x7b,0xa,0x20,
  0x20,0x20,0x20,0x20,0x20,0x20,0x20,0x69,0x64,0x3a,0x20,0x70,0x6f,0x70,0x75,0x70,
  0xa,0x20,0x20,0x20,0x20,0x20,0x20,0x20,0x20,0x70,0x61,0x64,0x64,0x69,0x6e,0x67,
  0x3a,0x20,0x34,0xa,0x20,0x20,0x20,0x20,0x20,0x20,0x20,0x20,0x6d,0x6f,0x64,0x61,
  0x6c,0x3a,0x20,0x66,0x61,0x6c,0x73,0x65,0xa,0x20,0x20,0x20,0x20,0x20,0x20,0x20,
  0x20,0x66,0x6f,0x63,0x75,0x73,0x3a,0x20,0x74,0x72,0x75,0x65,0xa,0x20,0x20,0x20,
  0x20,0x20,0x20,0x20,0x20,0x63,0x6c,0x6f,0x73,0x65,0x50,0x6f,0x6c,0x69,0x63,0x79,
  0x3a,0x20,0x50,0x6f,0x70,0x75,0x70,0x2e,0x43,0x6c,0x6f,0x73,0x65,0x4f,0x6e,0x45,
  0x73,0x63,0x61,0x70,0x65,0x20,0x7c,0x20,0x50,0x6f,0x70,0x75,0x70,0x2e,0x43,0x6c,
  0x6f,0x73,0x65,0x4f,0x6e,0x50,0x72,0x65,0x73,0x73,0x4f,0x75,0x74,0x73,0x69,0x64,
  0x65,0xa,0x20,0x20,0x20,0x20,0x20,0x20,0x20,0x20,0x6f,0x6e,0x43,0x6c,0x6f,0x73,
  0x65,0x64,0x3a,0x20,0x69,0x66,0x20,0x28,0x6d,0x65,0x6e,0x75,0x2e,0x6e,0x6f,0x64,
  0x65,0x29,0x20,0x6d,0x65,0x6e,0x75,0x2e,0x6e,0x6f,0x64,0x65,0x2e,0x64,0x69,0x73,
  0x6d,0x69,0x73,0x73,0x28,0x29,0xa,0xa,0x20,0x20,0x20,0x20,0x20,0x20,0x20,0x20,
  0x78,0x3a,0x20,0x7b,0xa,0x20,0x20,0x20,0x20,0x20,0x20,0x20,0x20,0x20,0x20,0x20,
  0x20,0x69,0x66,0x20,0x28,0x21,0x6d,0x65,0x6e,0x75,0x2e,0x61,0x6e,0x63,0x68,0x6f,
  0x72,0x49,0x74,0x65,0x6d,0x29,0x20,0x72,0x65,0x74,0x75,0x72,0x6e,0x20,0x30,0xa,
  0x20,0x20,0x20,0x20,0x20,0x20,0x20,0x20,0x20,0x20,0x20,0x20,0x76,0x61,0x72,0x20,
  0x70,0x20,0x3d,0x20,0x6d,0x65,0x6e,0x75,0x2e,0x61,0x6e,0x63,0x68,0x6f,0x72,0x49,
  0x74,0x65,0x6d,0x2e,0x6d,0x61,0x70,0x54,0x6f,0x49,0x74,0x65,0x6d,0x28,0x6d,0x65,
  0x6e,0x75,0x2c,0x20,0x30,0x2c,0x20,0x30,0x29,0xa,0x20,0x20,0x20,0x20,0x20,0x20,
  0x20,0x20,0x20,0x20,0x20,0x20,0x72,0x65,0x74,0x75,0x72,0x6e,0x20,0x70,0x2e,0x78,
  0xa,0x20,0x20,0x20,0x20,0x20,0x20,0x20,0x20,0x7d,0xa,0x20,0x20,0x20,0x20,0x20,
  0x20,0x20,0x20,0x79,0x3a,0x20,0x7b,0xa,0x20,0x20,0x20,0x20,0x20,0x20,0x20,0x20,
  0x20,0x20,0x20,0x20,0x69,0x66,0x20,0x28,0x21,0x6d,0x65,0x6e,0x75,0x2e,0x61,0x6e,
  0x63,0x68,0x6f,0x72,0x49,0x74,0x65,0x6d,0x29,0x20,0x72,0x65,0x74,0x75,0x72,0x6e,
  0x20,0x30,0xa,0x20,0x20,0x20,0x20,0x20,0x20,0x20,0x20,0x20,0x20,0x20,0x20,0x76,
  0x61,0x72,0x20,0x70,0x20,0x3d,0x20,0x6d,0x65,0x6e,0x75,0x2e,0x61,0x6e,0x63,0x68,
  0x6f,0x72,0x49,0x74,0x65,0x6d,0x2e,0x6d,0x61,0x70,0x54,0x6f,0x49,0x74,0x65,0x6d,
  0x28,0x6d,0x65,0x6e,0x75,0x2c,0x20,0x30,0x2c,0x20,0x6d,0x65,0x6e,0x75,0x2e,0x61,
  0x6e,0x63,0x68,0x6f,0x72,0x49,0x74,0x65,0x6d,0x2e,0x68,0x65,0x69,0x67,0x68,0x74,
  0x20,0x2b,0x20,0x34,0x29,0xa,0x20,0x20,0x20,0x20,0x20,0x20,0x20,0x20,0x20,0x20,
  0x20,0x20,0x72,0x65,0x74,0x75,0x72,0x6e,0x20,0x70,0x2e,0x79,0xa,0x20,0x20,0x20,
  0x20,0x20,0x20,0x20,0x20,0x7d,0xa,0xa,0x20,0x20,0x20,0x20,0x20,0x20,0x20,0x20,
  0x62,0x61,0x63,0x6b,0x67,0x72,0x6f,0x75,0x6e,0x64,0x3a,0x20,0x52,0x65,0x63,0x74,
  0x61,0x6e,0x67,0x6c,0x65,0x20,0x7b,0xa,0x20,0x20,0x20,0x20,0x20,0x20,0x20,0x20,
  0x20,0x20,0x20,0x20,0x72,0x61,0x64,0x69,0x75,0x73,0x3a,0x20,0x38,0xa,0x20,0x20,
  0x20,0x20,0x20,0x20,0x20,0x20,0x20,0x20,0x20,0x20,0x63,0x6f,0x6c,0x6f,0x72,0x3a,
  0x20,0x22,0x23,0x66,0x66,0x66,0x66,0x66,0x66,0x22,0xa,0x20,0x20,0x20,0x20,0x20,
  0x20,0x20,0x20,0x20,0x20,0x20,0x20,0x62,0x6f,0x72,0x64,0x65,0x72,0x2e,0x63,0x6f,
  0x6c,0x6f,0x72,0x3a,0x20,0x22,0x23,0x65,0x34,0x65,0x34,0x65,0x37,0x22,0xa,0x20,
  0x20,0x20,0x20,0x20,0x20,0x20,0x20,0x20,0x20,0x20,0x20,0x62,0x6f,0x72,0x64,0x65,
  0x72,0x2e,0x77,0x69,0x64,0x74,0x68,0x3a,0x20,0x31,0xa,0x20,0x20,0x20,0x20,0x20,
  0x20,0x20,0x20,0x7d,0xa,0xa,0x20,0x20,0x20,0x20,0x20,0x20,0x20,0x20,0x63,0x6f,
  0x6e,0x74,0x65,0x6e,0x74,0x49,0x74,0x65,0x6d,0x3a,0x20,0x43,0x6f,0x6c,0x75,0x6d,
  0x6e,0x4c,0x61,0x79,0x6f,0x75,0x74,0x20,0x7b,0xa,0x20,0x20,0x20,0x20,0x20,0x20,
  0x20,0x20,0x20,0x20,0x20,0x20,0x73,0x70,0x61,0x63,0x69,0x6e,0x67,0x3a,0x20,0x53,
  0x74,0x79,0x6c,0x65,0x2e,0x6e,0x75,0x6d,0x28,0x6d,0x65,0x6e,0x75,0x2e,0x70,0x72,
  0x6f,0x70,0x73,0x2c,0x20,0x22,0x67,0x61,0x70,0x22,0x2c,0x20,0x30,0x29,0xa,0xa,
  0x20,0x20,0x20,0x20,0x20,0x20,0x20,0x20,0x20,0x20,0x20,0x20,0x52,0x65,0x70,0x65,
  0x61,0x74,0x65,0x72,0x20,0x7b,0xa,0x20,0x20,0x20,0x20,0x20,0x20,0x20,0x20,0x20,
  0x20,0x20,0x20,0x20,0x20,0x20,0x20,0x6d,0x6f,0x64,0x65,0x6c,0x3a,0x20,0x6d,0x65,
  0x6e,0x75,0x2e,0x6e,0x6f,0x64,0x65,0x20,0x3f,0x20,0x6d,0x65,0x6e,0x75,0x2e,0x6e,
  0x6f,0x64,0x65,0x2e,0x63,0x68,0x69,0x6c,0x64,0x72,0x65,0x6e,0x20,0x3a,0x20,0x5b,
  0x5d,0xa,0x20,0x20,0x20,0x20,0x20,0x20,0x20,0x20,0x20,0x20,0x20,0x20,0x20,0x20,
  0x20,0x20,0x64,0x65,0x6c,0x65,0x67,0x61,0x74,0x65,0x3a,0x20,0x4c,0x75,0x69,0x4e,
  0x6f,0x64,0x65,0x56,0x69,0x65,0x77,0x20,0x7b,0xa,0x20,0x20,0x20,0x20,0x20,0x20,
  0x20,0x20,0x20,0x20,0x20,0x20,0x72,0x65,0x71,0x75,0x69,0x72,0x65,0x64,0x20,0x70,
  0x72,0x6f,0x70,0x65,0x72,0x74,0x79,0x20,0x76,0x61,0x72,0x20,0x6d,0x6f,0x64,0x65,
  0x6c,0x44,0x61,0x74,0x61,0xa,0x20,0x20,0x20,0x20,0x20,0x20,0x20,0x20,0x20,0x20,
  0x20,0x20,0x6e,0x6f,0x64,0x65,0x3a,0x20,0x6d,0x6f,0x64,0x65,0x6c,0x44,0x61,0x74,
  0x61,0x20,0x7d,0xa,0x20,0x20,0x20,0x20,0x20,0x20,0x20,0x20,0x20,0x20,0x20,0x20,
  0x7d,0xa,0x20,0x20,0x20,0x20,0x20,0x20,0x20,0x20,0x7d,0xa,0x20,0x20,0x20,0x20,
  0x7d,0xa,0xa,0x20,0x20,0x20,0x20,0x43,0x6f,0x6d,0x70,0x6f,0x6e,0x65,0x6e,0x74,
  0x2e,0x6f,0x6e,0x43,0x6f,0x6d,0x70,0x6c,0x65,0x74,0x65,0x64,0x3a,0x20,0x70,0x6f,
  0x70,0x75,0x70,0x2e,0x6f,0x70,0x65,0x6e,0x28,0x29,0xa,0x7d,0xa,
    // /home/ubuntu/repos/lui/platform/qt/qml/LuiCard.qml
  0x0,0x0,0x7,0x1d,
  0x69,
  0x6d,0x70,0x6f,0x72,0x74,0x20,0x51,0x74,0x51,0x75,0x69,0x63,0x6b,0xa,0x69,0x6d,
  0x70,0x6f,0x72,0x74,0x20,0x51,0x74,0x51,0x75,0x69,0x63,0x6b,0x2e,0x4c,0x61,0x79,
  0x6f,0x75,0x74,0x73,0xa,0x69,0x6d,0x70,0x6f,0x72,0x74,0x20,0x22,0x4c,0x75,0x69,
  0x53,0x74,0x79,0x6c,0x65,0x2e,0x6a,0x73,0x22,0x20,0x61,0x73,0x20,0x53,0x74,0x79,
  0x6c,0x65,0xa,0xa,0x2f,0x2f,0x20,0x57,0x69,0x72,0x65,0x20,0x6b,0x69,0x6e,0x64,
  0x3a,0x20,0x63,0x61,0x72,0x64,0x20,0xe2,0x80,0x94,0x20,0x65,0x6c,0x65,0x76,0x61,
  0x74,0x65,0x64,0x20,0x73,0x75,0x72,0x66,0x61,0x63,0x65,0x20,0x77,0x69,0x74,0x68,
  0x20,0x64,0x65,0x66,0x61,0x75,0x6c,0x74,0x20,0x62,0x6f,0x72,0x64,0x65,0x72,0x2c,
  0x20,0x72,0x61,0x64,0x69,0x75,0x73,0x2c,0x20,0x61,0x6e,0x64,0x20,0x70,0x61,0x64,
  0x64,0x69,0x6e,0x67,0x2e,0xa,0x52,0x65,0x63,0x74,0x61,0x6e,0x67,0x6c,0x65,0x20,
  0x7b,0xa,0x20,0x20,0x20,0x20,0x69,0x64,0x3a,0x20,0x63,0x61,0x72,0x64,0xa,0x20,
  0x20,0x20,0x20,0x72,0x65,0x71,0x75,0x69,0x72,0x65,0x64,0x20,0x70,0x72,0x6f,0x70,
  0x65,0x72,0x74,0x79,0x20,0x76,0x61,0x72,0x20,0x6e,0x6f,0x64,0x65,0xa,0x20,0x20,
  0x20,0x20,0x72,0x65,0x61,0x64,0x6f,0x6e,0x6c,0x79,0x20,0x70,0x72,0x6f,0x70,0x65,
  0x72,0x74,0x79,0x20,0x76,0x61,0x72,0x20,0x70,0x72,0x6f,0x70,0x73,0x3a,0x20,0x6e,
  0x6f,0x64,0x65,0x20,0x3f,0x20,0x6e,0x6f,0x64,0x65,0x2e,0x70,0x72,0x6f,0x70,0x65,
  0x72,0x74,0x69,0x65,0x73,0x20,0x3a,0x20,0x28,0x7b,0x7d,0x29,0xa,0xa,0x20,0x20,
  0x20,0x20,0x63,0x6f,0x6c,0x6f,0x72,0x3a,0x20,0x53,0x74,0x79,0x6c,0x65,0x2e,0x63,
  0x6f,0x6c,0x6f,0x72,0x28,0x70,0x72,0x6f,0x70,0x73,0x5b,0x22,0x62,0x61,0x63,0x6b,
  0x67,0x72,0x6f,0x75,0x6e,0x64,0x22,0x5d,0x2c,0x20,0x22,0x23,0x66,0x66,0x66,0x66,
  0x66,0x66,0x22,0x29,0xa,0x20,0x20,0x20,0x20,0x62,0x6f,0x72,0x64,0x65,0x72,0x2e,
  0x63,0x6f,0x6c,0x6f,0x72,0x3a,0x20,0x53,0x74,0x79,0x6c,0x65,0x2e,0x63,0x6f,0x6c,
  0x6f,0x72,0x28,0x70,0x72,0x6f,0x70,0x73,0x5b,0x22,0x62,0x6f,0x72,0x64,0x65,0x72,
  0x2d,0x63,0x6f,0x6c,0x6f,0x72,0x22,0x5d,0x2c,0x20,0x22,0x23,0x65,0x34,0x65,0x34,
  0x65,0x37,0x22,0x29,0xa,0x20,0x20,0x20,0x20,0x62,0x6f,0x72,0x64,0x65,0x72,0x2e,
  0x77,0x69,0x64,0x74,0x68,0x3a,0x20,0x53,0x74,0x79,0x6c,0x65,0x2e,0x6e,0x75,0x6d,
  0x28,0x70,0x72,0x6f,0x70,0x73,0x2c,0x20,0x22,0x62,0x6f,0x72,0x64,0x65,0x72,0x2d,
  0x77,0x69,0x64,0x74,0x68,0x22,0x2c,0x20,0x31,0x29,0xa,0x20,0x20,0x20,0x20,0x72,
  0x61,0x64,0x69,0x75,0x73,0x3a,0x20,0x53,0x74,0x79,0x6c,0x65,0x2e,0x6e,0x75,0x6d,
  0x28,0x70,0x72,0x6f,0x70,0x73,0x2c,0x20,0x22,0x63,0x6f,0x72,0x6e,0x65,0x72,0x2d,
  0x72,0x61,0x64,0x69,0x75,0x73,0x22,0x2c,0x20,0x31,0x30,0x29,0xa,0xa,0x20,0x20,
  0x20,0x20,0x69,0x6d,0x70,0x6c,0x69,0x63,0x69,0x74,0x57,0x69,0x64,0x74,0x68,0x3a,
  0x20,0x63,0x6f,0x6c,0x2e,0x69,0x6d,0x70,0x6c,0x69,0x63,0x69,0x74,0x57,0x69,0x64,
  0x74,0x68,0x20,0x2b,0x20,0x32,0x20,0x2a,0x20,0x70,0x61,0x64,0x48,0xa,0x20,0x20,
  0x20,0x20,0x69,0x6d,0x70,0x6c,0x69,0x63,0x69,0x74,0x48,0x65,0x69,0x67,0x68,0x74,
  0x3a,0x20,0x63,0x6f,0x6c,0x2e,0x69,0x6d,0x70,0x6c,0x69,0x63,0x69,0x74,0x48,0x65,
  0x69,0x67,0x68,0x74,0x20,0x2b,0x20,0x32,0x20,0x2a,0x20,0x70,0x61,0x64,0x56,0xa,
  0xa,0x20,0x20,0x20,0x20,0x70,0x72,0x6f,0x70,0x65,0x72,0x74,0x79,0x20,0x72,0x65,
  0x61,0x6c,0x20,0x70,0x61,0x64,0x56,0x3a,0x20,0x4d,0x61,0x74,0x68,0x2e,0x6d,0x61,
  0x78,0x28,0x53,0x74,0x79,0x6c,0x65,0x2e,0x6e,0x75,0x6d,0x28,0x70,0x72,0x6f,0x70,
  0x73,0x2c,0x20,0x22,0x70,0x61,0x64,0x64,0x69,0x6e,0x67,0x22,0x2c,0x20,0x30,0x29,
  0x2c,0xa,0x20,0x20,0x20,0x20,0x20,0x20,0x20,0x20,0x20,0x20,0x20,0x20,0x20,0x20,
  0x20,0x20,0x20,0x20,0x20,0x20,0x20,0x20,0x20,0x20,0x20,0x20,0x20,0x20,0x20,0x20,
  0x20,0x20,0x20,0x53,0x74,0x79,0x6c,0x65,0x2e,0x6e,0x75,0x6d,0x28,0x70,0x72,0x6f,
  0x70,0x73,0x2c,0x20,0x22,0x70,0x61,0x64,0x64,0x69,0x6e,0x67,0x2d,0x76,0x65,0x72,
  0x74,0x69,0x63,0x61,0x6c,0x22,0x2c,0x20,0x31,0x32,0x29,0x29,0xa,0x20,0x20,0x20,
  0x20,0x70,0x72,0x6f,0x70,0x65,0x72,0x74,0x79,0x20,0x72,0x65,0x61,0x6c,0x20,0x70,
  0x61,0x64,0x48,0x3a,0x20,0x4d,0x61,0x74,0x68,0x2e,0x6d,0x61,0x78,0x28,0x70,0x61,
  0x64,0x56,0x2c,0xa,0x20,0x20,0x20,0x20,0x20,0x20,0x20,0x20,0x20,0x20,0x20,0x20,
  0x20,0x20,0x20,0x20,0x20,0x20,0x20,0x20,0x20,0x20,0x20,0x20,0x20,0x20,0x20,0x20,
  0x20,0x20,0x20,0x20,0x20,0x53,0x74,0x79,0x6c,0x65,0x2e,0x6e,0x75,0x6d,0x28,0x70,
  0x72,0x6f,0x70,0x73,0x2c,0x20,0x22,0x70,0x61,0x64,0x64,0x69,0x6e,0x67,0x2d,0x68,
  0x6f,0x72,0x69,0x7a,0x6f,0x6e,0x74,0x61,0x6c,0x22,0x2c,0x20,0x31,0x32,0x29,0x29,
  0xa,0xa,0x20,0x20,0x20,0x20,0x43,0x6f,0x6c,0x75,0x6d,0x6e,0x4c,0x61,0x79,0x6f,
  0x75,0x74,0x20,0x7b,0xa,0x20,0x20,0x20,0x20,0x20,0x20,0x20,0x20,0x69,0x64,0x3a,
  0x20,0x63,0x6f,0x6c,0xa,0x20,0x20,0x20,0x20,0x20,0x20,0x20,0x20,0x61,0x6e,0x63,
  0x68,0x6f,0x72,0x73,0x20,0x7b,0xa,0x20,0x20,0x20,0x20,0x20,0x20,0x20,0x20,0x20,
  0x20,0x20,0x20,0x66,0x69,0x6c,0x6c,0x3a,0x20,0x70,0x61,0x72,0x65,0x6e,0x74,0xa,
  0x20,0x20,0x20,0x20,0x20,0x20,0x20,0x20,0x20,0x20,0x20,0x20,0x74,0x6f,0x70,0x4d,
  0x61,0x72,0x67,0x69,0x6e,0x3a,0x20,0x63,0x61,0x72,0x64,0x2e,0x70,0x61,0x64,0x56,
  0xa,0x20,0x20,0x20,0x20,0x20,0x20,0x20,0x20,0x20,0x20,0x20,0x20,0x62,0x6f,0x74,
  0x74,0x6f,0x6d,0x4d,0x61,0x72,0x67,0x69,0x6e,0x3a,0x20,0x63,0x61,0x72,0x64,0x2e,
  0x70,0x61,0x64,0x56,0xa,0x20,0x20,0x20,0x20,0x20,0x20,0x20,0x20,0x20,0x20,0x20,
  0x20,0x6c,0x65,0x66,0x74,0x4d,0x61,0x72,0x67,0x69,0x6e,0x3a,0x20,0x63,0x61,0x72,
  0x64,0x2e,0x70,0x61,0x64,0x48,0xa,0x20,0x20,0x20,0x20,0x20,0x20,0x20,0x20,0x20,
  0x20,0x20,0x20,0x72,0x69,0x67,0x68,0x74,0x4d,0x61,0x72,0x67,0x69,0x6e,0x3a,0x20,
  0x63,0x61,0x72,0x64,0x2e,0x70,0x61,0x64,0x48,0xa,0x20,0x20,0x20,0x20,0x20,0x20,
  0x20,0x20,0x7d,0xa,0x20,0x20,0x20,0x20,0x20,0x20,0x20,0x20,0x73,0x70,0x61,0x63,
  0x69,0x6e,0x67,0x3a,0x20,0x53,0x74,0x79,0x6c,0x65,0x2e,0x6e,0x75,0x6d,0x28,0x70,
  0x72,0x6f,0x70,0x73,0x2c,0x20,0x22,0x67,0x61,0x70,0x22,0x2c,0x20,0x38,0x29,0xa,
  0xa,0x20,0x20,0x20,0x20,0x20,0x20,0x20,0x20,0x49,0x74,0x65,0x6d,0x20,0x7b,0x20,
  0x4c,0x61,0x79,0x6f,0x75,0x74,0x2e,0x66,0x69,0x6c,0x6c,0x48,0x65,0x69,0x67,0x68,
  0x74,0x3a,0x20,0x74,0x72,0x75,0x65,0x3b,0x20,0x76,0x69,0x73,0x69,0x62,0x6c,0x65,
  0x3a,0x20,0x53,0x74,0x79,0x6c,0x65,0x2e,0x6e,0x65,0x65,0x64,0x73,0x4c,0x65,0x61,
  0x64,0x46,0x69,0x6c,0x6c,0x65,0x72,0x28,0x70,0x72,0x6f,0x70,0x73,0x29,0x20,0x7d,
  0xa,0x20,0x20,0x20,0x20,0x20,0x20,0x20,0x20,0x52,0x65,0x70,0x65,0x61,0x74,0x65,
  0x72,0x20,0x7b,0xa,0x20,0x20,0x20,0x20,0x20,0x20,0x20,0x20,0x20,0x20,0x20,0x20,
  0x6d,0x6f,0x64,0x65,0x6c,0x3a,0x20,0x63,0x61,0x72,0x64,0x2e,0x6e,0x6f,0x64,0x65,
  0x20,0x3f,0x20,0x63,0x61,0x72,0x64,0x2e,0x6e,0x6f,0x64,0x65,0x2e,0x63,0x68,0x69,
  0x6c,0x64,0x72,0x65,0x6e,0x20,0x3a,0x20,0x5b,0x5d,0xa,0x20,0x20,0x20,0x20,0x20,
  0x20,0x20,0x20,0x20,0x20,0x20,0x20,0x64,0x65,0x6c,0x65,0x67,0x61,0x74,0x65,0x3a,
  0x20,0x4c,0x75,0x69,0x4e,0x6f,0x64,0x65,0x56,0x69,0x65,0x77,0x20,0x7b,0xa,0x20,
  0x20,0x20,0x20,0x20,0x20,0x20,0x20,0x20,0x20,0x20,0x20,0x20,0x20,0x20,0x20,0x72,
  0x65,0x71,0x75,0x69,0x72,0x65,0x64,0x20,0x70,0x72,0x6f,0x70,0x65,0x72,0x74,0x79,
  0x20,0x76,0x61,0x72,0x20,0x6d,0x6f,0x64,0x65,0x6c,0x44,0x61,0x74,0x61,0xa,0x20,
  0x20,0x20,0x20,0x20,0x20,0x20,0x20,0x20,0x20,0x20,0x20,0x20,0x20,0x20,0x20,0x6e,
  0x6f,0x64,0x65,0x3a,0x20,0x6d,0x6f,0x64,0x65,0x6c,0x44,0x61,0x74,0x61,0xa,0x20,
  0x20,0x20,0x20,0x20,0x20,0x20,0x20,0x20,0x20,0x20,0x20,0x20,0x20,0x20,0x20,0x4c,
  0x61,0x79,0x6f,0x75,0x74,0x2e,0x66,0x69,0x6c,0x6c,0x48,0x65,0x69,0x67,0x68,0x74,
  0x3a,0x20,0x53,0x74,0x79,0x6c,0x65,0x2e,0x66,0x69,0x6c,0x6c,0x4d,0x61,0x69,0x6e,
  0x48,0x65,0x69,0x67,0x68,0x74,0x28,0x6e,0x6f,0x64,0x65,0x20,0x3f,0x20,0x6e,0x6f,
  0x64,0x65,0x2e,0x70,0x72,0x6f,0x70,0x65,0x72,0x74,0x69,0x65,0x73,0x20,0x3a,0x20,
  0x28,0x7b,0x7d,0x29,0x29,0x20,0x7c,0x7c,0xa,0x20,0x20,0x20,0x20,0x20,0x20,0x20,
  0x20,0x20,0x20,0x20,0x20,0x20,0x20,0x20,0x20,0x20,0x20,0x20,0x20,0x20,0x20,0x20,
  0x20,0x20,0x20,0x20,0x20,0x20,0x20,0x20,0x20,0x20,0x20,0x20,0x53,0x74,0x79,0x6c,
  0x65,0x2e,0x6d,0x61,0x69,0x6e,0x41,0x6c,0x69,0x67,0x6e,0x28,0x70,0x72,0x6f,0x70,
  0x73,0x29,0x20,0x3d,0x3d,0x3d,0x20,0x22,0x73,0x70,0x61,0x63,0x65,0x5f,0x62,0x65,
  0x74,0x77,0x65,0x65,0x6e,0x22,0xa,0x20,0x20,0x20,0x20,0x20,0x20,0x20,0x20,0x20,
  0x20,0x20,0x20,0x20,0x20,0x20,0x20,0x4c,0x61,0x79,0x6f,0x75,0x74,0x2e,0x66,0x69,
  0x6c,0x6c,0x57,0x69,0x64,0x74,0x68,0x3a,0x20,0x53,0x74,0x79,0x6c,0x65,0x2e,0x66,
  0x69,0x6c,0x6c,0x4d,0x61,0x69,0x6e,0x57,0x69,0x64,0x74,0x68,0x28,0x6e,0x6f,0x64,
  0x65,0x20,0x3f,0x20,0x6e,0x6f,0x64,0x65,0x2e,0x70,0x72,0x6f,0x70,0x65,0x72,0x74,
  0x69,0x65,0x73,0x20,0x3a,0x20,0x28,0x7b,0x7d,0x29,0x29,0x20,0x7c,0x7c,0xa,0x20,
  0x20,0x20,0x20,0x20,0x20,0x20,0x20,0x20,0x20,0x20,0x20,0x20,0x20,0x20,0x20,0x20,
  0x20,0x20,0x20,0x20,0x20,0x20,0x20,0x20,0x20,0x20,0x20,0x20,0x20,0x20,0x20,0x20,
  0x20,0x53,0x74,0x79,0x6c,0x65,0x2e,0x73,0x74,0x72,0x65,0x74,0x63,0x68,0x43,0x72,
  0x6f,0x73,0x73,0x28,0x70,0x72,0x6f,0x70,0x73,0x29,0xa,0x20,0x20,0x20,0x20,0x20,
  0x20,0x20,0x20,0x20,0x20,0x20,0x20,0x7d,0xa,0x20,0x20,0x20,0x20,0x20,0x20,0x20,
  0x20,0x7d,0xa,0x20,0x20,0x20,0x20,0x20,0x20,0x20,0x20,0x49,0x74,0x65,0x6d,0x20,
  0x7b,0x20,0x4c,0x61,0x79,0x6f,0x75,0x74,0x2e,0x66,0x69,0x6c,0x6c,0x48,0x65,0x69,
  0x67,0x68,0x74,0x3a,0x20,0x74,0x72,0x75,0x65,0x3b,0x20,0x76,0x69,0x73,0x69,0x62,
  0x6c,0x65,0x3a,0x20,0x53,0x74,0x79,0x6c,0x65,0x2e,0x6e,0x65,0x65,0x64,0x73,0x54,
  0x72,0x61,0x69,0x6c,0x46,0x69,0x6c,0x6c,0x65,0x72,0x28,0x70,0x72,0x6f,0x70,0x73,
  0x29,0x20,0x7d,0xa,0x20,0x20,0x20,0x20,0x7d,0xa,0x7d,0xa,
    // /home/ubuntu/repos/lui/platform/qt/qml/LuiSpinner.qml
  0x0,0x0,0x1,0x86,
  0x69,
  0x6d,0x70,0x6f,0x72,0x74,0x20,0x51,0x74,0x51,0x75,0x69,0x63,0x6b,0xa,0x69,0x6d,
  0x70,0x6f,0x72,0x74,0x20,0x51,0x74,0x51,0x75,0x69,0x63,0x6b,0x2e,0x43,0x6f,0x6e,
  0x74,0x72,0x6f,0x6c,0x73,0xa,0x69,0x6d,0x70,0x6f,0x72,0x74,0x20,0x22,0x4c,0x75,
  0x69,0x53,0x74,0x79,0x6c,0x65,0x2e,0x6a,0x73,0x22,0x20,0x61,0x73,0x20,0x53,0x74,
  0x79,0x6c,0x65,0xa,0xa,0x2f,0x2f,0x20,0x57,0x69,0x72,0x65,0x20,0x6b,0x69,0x6e,
  0x64,0x3a,0x20,0x73,0x70,0x69,0x6e,0x6e,0x65,0x72,0x20,0xe2,0x80,0x94,0x20,0x69,
  0x6e,0x64,0x65,0x74,0x65,0x72,0x6d,0x69,0x6e,0x61,0x74,0x65,0x20,0x61,0x63,0x74,
  0x69,0x76,0x69,0x74,0x79,0x20,0x69,0x6e,0x64,0x69,0x63,0x61,0x74,0x6f,0x72,0x2e,
  0xa,0x42,0x75,0x73,0x79,0x49,0x6e,0x64,0x69,0x63,0x61,0x74,0x6f,0x72,0x20,0x7b,
  0xa,0x20,0x20,0x20,0x20,0x72,0x65,0x71,0x75,0x69,0x72,0x65,0x64,0x20,0x70,0x72,
  0x6f,0x70,0x65,0x72,0x74,0x79,0x20,0x76,0x61,0x72,0x20,0x6e,0x6f,0x64,0x65,0xa,
  0x20,0x20,0x20,0x20,0x72,0x65,0x61,0x64,0x6f,0x6e,0x6c,0x79,0x20,0x70,0x72,0x6f,
  0x70,0x65,0x72,0x74,0x79,0x20,0x76,0x61,0x72,0x20,0x70,0x72,0x6f,0x70,0x73,0x3a,
  0x20,0x6e,0x6f,0x64,0x65,0x20,0x3f,0x20,0x6e,0x6f,0x64,0x65,0x2e,0x70,0x72,0x6f,
  0x70,0x65,0x72,0x74,0x69,0x65,0x73,0x20,0x3a,0x20,0x28,0x7b,0x7d,0x29,0xa,0xa,
  0x20,0x20,0x20,0x20,0x72,0x75,0x6e,0x6e,0x69,0x6e,0x67,0x3a,0x20,0x70,0x72,0x6f,
  0x70,0x73,0x5b,0x22,0x65,0x6e,0x61,0x62,0x6c,0x65,0x64,0x22,0x5d,0x20,0x21,0x3d,
  0x3d,0x20,0x66,0x61,0x6c,0x73,0x65,0xa,0x20,0x20,0x20,0x20,0x70,0x61,0x6c,0x65,
  0x74,0x74,0x65,0x2e,0x64,0x61,0x72,0x6b,0x3a,0x20,0x53,0x74,0x79,0x6c,0x65,0x2e,
  0x63,0x6f,0x6c,0x6f,0x72,0x28,0x70,0x72,0x6f,0x70,0x73,0x5b,0x22,0x66,0x6f,0x72,
  0x65,0x67,0x72,0x6f,0x75,0x6e,0x64,0x22,0x5d,0x2c,0x20,0x22,0x23,0x30,0x30,0x37,
  0x61,0x66,0x66,0x22,0x29,0xa,0x20,0x20,0x20,0x20,0x69,0x6d,0x70,0x6c,0x69,0x63,
  0x69,0x74,0x57,0x69,0x64,0x74,0x68,0x3a,0x20,0x32,0x30,0xa,0x20,0x20,0x20,0x20,
  0x69,0x6d,0x70,0x6c,0x69,0x63,0x69,0x74,0x48,0x65,0x69,0x67,0x68,0x74,0x3a,0x20,
  0x32,0x30,0xa,0x7d,0xa,
    // /home/ubuntu/repos/lui/platform/qt/qml/LuiTableRow.qml
  0x0,0x0,0x5,0x21,
  0x69,
  0x6d,0x70,0x6f,0x72,0x74,0x20,0x51,0x74,0x51,0x75,0x69,0x63,0x6b,0xa,0x69,0x6d,
  0x70,0x6f,0x72,0x74,0x20,0x51,0x74,0x51,0x75,0x69,0x63,0x6b,0x2e,0x4c,0x61,0x79,
  0x6f,0x75,0x74,0x73,0xa,0x69,0x6d,0x70,0x6f,0x72,0x74,0x20,0x22,0x4c,0x75,0x69,
  0x53,0x74,0x79,0x6c,0x65,0x2e,0x6a,0x73,0x22,0x20,0x61,0x73,0x20,0x53,0x74,0x79,
  0x6c,0x65,0xa,0xa,0x2f,0x2f,0x20,0x57,0x69,0x72,0x65,0x20,0x6b,0x69,0x6e,0x64,
  0x3a,0x20,0x74,0x61,0x62,0x6c,0x65,0x2d,0x72,0x6f,0x77,0x20,0xe2,0x80,0x94,0x20,
  0x68,0x6f,0x72,0x69,0x7a,0x6f,0x6e,0x74,0x61,0x6c,0x20,0x72,0x6f,0x77,0x20,0x6f,
  0x66,0x20,0x74,0x61,0x62,0x6c,0x65,0x2d,0x63,0x65,0x6c,0x6c,0x20,0x63,0x68,0x69,
  0x6c,0x64,0x72,0x65,0x6e,0x3b,0x20,0x63,0x65,0x6c,0x6c,0x73,0x20,0x77,0x69,0x74,
  0x68,0xa,0x2f,0x2f,0x20,0x67,0x72,0x6f,0x77,0x20,0x3e,0x20,0x30,0x20,0x66,0x6c,
  0x65,0x78,0x2c,0x20,0x6f,0x74,0x68,0x65,0x72,0x73,0x20,0x73,0x69,0x7a,0x65,0x20,
  0x74,0x6f,0x20,0x63,0x6f,0x6e,0x74,0x65,0x6e,0x74,0x2e,0xa,0x52,0x65,0x63,0x74,
  0x61,0x6e,0x67,0x6c,0x65,0x20,0x7b,0xa,0x20,0x20,0x20,0x20,0x69,0x64,0x3a,0x20,
  0x72,0x6f,0x77,0xa,0x20,0x20,0x20,0x20,0x72,0x65,0x71,0x75,0x69,0x72,0x65,0x64,
  0x20,0x70,0x72,0x6f,0x70,0x65,0x72,0x74,0x79,0x20,0x76,0x61,0x72,0x20,0x6e,0x6f,
  0x64,0x65,0xa,0x20,0x20,0x20,0x20,0x72,0x65,0x61,0x64,0x6f,0x6e,0x6c,0x79,0x20,
  0x70,0x72,0x6f,0x70,0x65,0x72,0x74,0x79,0x20,0x76,0x61,0x72,0x20,0x70,0x72,0x6f,
  0x70,0x73,0x3a,0x20,0x6e,0x6f,0x64,0x65,0x20,0x3f,0x20,0x6e,0x6f,0x64,0x65,0x2e,
  0x70,0x72,0x6f,0x70,0x65,0x72,0x74,0x69,0x65,0x73,0x20,0x3a,0x20,0x28,0x7b,0x7d,
  0x29,0xa,0xa,0x20,0x20,0x20,0x20,0x69,0x6d,0x70,0x6c,0x69,0x63,0x69,0x74,0x48,
  0x65,0x69,0x67,0x68,0x74,0x3a,0x20,0x63,0x65,0x6c,0x6c,0x73,0x2e,0x69,0x6d,0x70,
  0x6c,0x69,0x63,0x69,0x74,0x48,0x65,0x69,0x67,0x68,0x74,0x20,0x2b,0x20,0x28,0x64,
  0x69,0x76,0x69,0x64,0x65,0x72,0x2e,0x76,0x69,0x73,0x69,0x62,0x6c,0x65,0x20,0x3f,
  0x20,0x31,0x20,0x3a,0x20,0x30,0x29,0xa,0x20,0x20,0x20,0x20,0x69,0x6d,0x70,0x6c,
  0x69,0x63,0x69,0x74,0x57,0x69,0x64,0x74,0x68,0x3a,0x20,0x63,0x65,0x6c,0x6c,0x73,
  0x2e,0x69,0x6d,0x70,0x6c,0x69,0x63,0x69,0x74,0x57,0x69,0x64,0x74,0x68,0xa,0x20,
  0x20,0x20,0x20,0x63,0x6f,0x6c,0x6f,0x72,0x3a,0x20,0x70,0x72,0x6f,0x70,0x73,0x5b,
  0x22,0x73,0x65,0x6c,0x65,0x63,0x74,0x65,0x64,0x22,0x5d,0x20,0x3d,0x3d,0x3d,0x20,
  0x74,0x72,0x75,0x65,0x20,0x3f,0x20,0x22,0x23,0x66,0x34,0x66,0x34,0x66,0x35,0x22,
  0x20,0x3a,0x20,0x22,0x74,0x72,0x61,0x6e,0x73,0x70,0x61,0x72,0x65,0x6e,0x74,0x22,
  0xa,0xa,0x20,0x20,0x20,0x20,0x72,0x65,0x61,0x64,0x6f,0x6e,0x6c,0x79,0x20,0x70,
  0x72,0x6f,0x70,0x65,0x72,0x74,0x79,0x20,0x62,0x6f,0x6f,0x6c,0x20,0x69,0x73,0x4c,
  0x61,0x73,0x74,0x3a,0x20,0x7b,0xa,0x20,0x20,0x20,0x20,0x20,0x20,0x20,0x20,0x69,
  0x66,0x20,0x28,0x21,0x6e,0x6f,0x64,0x65,0x20,0x7c,0x7c,0x20,0x21,0x6e,0x6f,0x64,
  0x65,0x2e,0x70,0x61,0x72,0x65,0x6e,0x74,0x29,0x20,0x72,0x65,0x74,0x75,0x72,0x6e,
  0x20,0x74,0x72,0x75,0x65,0xa,0x20,0x20,0x20,0x20,0x20,0x20,0x20,0x20,0x76,0x61,
  0x72,0x20,0x73,0x69,0x62,0x6c,0x69,0x6e,0x67,0x73,0x20,0x3d,0x20,0x6e,0x6f,0x64,
  0x65,0x2e,0x70,0x61,0x72,0x65,0x6e,0x74,0x2e,0x63,0x68,0x69,0x6c,0x64,0x72,0x65,
  0x6e,0xa,0x20,0x20,0x20,0x20,0x20,0x20,0x20,0x20,0x72,0x65,0x74,0x75,0x72,0x6e,
  0x20,0x73,0x69,0x62,0x6c,0x69,0x6e,0x67,0x73,0x2e,0x6c,0x65,0x6e,0x67,0x74,0x68,
  0x20,0x3e,0x20,0x30,0x20,0x26,0x26,0x20,0x73,0x69,0x62,0x6c,0x69,0x6e,0x67,0x73,
  0x5b,0x73,0x69,0x62,0x6c,0x69,0x6e,0x67,0x73,0x2e,0x6c,0x65,0x6e,0x67,0x74,0x68,
  0x20,0x2d,0x20,0x31,0x5d,0x20,0x3d,0x3d,0x3d,0x20,0x6e,0x6f,0x64,0x65,0xa,0x20,
  0x20,0x20,0x20,0x7d,0xa,0xa,0x20,0x20,0x20,0x20,0x52,0x6f,0x77,0x4c,0x61,0x79,
  0x6f,0x75,0x74,0x20,0x7b,0xa,0x20,0x20,0x20,0x20,0x20,0x20,0x20,0x20,0x69,0x64,
  0x3a,0x20,0x63,0x65,0x6c,0x6c,0x73,0xa,0x20,0x20,0x20,0x20,0x20,0x20,0x20,0x20,
  0x77,0x69,0x64,0x74,0x68,0x3a,0x20,0x72,0x6f,0x77,0x2e,0x77,0x69,0x64,0x74,0x68,
  0xa,0x20,0x20,0x20,0x20,0x20,0x20,0x20,0x20,0x73,0x70,0x61,0x63,0x69,0x6e,0x67,
  0x3a,0x20,0x53,0x74,0x79,0x6c,0x65,0x2e,0x6e,0x75,0x6d,0x28,0x72,0x6f,0x77,0x2e,
  0x70,0x72,0x6f,0x70,0x73,0x2c,0x20,0x22,0x67,0x61,0x70,0x22,0x2c,0x20,0x30,0x29,
  0xa,0xa,0x20,0x20,0x20,0x20,0x20,0x20,0x20,0x20,0x52,0x65,0x70,0x65,0x61,0x74,
  0x65,0x72,0x20,0x7b,0xa,0x20,0x20,0x20,0x20,0x20,0x20,0x20,0x20,0x20,0x20,0x20,
  0x20,0x6d,0x6f,0x64,0x65,0x6c,0x3a,0x20,0x72,0x6f,0x77,0x2e,0x6e,0x6f,0x64,0x65,
  0x20,0x3f,0x20,0x72,0x6f,0x77,0x2e,0x6e,0x6f,0x64,0x65,0x2e,0x63,0x68,0x69,0x6c,
  0x64,0x72,0x65,0x6e,0x20,0x3a,0x20,0x5b,0x5d,0xa,0x20,0x20,0x20,0x20,0x20,0x20,
  0x20,0x20,0x20,0x20,0x20,0x20,0x64,0x65,0x6c,0x65,0x67,0x61,0x74,0x65,0x3a,0x20,
  0x4c,0x75,0x69,0x4e,0x6f,0x64,0x65,0x56,0x69,0x65,0x77,0x20,0x7b,0xa,0x20,0x20,
  0x20,0x20,0x20,0x20,0x20,0x20,0x20,0x20,0x20,0x20,0x72,0x65,0x71,0x75,0x69,0x72,
  0x65,0x64,0x20,0x70,0x72,0x6f,0x70,0x65,0x72,0x74,0x79,0x20,0x76,0x61,0x72,0x20,
  0x6d,0x6f,0x64,0x65,0x6c,0x44,0x61,0x74,0x61,0xa,0x20,0x20,0x20,0x20,0x20,0x20,
  0x20,0x20,0x20,0x20,0x20,0x20,0x20,0x20,0x20,0x20,0x6e,0x6f,0x64,0x65,0x3a,0x20,
  0x6d,0x6f,0x64,0x65,0x6c,0x44,0x61,0x74,0x61,0xa,0x20,0x20,0x20,0x20,0x20,0x20,
  0x20,0x20,0x20,0x20,0x20,0x20,0x20,0x20,0x20,0x20,0x4c,0x61,0x79,0x6f,0x75,0x74,
  0x2e,0x66,0x69,0x6c,0x6c,0x57,0x69,0x64,0x74,0x68,0x3a,0x20,0x6d,0x6f,0x64,0x65,
  0x6c,0x44,0x61,0x74,0x61,0x20,0x26,0x26,0xa,0x20,0x20,0x20,0x20,0x20,0x20,0x20,
  0x20,0x20,0x20,0x20,0x20,0x20,0x20,0x20,0x20,0x20,0x20,0x20,0x20,0x4e,0x75,0x6d,
  0x62,0x65,0x72,0x28,0x6d,0x6f,0x64,0x65,0x6c,0x44,0x61,0x74,0x61,0x2e,0x70,0x72,
  0x6f,0x70,0x65,0x72,0x74,0x69,0x65,0x73,0x5b,0x22,0x67,0x72,0x6f,0x77,0x22,0x5d,
  0x20,0x7c,0x7c,0x20,0x30,0x29,0x20,0x3e,0x20,0x30,0xa,0x20,0x20,0x20,0x20,0x20,
  0x20,0x20,0x20,0x20,0x20,0x20,0x20,0x7d,0xa,0x20,0x20,0x20,0x20,0x20,0x20,0x20,
  0x20,0x7d,0xa,0x20,0x20,0x20,0x20,0x7d,0xa,0xa,0x20,0x20,0x20,0x20,0x52,0x65,
  0x63,0x74,0x61,0x6e,0x67,0x6c,0x65,0x20,0x7b,0xa,0x20,0x20,0x20,0x20,0x20,0x20,
  0x20,0x20,0x69,0x64,0x3a,0x20,0x64,0x69,0x76,0x69,0x64,0x65,0x72,0xa,0x20,0x20,
  0x20,0x20,0x20,0x20,0x20,0x20,0x76,0x69,0x73,0x69,0x62,0x6c,0x65,0x3a,0x20,0x21,
  0x72,0x6f,0x77,0x2e,0x69,0x73,0x4c,0x61,0x73,0x74,0xa,0x20,0x20,0x20,0x20,0x20,
  0x20,0x20,0x20,0x61,0x6e,0x63,0x68,0x6f,0x72,0x73,0x2e,0x62,0x6f,0x74,0x74,0x6f,
  0x6d,0x3a,0x20,0x70,0x61,0x72,0x65,0x6e,0x74,0x2e,0x62,0x6f,0x74,0x74,0x6f,0x6d,
  0xa,0x20,0x20,0x20,0x20,0x20,0x20,0x20,0x20,0x77,0x69,0x64,0x74,0x68,0x3a,0x20,
  0x70,0x61,0x72,0x65,0x6e,0x74,0x2e,0x77,0x69,0x64,0x74,0x68,0xa,0x20,0x20,0x20,
  0x20,0x20,0x20,0x20,0x20,0x68,0x65,0x69,0x67,0x68,0x74,0x3a,0x20,0x31,0xa,0x20,
  0x20,0x20,0x20,0x20,0x20,0x20,0x20,0x63,0x6f,0x6c,0x6f,0x72,0x3a,0x20,0x22,0x23,
  0x65,0x34,0x65,0x34,0x65,0x37,0x22,0xa,0x20,0x20,0x20,0x20,0x7d,0xa,0x7d,0xa,
  
    // /home/ubuntu/repos/lui/platform/qt/qml/LuiToolbar.qml
  0x0,0x0,0x4,0xa9,
  0x69,
  0x6d,0x70,0x6f,0x72,0x74,0x20,0x51,0x74,0x51,0x75,0x69,0x63,0x6b,0xa,0x69,0x6d,
  0x70,0x6f,0x72,0x74,0x20,0x51,0x74,0x51,0x75,0x69,0x63,0x6b,0x2e,0x4c,0x61,0x79,
  0x6f,0x75,0x74,0x73,0xa,0x69,0x6d,0x70,0x6f,0x72,0x74,0x20,0x22,0x4c,0x75,0x69,
  0x53,0x74,0x79,0x6c,0x65,0x2e,0x6a,0x73,0x22,0x20,0x61,0x73,0x20,0x53,0x74,0x79,
  0x6c,0x65,0xa,0xa,0x2f,0x2f,0x20,0x57,0x69,0x72,0x65,0x20,0x6b,0x69,0x6e,0x64,
  0x3a,0x20,0x74,0x6f,0x6f,0x6c,0x62,0x61,0x72,0x20,0xe2,0x80,0x94,0x20,0x68,0x6f,
  0x72,0x69,0x7a,0x6f,0x6e,0x74,0x61,0x6c,0x20,0x28,0x6f,0x72,0x20,0x76,0x65,0x72,
  0x74,0x69,0x63,0x61,0x6c,0x29,0x20,0x73,0x74,0x72,0x69,0x70,0x20,0x6f,0x66,0x20,
  0x63,0x68,0x69,0x6c,0x64,0x72,0x65,0x6e,0x2e,0xa,0x4c,0x6f,0x61,0x64,0x65,0x72,
  0x20,0x7b,0xa,0x20,0x20,0x20,0x20,0x69,0x64,0x3a,0x20,0x74,0x6f,0x6f,0x6c,0x62,
  0x61,0x72,0xa,0x20,0x20,0x20,0x20,0x72,0x65,0x71,0x75,0x69,0x72,0x65,0x64,0x20,
  0x70,0x72,0x6f,0x70,0x65,0x72,0x74,0x79,0x20,0x76,0x61,0x72,0x20,0x6e,0x6f,0x64,
  0x65,0xa,0x20,0x20,0x20,0x20,0x72,0x65,0x61,0x64,0x6f,0x6e,0x6c,0x79,0x20,0x70,
  0x72,0x6f,0x70,0x65,0x72,0x74,0x79,0x20,0x76,0x61,0x72,0x20,0x70,0x72,0x6f,0x70,
  0x73,0x3a,0x20,0x6e,0x6f,0x64,0x65,0x20,0x3f,0x20,0x6e,0x6f,0x64,0x65,0x2e,0x70,
  0x72,0x6f,0x70,0x65,0x72,0x74,0x69,0x65,0x73,0x20,0x3a,0x20,0x28,0x7b,0x7d,0x29,
  0xa,0xa,0x20,0x20,0x20,0x20,0x73,0x6f,0x75,0x72,0x63,0x65,0x43,0x6f,0x6d,0x70,
  0x6f,0x6e,0x65,0x6e,0x74,0x3a,0x20,0x53,0x74,0x79,0x6c,0x65,0x2e,0x73,0x74,0x72,
  0x28,0x70,0x72,0x6f,0x70,0x73,0x2c,0x20,0x22,0x6f,0x72,0x69,0x65,0x6e,0x74,0x61,
  0x74,0x69,0x6f,0x6e,0x22,0x2c,0x20,0x22,0x68,0x6f,0x72,0x69,0x7a,0x6f,0x6e,0x74,
  0x61,0x6c,0x22,0x29,0x20,0x3d,0x3d,0x3d,0x20,0x22,0x76,0x65,0x72,0x74,0x69,0x63,
  0x61,0x6c,0x22,0xa,0x20,0x20,0x20,0x20,0x20,0x20,0x20,0x20,0x20,0x20,0x20,0x20,
  0x20,0x20,0x20,0x20,0x20,0x20,0x20,0x20,0x20,0x3f,0x20,0x76,0x65,0x72,0x74,0x69,
  0x63,0x61,0x6c,0x53,0x74,0x72,0x69,0x70,0x20,0x3a,0x20,0x68,0x6f,0x72,0x69,0x7a,
  0x6f,0x6e,0x74,0x61,0x6c,0x53,0x74,0x72,0x69,0x70,0xa,0xa,0x20,0x20,0x20,0x20,
  0x43,0x6f,0x6d,0x70,0x6f,0x6e,0x65,0x6e,0x74,0x20,0x7b,0xa,0x20,0x20,0x20,0x20,
  0x20,0x20,0x20,0x20,0x69,0x64,0x3a,0x20,0x68,0x6f,0x72,0x69,0x7a,0x6f,0x6e,0x74,
  0x61,0x6c,0x53,0x74,0x72,0x69,0x70,0xa,0x20,0x20,0x20,0x20,0x20,0x20,0x20,0x20,
  0x52,0x6f,0x77,0x4c,0x61,0x79,0x6f,0x75,0x74,0x20,0x7b,0xa,0x20,0x20,0x20,0x20,
  0x20,0x20,0x20,0x20,0x20,0x20,0x20,0x20,0x70,0x72,0x6f,0x70,0x65,0x72,0x74,0x79,
  0x20,0x76,0x61,0x72,0x20,0x6e,0x6f,0x64,0x65,0x3a,0x20,0x74,0x6f,0x6f,0x6c,0x62,
  0x61,0x72,0x2e,0x6e,0x6f,0x64,0x65,0xa,0x20,0x20,0x20,0x20,0x20,0x20,0x20,0x20,
  0x20,0x20,0x20,0x20,0x73,0x70,0x61,0x63,0x69,0x6e,0x67,0x3a,0x20,0x53,0x74,0x79,
  0x6c,0x65,0x2e,0x6e,0x75,0x6d,0x28,0x74,0x6f,0x6f,0x6c,0x62,0x61,0x72,0x2e,0x70,
  0x72,0x6f,0x70,0x73,0x2c,0x20,0x22,0x67,0x61,0x70,0x22,0x2c,0x20,0x34,0x29,0xa,
  0x20,0x20,0x20,0x20,0x20,0x20,0x20,0x20,0x20,0x20,0x20,0x20,0x52,0x65,0x70,0x65,
  0x61,0x74,0x65,0x72,0x20,0x7b,0xa,0x20,0x20,0x20,0x20,0x20,0x20,0x20,0x20,0x20,
  0x20,0x20,0x20,0x20,0x20,0x20,0x20,0x6d,0x6f,0x64,0x65,0x6c,0x3a,0x20,0x74,0x6f,
  0x6f,0x6c,0x62,0x61,0x72,0x2e,0x6e,0x6f,0x64,0x65,0x20,0x3f,0x20,0x74,0x6f,0x6f,
  0x6c,0x62,0x61,0x72,0x2e,0x6e,0x6f,0x64,0x65,0x2e,0x63,0x68,0x69,0x6c,0x64,0x72,
  0x65,0x6e,0x20,0x3a,0x20,0x5b,0x5d,0xa,0x20,0x20,0x20,0x20,0x20,0x20,0x20,0x20,
  0x20,0x20,0x20,0x20,0x20,0x20,0x20,0x20,0x64,0x65,0x6c,0x65,0x67,0x61,0x74,0x65,
  0x3a,0x20,0x4c,0x75,0x69,0x4e,0x6f,0x64,0x65,0x56,0x69,0x65,0x77,0x20,0x7b,0xa,
  0x20,0x20,0x20,0x20,0x20,0x20,0x20,0x20,0x20,0x20,0x20,0x20,0x72,0x65,0x71,0x75,
  0x69,0x72,0x65,0x64,0x20,0x70,0x72,0x6f,0x70,0x65,0x72,0x74,0x79,0x20,0x76,0x61,
  0x72,0x20,0x6d,0x6f,0x64,0x65,0x6c,0x44,0x61,0x74,0x61,0xa,0x20,0x20,0x20,0x20,
  0x20,0x20,0x20,0x20,0x20,0x20,0x20,0x20,0x6e,0x6f,0x64,0x65,0x3a,0x20,0x6d,0x6f,
  0x64,0x65,0x6c,0x44,0x61,0x74,0x61,0x20,0x7d,0xa,0x20,0x20,0x20,0x20,0x20,0x20,
  0x20,0x20,0x20,0x20,0x20,0x20,0x7d,0xa,0x20,0x20,0x20,0x20,0x20,0x20,0x20,0x20,
  0x7d,0xa,0x20,0x20,0x20,0x20,0x7d,0xa,0xa,0x20,0x20,0x20,0x20,0x43,0x6f,0x6d,
  0x70,0x6f,0x6e,0x65,0x6e,0x74,0x20,0x7b,0xa,0x20,0x20,0x20,0x20,0x20,0x20,0x20,
  0x20,0x69,0x64,0x3a,0x20,0x76,0x65,0x72,0x74,0x69,0x63,0x61,0x6c,0x53,0x74,0x72,
  0x69,0x70,0xa,0x20,0x20,0x20,0x20,0x20,0x20,0x20,0x20,0x43,0x6f,0x6c,0x75,0x6d,
  0x6e,0x4c,0x61,0x79,0x6f,0x75,0x74,0x20,0x7b,0xa,0x20,0x20,0x20,0x20,0x20,0x20,
  0x20,0x20,0x20,0x20,0x20,0x20,0x70,0x72,0x6f,0x70,0x65,0x72,0x74,0x79,0x20,0x76,
  0x61,0x72,0x20,0x6e,0x6f,0x64,0x65,0x3a,0x20,0x74,0x6f,0x6f,0x6c,0x62,0x61,0x72,
  0x2e,0x6e,0x6f,0x64,0x65,0xa,0x20,0x20,0x20,0x20,0x20,0x20,0x20,0x20,0x20,0x20,
  0x20,0x20,0x73,0x70,0x61,0x63,0x69,0x6e,0x67,0x3a,0x20,0x53,0x74,0x79,0x6c,0x65,
  0x2e,0x6e,0x75,0x6d,0x28,0x74,0x6f,0x6f,0x6c,0x62,0x61,0x72,0x2e,0x70,0x72,0x6f,
  0x70,0x73,0x2c,0x20,0x22,0x67,0x61,0x70,0x22,0x2c,0x20,0x34,0x29,0xa,0x20,0x20,
  0x20,0x20,0x20,0x20,0x20,0x20,0x20,0x20,0x20,0x20,0x52,0x65,0x70,0x65,0x61,0x74,
  0x65,0x72,0x20,0x7b,0xa,0x20,0x20,0x20,0x20,0x20,0x20,0x20,0x20,0x20,0x20,0x20,
  0x20,0x20,0x20,0x20,0x20,0x6d,0x6f,0x64,0x65,0x6c,0x3a,0x20,0x74,0x6f,0x6f,0x6c,
  0x62,0x61,0x72,0x2e,0x6e,0x6f,0x64,0x65,0x20,0x3f,0x20,0x74,0x6f,0x6f,0x6c,0x62,
  0x61,0x72,0x2e,0x6e,0x6f,0x64,0x65,0x2e,0x63,0x68,0x69,0x6c,0x64,0x72,0x65,0x6e,
  0x20,0x3a,0x20,0x5b,0x5d,0xa,0x20,0x20,0x20,0x20,0x20,0x20,0x20,0x20,0x20,0x20,
  0x20,0x20,0x20,0x20,0x20,0x20,0x64,0x65,0x6c,0x65,0x67,0x61,0x74,0x65,0x3a,0x20,
  0x4c,0x75,0x69,0x4e,0x6f,0x64,0x65,0x56,0x69,0x65,0x77,0x20,0x7b,0xa,0x20,0x20,
  0x20,0x20,0x20,0x20,0x20,0x20,0x20,0x20,0x20,0x20,0x72,0x65,0x71,0x75,0x69,0x72,
  0x65,0x64,0x20,0x70,0x72,0x6f,0x70,0x65,0x72,0x74,0x79,0x20,0x76,0x61,0x72,0x20,
  0x6d,0x6f,0x64,0x65,0x6c,0x44,0x61,0x74,0x61,0xa,0x20,0x20,0x20,0x20,0x20,0x20,
  0x20,0x20,0x20,0x20,0x20,0x20,0x6e,0x6f,0x64,0x65,0x3a,0x20,0x6d,0x6f,0x64,0x65,
  0x6c,0x44,0x61,0x74,0x61,0x20,0x7d,0xa,0x20,0x20,0x20,0x20,0x20,0x20,0x20,0x20,
  0x20,0x20,0x20,0x20,0x7d,0xa,0x20,0x20,0x20,0x20,0x20,0x20,0x20,0x20,0x7d,0xa,
  0x20,0x20,0x20,0x20,0x7d,0xa,0x7d,0xa,
    // /home/ubuntu/repos/lui/platform/qt/qml/LuiBottomTabs.qml
  0x0,0x0,0xb,0xfa,
  0x69,
  0x6d,0x70,0x6f,0x72,0x74,0x20,0x51,0x74,0x51,0x75,0x69,0x63,0x6b,0xa,0x69,0x6d,
  0x70,0x6f,0x72,0x74,0x20,0x51,0x74,0x51,0x75,0x69,0x63,0x6b,0x2e,0x4c,0x61,0x79,
  0x6f,0x75,0x74,0x73,0xa,0x69,0x6d,0x70,0x6f,0x72,0x74,0x20,0x22,0x4c,0x75,0x69,
  0x53,0x74,0x79,0x6c,0x65,0x2e,0x6a,0x73,0x22,0x20,0x61,0x73,0x20,0x53,0x74,0x79,
  0x6c,0x65,0xa,0xa,0x2f,0x2f,0x20,0x57,0x69,0x72,0x65,0x20,0x6b,0x69,0x6e,0x64,
  0x3a,0x20,0x62,0x6f,0x74,0x74,0x6f,0x6d,0x2d,0x74,0x61,0x62,0x73,0x20,0xe2,0x80,
  0x94,0x20,0x63,0x6f,0x6e,0x74,0x65,0x6e,0x74,0x20,0x70,0x6c,0x75,0x73,0x20,0x61,
  0x20,0x62,0x6f,0x74,0x74,0x6f,0x6d,0x20,0x6e,0x61,0x76,0x69,0x67,0x61,0x74,0x69,
  0x6f,0x6e,0x20,0x62,0x61,0x72,0x20,0x6f,0x66,0xa,0x2f,0x2f,0x20,0x62,0x6f,0x74,
  0x74,0x6f,0x6d,0x2d,0x74,0x61,0x62,0x20,0x63,0x68,0x69,0x6c,0x64,0x72,0x65,0x6e,
  0x3b,0x20,0x74,0x68,0x65,0x20,0x73,0x65,0x6c,0x65,0x63,0x74,0x65,0x64,0x20,0x63,
  0x68,0x69,0x6c,0x64,0x20,0x66,0x69,0x6c,0x6c,0x73,0x20,0x74,0x68,0x65,0x20,0x62,
  0x6f,0x64,0x79,0x2e,0xa,0x43,0x6f,0x6c,0x75,0x6d,0x6e,0x4c,0x61,0x79,0x6f,0x75,
  0x74,0x20,0x7b,0xa,0x20,0x20,0x20,0x20,0x69,0x64,0x3a,0x20,0x74,0x61,0x62,0x73,
  0xa,0x20,0x20,0x20,0x20,0x72,0x65,0x71,0x75,0x69,0x72,0x65,0x64,0x20,0x70,0x72,
  0x6f,0x70,0x65,0x72,0x74,0x79,0x20,0x76,0x61,0x72,0x20,0x6e,0x6f,0x64,0x65,0xa,
  0x20,0x20,0x20,0x20,0x72,0x65,0x61,0x64,0x6f,0x6e,0x6c,0x79,0x20,0x70,0x72,0x6f,
  0x70,0x65,0x72,0x74,0x79,0x20,0x76,0x61,0x72,0x20,0x70,0x72,0x6f,0x70,0x73,0x3a,
  0x20,0x6e,0x6f,0x64,0x65,0x20,0x3f,0x20,0x6e,0x6f,0x64,0x65,0x2e,0x70,0x72,0x6f,
  0x70,0x65,0x72,0x74,0x69,0x65,0x73,0x20,0x3a,0x20,0x28,0x7b,0x7d,0x29,0xa,0xa,
  0x20,0x20,0x20,0x20,0x73,0x70,0x61,0x63,0x69,0x6e,0x67,0x3a,0x20,0x30,0xa,0x20,
  0x20,0x20,0x20,0x72,0x65,0x61,0x64,0x6f,0x6e,0x6c,0x79,0x20,0x70,0x72,0x6f,0x70,
  0x65,0x72,0x74,0x79,0x20,0x76,0x61,0x72,0x20,0x70,0x61,0x67,0x65,0x73,0x3a,0x20,
  0x6e,0x6f,0x64,0x65,0x20,0x3f,0x20,0x6e,0x6f,0x64,0x65,0x2e,0x63,0x68,0x69,0x6c,
  0x64,0x72,0x65,0x6e,0x20,0x3a,0x20,0x5b,0x5d,0xa,0x20,0x20,0x20,0x20,0x72,0x65,
  0x61,0x64,0x6f,0x6e,0x6c,0x79,0x20,0x70,0x72,0x6f,0x70,0x65,0x72,0x74,0x79,0x20,
  0x69,0x6e,0x74,0x20,0x73,0x65,0x6c,0x65,0x63,0x74,0x65,0x64,0x49,0x6e,0x64,0x65,
  0x78,0x3a,0x20,0x7b,0xa,0x20,0x20,0x20,0x20,0x20,0x20,0x20,0x20,0x76,0x61,0x72,
  0x20,0x6b,0x69,0x64,0x73,0x20,0x3d,0x20,0x70,0x61,0x67,0x65,0x73,0xa,0x20,0x20,
  0x20,0x20,0x20,0x20,0x20,0x20,0x66,0x6f,0x72,0x20,0x28,0x76,0x61,0x72,0x20,0x69,
  0x20,0x3d,0x20,0x30,0x3b,0x20,0x69,0x20,0x3c,0x20,0x6b,0x69,0x64,0x73,0x2e,0x6c,
  0x65,0x6e,0x67,0x74,0x68,0x3b,0x20,0x2b,0x2b,0x69,0x29,0x20,0x7b,0xa,0x20,0x20,
  0x20,0x20,0x20,0x20,0x20,0x20,0x20,0x20,0x20,0x20,0x69,0x66,0x20,0x28,0x6b,0x69,
  0x64,0x73,0x5b,0x69,0x5d,0x20,0x26,0x26,0x20,0x6b,0x69,0x64,0x73,0x5b,0x69,0x5d,
  0x2e,0x70,0x72,0x6f,0x70,0x65,0x72,0x74,0x69,0x65,0x73,0x5b,0x22,0x73,0x65,0x6c,
  0x65,0x63,0x74,0x65,0x64,0x22,0x5d,0x20,0x3d,0x3d,0x3d,0x20,0x74,0x72,0x75,0x65,
  0x29,0x20,0x72,0x65,0x74,0x75,0x72,0x6e,0x20,0x69,0xa,0x20,0x20,0x20,0x20,0x20,
  0x20,0x20,0x20,0x7d,0xa,0x20,0x20,0x20,0x20,0x20,0x20,0x20,0x20,0x72,0x65,0x74,
  0x75,0x72,0x6e,0x20,0x30,0xa,0x20,0x20,0x20,0x20,0x7d,0xa,0xa,0x20,0x20,0x20,
  0x20,0x53,0x74,0x61,0x63,0x6b,0x4c,0x61,0x79,0x6f,0x75,0x74,0x20,0x7b,0xa,0x20,
  0x20,0x20,0x20,0x20,0x20,0x20,0x20,0x4c,0x61,0x79,0x6f,0x75,0x74,0x2e,0x66,0x69,
  0x6c,0x6c,0x57,0x69,0x64,0x74,0x68,0x3a,0x20,0x74,0x72,0x75,0x65,0xa,0x20,0x20,
  0x20,0x20,0x20,0x20,0x20,0x20,0x4c,0x61,0x79,0x6f,0x75,0x74,0x2e,0x66,0x69,0x6c,
  0x6c,0x48,0x65,0x69,0x67,0x68,0x74,0x3a,0x20,0x74,0x72,0x75,0x65,0xa,0x20,0x20,
  0x20,0x20,0x20,0x20,0x20,0x20,0x63,0x75,0x72,0x72,0x65,0x6e,0x74,0x49,0x6e,0x64,
  0x65,0x78,0x3a,0x20,0x74,0x61,0x62,0x73,0x2e,0x73,0x65,0x6c,0x65,0x63,0x74,0x65,
  0x64,0x49,0x6e,0x64,0x65,0x78,0xa,0xa,0x20,0x20,0x20,0x20,0x20,0x20,0x20,0x20,
  0x52,0x65,0x70,0x65,0x61,0x74,0x65,0x72,0x20,0x7b,0xa,0x20,0x20,0x20,0x20,0x20,
  0x20,0x20,0x20,0x20,0x20,0x20,0x20,0x6d,0x6f,0x64,0x65,0x6c,0x3a,0x20,0x74,0x61,
  0x62,0x73,0x2e,0x70,0x61,0x67,0x65,0x73,0xa,0x20,0x20,0x20,0x20,0x20,0x20,0x20,
  0x20,0x20,0x20,0x20,0x20,0x64,0x65,0x6c,0x65,0x67,0x61,0x74,0x65,0x3a,0x20,0x4c,
  0x75,0x69,0x4e,0x6f,0x64,0x65,0x56,0x69,0x65,0x77,0x20,0x7b,0xa,0x20,0x20,0x20,
  0x20,0x20,0x20,0x20,0x20,0x20,0x20,0x20,0x20,0x20,0x20,0x20,0x20,0x72,0x65,0x71,
  0x75,0x69,0x72,0x65,0x64,0x20,0x70,0x72,0x6f,0x70,0x65,0x72,0x74,0x79,0x20,0x76,
  0x61,0x72,0x20,0x6d,0x6f,0x64,0x65,0x6c,0x44,0x61,0x74,0x61,0xa,0x20,0x20,0x20,
  0x20,0x20,0x20,0x20,0x20,0x20,0x20,0x20,0x20,0x20,0x20,0x20,0x20,0x6e,0x6f,0x64,
  0x65,0x3a,0x20,0x6d,0x6f,0x64,0x65,0x6c,0x44,0x61,0x74,0x61,0xa,0x20,0x20,0x20,
  0x20,0x20,0x20,0x20,0x20,0x20,0x20,0x20,0x20,0x7d,0xa,0x20,0x20,0x20,0x20,0x20,
  0x20,0x20,0x20,0x7d,0xa,0x20,0x20,0x20,0x20,0x7d,0xa,0xa,0x20,0x20,0x20,0x20,
  0x52,0x65,0x63,0x74,0x61,0x6e,0x67,0x6c,0x65,0x20,0x7b,0xa,0x20,0x20,0x20,0x20,
  0x20,0x20,0x20,0x20,0x4c,0x61,0x79,0x6f,0x75,0x74,0x2e,0x66,0x69,0x6c,0x6c,0x57,
  0x69,0x64,0x74,0x68,0x3a,0x20,0x74,0x72,0x75,0x65,0xa,0x20,0x20,0x20,0x20,0x20,
  0x20,0x20,0x20,0x69,0x6d,0x70,0x6c,0x69,0x63,0x69,0x74,0x48,0x65,0x69,0x67,0x68,
  0x74,0x3a,0x20,0x35,0x36,0xa,0x20,0x20,0x20,0x20,0x20,0x20,0x20,0x20,0x63,0x6f,
  0x6c,0x6f,0x72,0x3a,0x20,0x22,0x23,0x66,0x66,0x66,0x66,0x66,0x66,0x22,0xa,0x20,
  0x20,0x20,0x20,0x20,0x20,0x20,0x20,0x62,0x6f,0x72,0x64,0x65,0x72,0x2e,0x63,0x6f,
  0x6c,0x6f,0x72,0x3a,0x20,0x22,0x23,0x65,0x34,0x65,0x34,0x65,0x37,0x22,0xa,0x20,
  0x20,0x20,0x20,0x20,0x20,0x20,0x20,0x62,0x6f,0x72,0x64,0x65,0x72,0x2e,0x77,0x69,
  0x64,0x74,0x68,0x3a,0x20,0x31,0xa,0xa,0x20,0x20,0x20,0x20,0x20,0x20,0x20,0x20,
  0x52,0x6f,0x77,0x4c,0x61,0x79,0x6f,0x75,0x74,0x20,0x7b,0xa,0x20,0x20,0x20,0x20,
  0x20,0x20,0x20,0x20,0x20,0x20,0x20,0x20,0x61,0x6e,0x63,0x68,0x6f,0x72,0x73,0x2e,
  0x66,0x69,0x6c,0x6c,0x3a,0x20,0x70,0x61,0x72,0x65,0x6e,0x74,0xa,0x20,0x20,0x20,
  0x20,0x20,0x20,0x20,0x20,0x20,0x20,0x20,0x20,0x73,0x70,0x61,0x63,0x69,0x6e,0x67,
  0x3a,0x20,0x30,0xa,0xa,0x20,0x20,0x20,0x20,0x20,0x20,0x20,0x20,0x20,0x20,0x20,
  0x20,0x52,0x65,0x70,0x65,0x61,0x74,0x65,0x72,0x20,0x7b,0xa,0x20,0x20,0x20,0x20,
  0x20,0x20,0x20,0x20,0x20,0x20,0x20,0x20,0x20,0x20,0x20,0x20,0x6d,0x6f,0x64,0x65,
  0x6c,0x3a,0x20,0x74,0x61,0x62,0x73,0x2e,0x70,0x61,0x67,0x65,0x73,0xa,0x20,0x20,
  0x20,0x20,0x20,0x20,0x20,0x20,0x20,0x20,0x20,0x20,0x20,0x20,0x20,0x20,0x64,0x65,
  0x6c,0x65,0x67,0x61,0x74,0x65,0x3a,0x20,0x49,0x74,0x65,0x6d,0x20,0x7b,0xa,0x20,
  0x20,0x20,0x20,0x20,0x20,0x20,0x20,0x20,0x20,0x20,0x20,0x20,0x20,0x20,0x20,0x20,
  0x20,0x20,0x20,0x72,0x65,0x71,0x75,0x69,0x72,0x65,0x64,0x20,0x70,0x72,0x6f,0x70,
  0x65,0x72,0x74,0x79,0x20,0x69,0x6e,0x74,0x20,0x69,0x6e,0x64,0x65,0x78,0xa,0x20,
  0x20,0x20,0x20,0x20,0x20,0x20,0x20,0x20,0x20,0x20,0x20,0x20,0x20,0x20,0x20,0x20,
  0x20,0x20,0x20,0x72,0x65,0x71,0x75,0x69,0x72,0x65,0x64,0x20,0x70,0x72,0x6f,0x70,
  0x65,0x72,0x74,0x79,0x20,0x76,0x61,0x72,0x20,0x6d,0x6f,0x64,0x65,0x6c,0x44,0x61,
  0x74,0x61,0xa,0x20,0x20,0x20,0x20,0x20,0x20,0x20,0x20,0x20,0x20,0x20,0x20,0x20,
  0x20,0x20,0x20,0x20,0x20,0x20,0x20,0x72,0x65,0x61,0x64,0x6f,0x6e,0x6c,0x79,0x20,
  0x70,0x72,0x6f,0x70,0x65,0x72,0x74,0x79,0x20,0x76,0x61,0x72,0x20,0x74,0x61,0x62,
  0x50,0x72,0x6f,0x70,0x73,0x3a,0xa,0x20,0x20,0x20,0x20,0x20,0x20,0x20,0x20,0x20,
  0x20,0x20,0x20,0x20,0x20,0x20,0x20,0x20,0x20,0x20,0x20,0x20,0x20,0x20,0x20,0x6d,
  0x6f,0x64,0x65,0x6c,0x44,0x61,0x74,0x61,0x20,0x26,0x26,0x20,0x6d,0x6f,0x64,0x65,
  0x6c,0x44,0x61,0x74,0x61,0x2e,0x70,0x72,0x6f,0x70,0x65,0x72,0x74,0x69,0x65,0x73,
  0xa,0x20,0x20,0x20,0x20,0x20,0x20,0x20,0x20,0x20,0x20,0x20,0x20,0x20,0x20,0x20,
  0x20,0x20,0x20,0x20,0x20,0x20,0x20,0x20,0x20,0x3f,0x20,0x6d,0x6f,0x64,0x65,0x6c,
  0x44,0x61,0x74,0x61,0x2e,0x70,0x72,0x6f,0x70,0x65,0x72,0x74,0x69,0x65,0x73,0x20,
  0x3a,0x20,0x28,0x7b,0x7d,0x29,0xa,0x20,0x20,0x20,0x20,0x20,0x20,0x20,0x20,0x20,
  0x20,0x20,0x20,0x20,0x20,0x20,0x20,0x20,0x20,0x20,0x20,0x72,0x65,0x61,0x64,0x6f,
  0x6e,0x6c,0x79,0x20,0x70,0x72,0x6f,0x70,0x65,0x72,0x74,0x79,0x20,0x62,0x6f,0x6f,
  0x6c,0x20,0x73,0x65,0x6c,0x65,0x63,0x74,0x65,0x64,0x3a,0xa,0x20,0x20,0x20,0x20,
  0x20,0x20,0x20,0x20,0x20,0x20,0x20,0x20,0x20,0x20,0x20,0x20,0x20,0x20,0x20,0x20,
  0x20,0x20,0x20,0x20,0x69,0x6e,0x64,0x65,0x78,0x20,0x3d,0x3d,0x3d,0x20,0x74,0x61,
  0x62,0x73,0x2e,0x73,0x65,0x6c,0x65,0x63,0x74,0x65,0x64,0x49,0x6e,0x64,0x65,0x78,
  0xa,0x20,0x20,0x20,0x20,0x20,0x20,0x20,0x20,0x20,0x20,0x20,0x20,0x20,0x20,0x20,
  0x20,0x20,0x20,0x20,0x20,0x72,0x65,0x61,0x64,0x6f,0x6e,0x6c,0x79,0x20,0x70,0x72,
  0x6f,0x70,0x65,0x72,0x74,0x79,0x20,0x62,0x6f,0x6f,0x6c,0x20,0x74,0x61,0x62,0x45,
  0x6e,0x61,0x62,0x6c,0x65,0x64,0x3a,0xa,0x20,0x20,0x20,0x20,0x20,0x20,0x20,0x20,
  0x20,0x20,0x20,0x20,0x20,0x20,0x20,0x20,0x20,0x20,0x20,0x20,0x20,0x20,0x20,0x20,
  0x74,0x61,0x62,0x50,0x72,0x6f,0x70,0x73,0x5b,0x22,0x65,0x6e,0x61,0x62,0x6c,0x65,
  0x64,0x22,0x5d,0x20,0x21,0x3d,0x3d,0x20,0x66,0x61,0x6c,0x73,0x65,0xa,0xa,0x20,
  0x20,0x20,0x20,0x20,0x20,0x20,0x20,0x20,0x20,0x20,0x20,0x20,0x20,0x20,0x20,0x20,
  0x20,0x20,0x20,0x4c,0x61,0x79,0x6f,0x75,0x74,0x2e,0x66,0x69,0x6c,0x6c,0x57,0x69,
  0x64,0x74,0x68,0x3a,0x20,0x74,0x72,0x75,0x65,0xa,0x20,0x20,0x20,0x20,0x20,0x20,
  0x20,0x20,0x20,0x20,0x20,0x20,0x20,0x20,0x20,0x20,0x20,0x20,0x20,0x20,0x4c,0x61,
  0x79,0x6f,0x75,0x74,0x2e,0x66,0x69,0x6c,0x6c,0x48,0x65,0x69,0x67,0x68,0x74,0x3a,
  0x20,0x74,0x72,0x75,0x65,0xa,0xa,0x20,0x20,0x20,0x20,0x20,0x20,0x20,0x20,0x20,
  0x20,0x20,0x20,0x20,0x20,0x20,0x20,0x20,0x20,0x20,0x20,0x43,0x6f,0x6c,0x75,0x6d,
  0x6e,0x4c,0x61,0x79,0x6f,0x75,0x74,0x20,0x7b,0xa,0x20,0x20,0x20,0x20,0x20,0x20,
  0x20,0x20,0x20,0x20,0x20,0x20,0x20,0x20,0x20,0x20,0x20,0x20,0x20,0x20,0x20,0x20,
  0x20,0x20,0x61,0x6e,0x63,0x68,0x6f,0x72,0x73,0x2e,0x63,0x65,0x6e,0x74,0x65,0x72,
  0x49,0x6e,0x3a,0x20,0x70,0x61,0x72,0x65,0x6e,0x74,0xa,0x20,0x20,0x20,0x20,0x20,
  0x20,0x20,0x20,0x20,0x20,0x20,0x20,0x20,0x20,0x20,0x20,0x20,0x20,0x20,0x20,0x20,
  0x20,0x20,0x20,0x73,0x70,0x61,0x63,0x69,0x6e,0x67,0x3a,0x20,0x32,0xa,0x20,0x20,
  0x20,0x20,0x20,0x20,0x20,0x20,0x20,0x20,0x20,0x20,0x20,0x20,0x20,0x20,0x20,0x20,
  0x20,0x20,0x20,0x20,0x20,0x20,0x49,0x6d,0x61,0x67,0x65,0x20,0x7b,0xa,0x20,0x20,
  0x20,0x20,0x20,0x20,0x20,0x20,0x20,0x20,0x20,0x20,0x20,0x20,0x20,0x20,0x20,0x20,
  0x20,0x20,0x20,0x20,0x20,0x20,0x20,0x20,0x20,0x20,0x73,0x6f,0x75,0x72,0x63,0x65,
  0x3a,0x20,0x53,0x74,0x79,0x6c,0x65,0x2e,0x69,0x63,0x6f,0x6e,0x53,0x6f,0x75,0x72,
  0x63,0x65,0x28,0xa,0x20,0x20,0x20,0x20,0x20,0x20,0x20,0x20,0x20,0x20,0x20,0x20,
  0x20,0x20,0x20,0x20,0x20,0x20,0x20,0x20,0x20,0x20,0x20,0x20,0x20,0x20,0x20,0x20,
  0x20,0x20,0x20,0x20,0x53,0x74,0x79,0x6c,0x65,0x2e,0x73,0x74,0x72,0x28,0x70,0x61,
  0x72,0x65,0x6e,0x74,0x2e,0x70,0x61,0x72,0x65,0x6e,0x74,0x2e,0x74,0x61,0x62,0x50,
  0x72,0x6f,0x70,0x73,0x2c,0x20,0x22,0x69,0x63,0x6f,0x6e,0x22,0x2c,0x20,0x22,0x22,
  0x29,0x29,0xa,0x20,0x20,0x20,0x20,0x20,0x20,0x20,0x20,0x20,0x20,0x20,0x20,0x20,
  0x20,0x20,0x20,0x20,0x20,0x20,0x20,0x20,0x20,0x20,0x20,0x20,0x20,0x20,0x20,0x76,
  0x69,0x73,0x69,0x62,0x6c,0x65,0x3a,0x20,0x73,0x6f,0x75,0x72,0x63,0x65,0x20,0x21,
  0x3d,0x3d,0x20,0x22,0x22,0xa,0x20,0x20,0x20,0x20,0x20,0x20,0x20,0x20,0x20,0x20,
  0x20,0x20,0x20,0x20,0x20,0x20,0x20,0x20,0x20,0x20,0x20,0x20,0x20,0x20,0x20,0x20,
  0x20,0x20,0x4c,0x61,0x79,0x6f,0x75,0x74,0x2e,0x70,0x72,0x65,0x66,0x65,0x72,0x72,
  0x65,0x64,0x57,0x69,0x64,0x74,0x68,0x3a,0x20,0x32,0x30,0xa,0x20,0x20,0x20,0x20,
  0x20,0x20,0x20,0x20,0x20,0x20,0x20,0x20,0x20,0x20,0x20,0x20,0x20,0x20,0x20,0x20,
  0x20,0x20,0x20,0x20,0x20,0x20,0x20,0x20,0x4c,0x61,0x79,0x6f,0x75,0x74,0x2e,0x70,
  0x72,0x65,0x66,0x65,0x72,0x72,0x65,0x64,0x48,0x65,0x69,0x67,0x68,0x74,0x3a,0x20,
  0x32,0x30,0xa,0x20,0x20,0x20,0x20,0x20,0x20,0x20,0x20,0x20,0x20,0x20,0x20,0x20,
  0x20,0x20,0x20,0x20,0x20,0x20,0x20,0x20,0x20,0x20,0x20,0x20,0x20,0x20,0x20,0x4c,
  0x61,0x79,0x6f,0x75,0x74,0x2e,0x61,0x6c,0x69,0x67,0x6e,0x6d,0x65,0x6e,0x74,0x3a,
  0x20,0x51,0x74,0x2e,0x41,0x6c,0x69,0x67,0x6e,0x48,0x43,0x65,0x6e,0x74,0x65,0x72,
  0xa,0x20,0x20,0x20,0x20,0x20,0x20,0x20,0x20,0x20,0x20,0x20,0x20,0x20,0x20,0x20,
  0x20,0x20,0x20,0x20,0x20,0x20,0x20,0x20,0x20,0x20,0x20,0x20,0x20,0x6f,0x70,0x61,
  0x63,0x69,0x74,0x79,0x3a,0x20,0x70,0x61,0x72,0x65,0x6e,0x74,0x2e,0x70,0x61,0x72,
  0x65,0x6e,0x74,0x2e,0x73,0x65,0x6c,0x65,0x63,0x74,0x65,0x64,0x20,0x3f,0x20,0x31,
  0x20,0x3a,0x20,0x30,0x2e,0x36,0xa,0x20,0x20,0x20,0x20,0x20,0x20,0x20,0x20,0x20,
  0x20,0x20,0x20,0x20,0x20,0x20,0x20,0x20,0x20,0x20,0x20,0x20,0x20,0x20,0x20,0x7d,
  0xa,0x20,0x20,0x20,0x20,0x20,0x20,0x20,0x20,0x20,0x20,0x20,0x20,0x20,0x20,0x20,
  0x20,0x20,0x20,0x20,0x20,0x20,0x20,0x20,0x20,0x54,0x65,0x78,0x74,0x20,0x7b,0xa,
  0x20,0x20,0x20,0x20,0x20,0x20,0x20,0x20,0x20,0x20,0x20,0x20,0x20,0x20,0x20,0x20,
  0x20,0x20,0x20,0x20,0x20,0x20,0x20,0x20,0x20,0x20,0x20,0x20,0x74,0x65,0x78,0x74,
  0x3a,0x20,0x53,0x74,0x79,0x6c,0x65,0x2e,0x73,0x74,0x72,0x28,0x70,0x61,0x72,0x65,
  0x6e,0x74,0x2e,0x70,0x61,0x72,0x65,0x6e,0x74,0x2e,0x74,0x61,0x62,0x50,0x72,0x6f,
  0x70,0x73,0x2c,0x20,0x22,0x74,0x69,0x74,0x6c,0x65,0x22,0x2c,0x20,0x22,0x22,0x29,
  0xa,0x20,0x20,0x20,0x20,0x20,0x20,0x20,0x20,0x20,0x20,0x20,0x20,0x20,0x20,0x20,
  0x20,0x20,0x20,0x20,0x20,0x20,0x20,0x20,0x20,0x20,0x20,0x20,0x20,0x63,0x6f,0x6c,
  0x6f,0x72,0x3a,0x20,0x70,0x61,0x72,0x65,0x6e,0x74,0x2e,0x70,0x61,0x72,0x65,0x6e,
  0x74,0x2e,0x73,0x65,0x6c,0x65,0x63,0x74,0x65,0x64,0x20,0x3f,0x20,0x22,0x23,0x30,
  0x30,0x37,0x61,0x66,0x66,0x22,0x20,0x3a,0x20,0x22,0x23,0x37,0x31,0x37,0x31,0x37,
  0x61,0x22,0xa,0x20,0x20,0x20,0x20,0x20,0x20,0x20,0x20,0x20,0x20,0x20,0x20,0x20,
  0x20,0x20,0x20,0x20,0x20,0x20,0x20,0x20,0x20,0x20,0x20,0x20,0x20,0x20,0x20,0x66,
  0x6f,0x6e,0x74,0x2e,0x70,0x69,0x78,0x65,0x6c,0x53,0x69,0x7a,0x65,0x3a,0x20,0x31,
  0x31,0xa,0x20,0x20,0x20,0x20,0x20,0x20,0x20,0x20,0x20,0x20,0x20,0x20,0x20,0x20,
  0x20,0x20,0x20,0x20,0x20,0x20,0x20,0x20,0x20,0x20,0x20,0x20,0x20,0x20,0x4c,0x61,
  0x79,0x6f,0x75,0x74,0x2e,0x61,0x6c,0x69,0x67,0x6e,0x6d,0x65,0x6e,0x74,0x3a,0x20,
  0x51,0x74,0x2e,0x41,0x6c,0x69,0x67,0x6e,0x48,0x43,0x65,0x6e,0x74,0x65,0x72,0xa,
  0x20,0x20,0x20,0x20,0x20,0x20,0x20,0x20,0x20,0x20,0x20,0x20,0x20,0x20,0x20,0x20,
  0x20,0x20,0x20,0x20,0x20,0x20,0x20,0x20,0x7d,0xa,0x20,0x20,0x20,0x20,0x20,0x20,
  0x20,0x20,0x20,0x20,0x20,0x20,0x20,0x20,0x20,0x20,0x20,0x20,0x20,0x20,0x7d,0xa,
  0xa,0x20,0x20,0x20,0x20,0x20,0x20,0x20,0x20,0x20,0x20,0x20,0x20,0x20,0x20,0x20,
  0x20,0x20,0x20,0x20,0x20,0x4d,0x6f,0x75,0x73,0x65,0x41,0x72,0x65,0x61,0x20,0x7b,
  0xa,0x20,0x20,0x20,0x20,0x20,0x20,0x20,0x20,0x20,0x20,0x20,0x20,0x20,0x20,0x20,
  0x20,0x20,0x20,0x20,0x20,0x20,0x20,0x20,0x20,0x61,0x6e,0x63,0x68,0x6f,0x72,0x73,
  0x2e,0x66,0x69,0x6c,0x6c,0x3a,0x20,0x70,0x61,0x72,0x65,0x6e,0x74,0xa,0x20,0x20,
  0x20,0x20,0x20,0x20,0x20,0x20,0x20,0x20,0x20,0x20,0x20,0x20,0x20,0x20,0x20,0x20,
  0x20,0x20,0x20,0x20,0x20,0x20,0x65,0x6e,0x61,0x62,0x6c,0x65,0x64,0x3a,0x20,0x70,
  0x61,0x72,0x65,0x6e,0x74,0x2e,0x74,0x61,0x62,0x45,0x6e,0x61,0x62,0x6c,0x65,0x64,
  0x20,0x26,0x26,0x20,0x21,0x70,0x61,0x72,0x65,0x6e,0x74,0x2e,0x73,0x65,0x6c,0x65,
  0x63,0x74,0x65,0x64,0xa,0x20,0x20,0x20,0x20,0x20,0x20,0x20,0x20,0x20,0x20,0x20,
  0x20,0x20,0x20,0x20,0x20,0x20,0x20,0x20,0x20,0x20,0x20,0x20,0x20,0x6f,0x6e,0x43,
  0x6c,0x69,0x63,0x6b,0x65,0x64,0x3a,0x20,0x70,0x61,0x72,0x65,0x6e,0x74,0x2e,0x6d,
  0x6f,0x64,0x65,0x6c,0x44,0x61,0x74,0x61,0x2e,0x70,0x72,0x65,0x73,0x73,0x28,0x29,
  0xa,0x20,0x20,0x20,0x20,0x20,0x20,0x20,0x20,0x20,0x20,0x20,0x20,0x20,0x20,0x20,
  0x20,0x20,0x20,0x20,0x20,0x7d,0xa,0x20,0x20,0x20,0x20,0x20,0x20,0x20,0x20,0x20,
  0x20,0x20,0x20,0x20,0x20,0x20,0x20,0x7d,0xa,0x20,0x20,0x20,0x20,0x20,0x20,0x20,
  0x20,0x20,0x20,0x20,0x20,0x7d,0xa,0x20,0x20,0x20,0x20,0x20,0x20,0x20,0x20,0x7d,
  0xa,0x20,0x20,0x20,0x20,0x7d,0xa,0x7d,0xa,
    // /home/ubuntu/repos/lui/platform/qt/qml/LuiIcon.qml
  0x0,0x0,0x2,0x10,
  0x69,
  0x6d,0x70,0x6f,0x72,0x74,0x20,0x51,0x74,0x51,0x75,0x69,0x63,0x6b,0xa,0x69,0x6d,
  0x70,0x6f,0x72,0x74,0x20,0x22,0x4c,0x75,0x69,0x53,0x74,0x79,0x6c,0x65,0x2e,0x6a,
  0x73,0x22,0x20,0x61,0x73,0x20,0x53,0x74,0x79,0x6c,0x65,0xa,0xa,0x2f,0x2f,0x20,
  0x57,0x69,0x72,0x65,0x20,0x6b,0x69,0x6e,0x64,0x3a,0x20,0x69,0x63,0x6f,0x6e,0x20,
  0xe2,0x80,0x94,0x20,0x6e,0x61,0x6d,0x65,0x64,0x20,0x53,0x56,0x47,0x20,0x67,0x6c,
  0x79,0x70,0x68,0x2e,0xa,0x49,0x6d,0x61,0x67,0x65,0x20,0x7b,0xa,0x20,0x20,0x20,
  0x20,0x72,0x65,0x71,0x75,0x69,0x72,0x65,0x64,0x20,0x70,0x72,0x6f,0x70,0x65,0x72,
  0x74,0x79,0x20,0x76,0x61,0x72,0x20,0x6e,0x6f,0x64,0x65,0xa,0x20,0x20,0x20,0x20,
  0x72,0x65,0x61,0x64,0x6f,0x6e,0x6c,0x79,0x20,0x70,0x72,0x6f,0x70,0x65,0x72,0x74,
  0x79,0x20,0x76,0x61,0x72,0x20,0x70,0x72,0x6f,0x70,0x73,0x3a,0x20,0x6e,0x6f,0x64,
  0x65,0x20,0x3f,0x20,0x6e,0x6f,0x64,0x65,0x2e,0x70,0x72,0x6f,0x70,0x65,0x72,0x74,
  0x69,0x65,0x73,0x20,0x3a,0x20,0x28,0x7b,0x7d,0x29,0xa,0xa,0x20,0x20,0x20,0x20,
  0x73,0x6f,0x75,0x72,0x63,0x65,0x3a,0x20,0x53,0x74,0x79,0x6c,0x65,0x2e,0x69,0x63,
  0x6f,0x6e,0x53,0x6f,0x75,0x72,0x63,0x65,0x28,0x53,0x74,0x79,0x6c,0x65,0x2e,0x73,
  0x74,0x72,0x28,0x70,0x72,0x6f,0x70,0x73,0x2c,0x20,0x22,0x69,0x63,0x6f,0x6e,0x22,
  0x2c,0x20,0x22,0x22,0x29,0x29,0xa,0x20,0x20,0x20,0x20,0x72,0x65,0x61,0x64,0x6f,
  0x6e,0x6c,0x79,0x20,0x70,0x72,0x6f,0x70,0x65,0x72,0x74,0x79,0x20,0x69,0x6e,0x74,
  0x20,0x69,0x63,0x6f,0x6e,0x53,0x69,0x7a,0x65,0x3a,0x20,0x53,0x74,0x79,0x6c,0x65,
  0x2e,0x6e,0x75,0x6d,0x28,0x70,0x72,0x6f,0x70,0x73,0x2c,0x20,0x22,0x73,0x69,0x7a,
  0x65,0x22,0x2c,0x20,0x31,0x36,0x29,0xa,0x20,0x20,0x20,0x20,0x2f,0x2f,0x20,0x49,
  0x6d,0x61,0x67,0x65,0x2e,0x69,0x6d,0x70,0x6c,0x69,0x63,0x69,0x74,0x57,0x69,0x64,
  0x74,0x68,0x2f,0x48,0x65,0x69,0x67,0x68,0x74,0x20,0x61,0x72,0x65,0x20,0x72,0x65,
  0x61,0x64,0x2d,0x6f,0x6e,0x6c,0x79,0x3b,0x20,0x73,0x6f,0x75,0x72,0x63,0x65,0x53,
  0x69,0x7a,0x65,0x20,0x6d,0x61,0x6b,0x65,0x73,0x20,0x74,0x68,0x65,0xa,0x20,0x20,
  0x20,0x20,0x2f,0x2f,0x20,0x69,0x6d,0x70,0x6c,0x69,0x63,0x69,0x74,0x20,0x73,0x69,
  0x7a,0x65,0x20,0x69,0x63,0x6f,0x6e,0x53,0x69,0x7a,0x65,0x20,0x78,0x20,0x69,0x63,
  0x6f,0x6e,0x53,0x69,0x7a,0x65,0x2e,0xa,0x20,0x20,0x20,0x20,0x73,0x6f,0x75,0x72,
  0x63,0x65,0x53,0x69,0x7a,0x65,0x2e,0x77,0x69,0x64,0x74,0x68,0x3a,0x20,0x69,0x63,
  0x6f,0x6e,0x53,0x69,0x7a,0x65,0xa,0x20,0x20,0x20,0x20,0x73,0x6f,0x75,0x72,0x63,
  0x65,0x53,0x69,0x7a,0x65,0x2e,0x68,0x65,0x69,0x67,0x68,0x74,0x3a,0x20,0x69,0x63,
  0x6f,0x6e,0x53,0x69,0x7a,0x65,0xa,0x20,0x20,0x20,0x20,0x66,0x69,0x6c,0x6c,0x4d,
  0x6f,0x64,0x65,0x3a,0x20,0x49,0x6d,0x61,0x67,0x65,0x2e,0x50,0x72,0x65,0x73,0x65,
  0x72,0x76,0x65,0x41,0x73,0x70,0x65,0x63,0x74,0x46,0x69,0x74,0xa,0x7d,0xa,
    // /home/ubuntu/repos/lui/platform/qt/qml/LuiTextarea.qml
  0x0,0x0,0x7,0x3,
  0x69,
  0x6d,0x70,0x6f,0x72,0x74,0x20,0x51,0x74,0x51,0x75,0x69,0x63,0x6b,0xa,0x69,0x6d,
  0x70,0x6f,0x72,0x74,0x20,0x51,0x74,0x51,0x75,0x69,0x63,0x6b,0x2e,0x43,0x6f,0x6e,
  0x74,0x72,0x6f,0x6c,0x73,0xa,0x69,0x6d,0x70,0x6f,0x72,0x74,0x20,0x22,0x4c,0x75,
  0x69,0x53,0x74,0x79,0x6c,0x65,0x2e,0x6a,0x73,0x22,0x20,0x61,0x73,0x20,0x53,0x74,
  0x79,0x6c,0x65,0xa,0xa,0x2f,0x2f,0x20,0x57,0x69,0x72,0x65,0x20,0x6b,0x69,0x6e,
  0x64,0x3a,0x20,0x74,0x65,0x78,0x74,0x61,0x72,0x65,0x61,0x20,0xe2,0x80,0x94,0x20,
  0x6d,0x75,0x6c,0x74,0x69,0x6c,0x69,0x6e,0x65,0x20,0x74,0x65,0x78,0x74,0x20,0x69,
  0x6e,0x70,0x75,0x74,0x2e,0xa,0x53,0x63,0x72,0x6f,0x6c,0x6c,0x56,0x69,0x65,0x77,
  0x20,0x7b,0xa,0x20,0x20,0x20,0x20,0x69,0x64,0x3a,0x20,0x76,0x69,0x65,0x77,0xa,
  0x20,0x20,0x20,0x20,0x72,0x65,0x71,0x75,0x69,0x72,0x65,0x64,0x20,0x70,0x72,0x6f,
  0x70,0x65,0x72,0x74,0x79,0x20,0x76,0x61,0x72,0x20,0x6e,0x6f,0x64,0x65,0xa,0x20,
  0x20,0x20,0x20,0x72,0x65,0x61,0x64,0x6f,0x6e,0x6c,0x79,0x20,0x70,0x72,0x6f,0x70,
  0x65,0x72,0x74,0x79,0x20,0x76,0x61,0x72,0x20,0x70,0x72,0x6f,0x70,0x73,0x3a,0x20,
  0x6e,0x6f,0x64,0x65,0x20,0x3f,0x20,0x6e,0x6f,0x64,0x65,0x2e,0x70,0x72,0x6f,0x70,
  0x65,0x72,0x74,0x69,0x65,0x73,0x20,0x3a,0x20,0x28,0x7b,0x7d,0x29,0xa,0xa,0x20,
  0x20,0x20,0x20,0x69,0x6d,0x70,0x6c,0x69,0x63,0x69,0x74,0x57,0x69,0x64,0x74,0x68,
  0x3a,0x20,0x32,0x36,0x30,0xa,0x20,0x20,0x20,0x20,0x69,0x6d,0x70,0x6c,0x69,0x63,
  0x69,0x74,0x48,0x65,0x69,0x67,0x68,0x74,0x3a,0x20,0x39,0x36,0xa,0x20,0x20,0x20,
  0x20,0x63,0x6c,0x69,0x70,0x3a,0x20,0x74,0x72,0x75,0x65,0xa,0xa,0x20,0x20,0x20,
  0x20,0x54,0x65,0x78,0x74,0x41,0x72,0x65,0x61,0x20,0x7b,0xa,0x20,0x20,0x20,0x20,
  0x20,0x20,0x20,0x20,0x69,0x64,0x3a,0x20,0x61,0x72,0x65,0x61,0xa,0x20,0x20,0x20,
  0x20,0x20,0x20,0x20,0x20,0x70,0x6c,0x61,0x63,0x65,0x68,0x6f,0x6c,0x64,0x65,0x72,
  0x54,0x65,0x78,0x74,0x3a,0x20,0x53,0x74,0x79,0x6c,0x65,0x2e,0x73,0x74,0x72,0x28,
  0x76,0x69,0x65,0x77,0x2e,0x70,0x72,0x6f,0x70,0x73,0x2c,0x20,0x22,0x70,0x6c,0x61,
  0x63,0x65,0x68,0x6f,0x6c,0x64,0x65,0x72,0x22,0x2c,0x20,0x22,0x22,0x29,0xa,0x20,
  0x20,0x20,0x20,0x20,0x20,0x20,0x20,0x65,0x6e,0x61,0x62,0x6c,0x65,0x64,0x3a,0x20,
  0x76,0x69,0x65,0x77,0x2e,0x70,0x72,0x6f,0x70,0x73,0x5b,0x22,0x65,0x6e,0x61,0x62,
  0x6c,0x65,0x64,0x22,0x5d,0x20,0x21,0x3d,0x3d,0x20,0x66,0x61,0x6c,0x73,0x65,0xa,
  0x20,0x20,0x20,0x20,0x20,0x20,0x20,0x20,0x63,0x6f,0x6c,0x6f,0x72,0x3a,0x20,0x53,
  0x74,0x79,0x6c,0x65,0x2e,0x63,0x6f,0x6c,0x6f,0x72,0x28,0x76,0x69,0x65,0x77,0x2e,
  0x70,0x72,0x6f,0x70,0x73,0x5b,0x22,0x66,0x6f,0x72,0x65,0x67,0x72,0x6f,0x75,0x6e,
  0x64,0x22,0x5d,0x2c,0x20,0x22,0x23,0x31,0x38,0x31,0x38,0x31,0x62,0x22,0x29,0xa,
  0x20,0x20,0x20,0x20,0x20,0x20,0x20,0x20,0x77,0x72,0x61,0x70,0x4d,0x6f,0x64,0x65,
  0x3a,0x20,0x54,0x65,0x78,0x74,0x41,0x72,0x65,0x61,0x2e,0x57,0x72,0x61,0x70,0xa,
  0x20,0x20,0x20,0x20,0x20,0x20,0x20,0x20,0x43,0x6f,0x6d,0x70,0x6f,0x6e,0x65,0x6e,
  0x74,0x2e,0x6f,0x6e,0x43,0x6f,0x6d,0x70,0x6c,0x65,0x74,0x65,0x64,0x3a,0x20,0x7b,
  0xa,0x20,0x20,0x20,0x20,0x20,0x20,0x20,0x20,0x20,0x20,0x20,0x20,0x69,0x66,0x20,
  0x28,0x76,0x69,0x65,0x77,0x2e,0x70,0x72,0x6f,0x70,0x73,0x5b,0x22,0x61,0x75,0x74,
  0x6f,0x66,0x6f,0x63,0x75,0x73,0x22,0x5d,0x20,0x3d,0x3d,0x3d,0x20,0x74,0x72,0x75,
  0x65,0x29,0x20,0x66,0x6f,0x72,0x63,0x65,0x41,0x63,0x74,0x69,0x76,0x65,0x46,0x6f,
  0x63,0x75,0x73,0x28,0x29,0xa,0x20,0x20,0x20,0x20,0x20,0x20,0x20,0x20,0x20,0x20,
  0x20,0x20,0x73,0x79,0x6e,0x63,0x28,0x29,0xa,0x20,0x20,0x20,0x20,0x20,0x20,0x20,
  0x20,0x7d,0xa,0xa,0x20,0x20,0x20,0x20,0x20,0x20,0x20,0x20,0x70,0x72,0x6f,0x70,
  0x65,0x72,0x74,0x79,0x20,0x73,0x74,0x72,0x69,0x6e,0x67,0x20,0x77,0x69,0x72,0x65,
  0x54,0x65,0x78,0x74,0x3a,0x20,0x53,0x74,0x79,0x6c,0x65,0x2e,0x73,0x74,0x72,0x28,
  0x76,0x69,0x65,0x77,0x2e,0x70,0x72,0x6f,0x70,0x73,0x2c,0x20,0x22,0x74,0x65,0x78,
  0x74,0x22,0x2c,0x20,0x22,0x22,0x29,0xa,0x20,0x20,0x20,0x20,0x20,0x20,0x20,0x20,
  0x70,0x72,0x6f,0x70,0x65,0x72,0x74,0x79,0x20,0x62,0x6f,0x6f,0x6c,0x20,0x75,0x70,
  0x64,0x61,0x74,0x69,0x6e,0x67,0x3a,0x20,0x66,0x61,0x6c,0x73,0x65,0xa,0x20,0x20,
  0x20,0x20,0x20,0x20,0x20,0x20,0x66,0x75,0x6e,0x63,0x74,0x69,0x6f,0x6e,0x20,0x73,
  0x79,0x6e,0x63,0x28,0x29,0x20,0x7b,0xa,0x20,0x20,0x20,0x20,0x20,0x20,0x20,0x20,
  0x20,0x20,0x20,0x20,0x69,0x66,0x20,0x28,0x74,0x65,0x78,0x74,0x20,0x21,0x3d,0x3d,
  0x20,0x77,0x69,0x72,0x65,0x54,0x65,0x78,0x74,0x29,0x20,0x7b,0xa,0x20,0x20,0x20,
  0x20,0x20,0x20,0x20,0x20,0x20,0x20,0x20,0x20,0x20,0x20,0x20,0x20,0x75,0x70,0x64,
  0x61,0x74,0x69,0x6e,0x67,0x20,0x3d,0x20,0x74,0x72,0x75,0x65,0xa,0x20,0x20,0x20,
  0x20,0x20,0x20,0x20,0x20,0x20,0x20,0x20,0x20,0x20,0x20,0x20,0x20,0x74,0x65,0x78,
  0x74,0x20,0x3d,0x20,0x77,0x69,0x72,0x65,0x54,0x65,0x78,0x74,0xa,0x20,0x20,0x20,
  0x20,0x20,0x20,0x20,0x20,0x20,0x20,0x20,0x20,0x20,0x20,0x20,0x20,0x75,0x70,0x64,
  0x61,0x74,0x69,0x6e,0x67,0x20,0x3d,0x20,0x66,0x61,0x6c,0x73,0x65,0xa,0x20,0x20,
  0x20,0x20,0x20,0x20,0x20,0x20,0x20,0x20,0x20,0x20,0x7d,0xa,0x20,0x20,0x20,0x20,
  0x20,0x20,0x20,0x20,0x7d,0xa,0x20,0x20,0x20,0x20,0x20,0x20,0x20,0x20,0x6f,0x6e,
  0x57,0x69,0x72,0x65,0x54,0x65,0x78,0x74,0x43,0x68,0x61,0x6e,0x67,0x65,0x64,0x3a,
  0x20,0x73,0x79,0x6e,0x63,0x28,0x29,0xa,0x20,0x20,0x20,0x20,0x20,0x20,0x20,0x20,
  0x6f,0x6e,0x54,0x65,0x78,0x74,0x43,0x68,0x61,0x6e,0x67,0x65,0x64,0x3a,0x20,0x69,
  0x66,0x20,0x28,0x21,0x75,0x70,0x64,0x61,0x74,0x69,0x6e,0x67,0x29,0x20,0x76,0x69,
  0x65,0x77,0x2e,0x6e,0x6f,0x64,0x65,0x2e,0x74,0x65,0x78,0x74,0x43,0x68,0x61,0x6e,
  0x67,0x65,0x64,0x28,0x74,0x65,0x78,0x74,0x29,0xa,0xa,0x20,0x20,0x20,0x20,0x20,
  0x20,0x20,0x20,0x4b,0x65,0x79,0x73,0x2e,0x6f,0x6e,0x52,0x65,0x74,0x75,0x72,0x6e,
  0x50,0x72,0x65,0x73,0x73,0x65,0x64,0x3a,0x20,0x66,0x75,0x6e,0x63,0x74,0x69,0x6f,
  0x6e,0x28,0x65,0x76,0x65,0x6e,0x74,0x29,0x20,0x7b,0xa,0x20,0x20,0x20,0x20,0x20,
  0x20,0x20,0x20,0x20,0x20,0x20,0x20,0x69,0x66,0x20,0x28,0x76,0x69,0x65,0x77,0x2e,
  0x70,0x72,0x6f,0x70,0x73,0x5b,0x22,0x73,0x75,0x62,0x6d,0x69,0x74,0x2d,0x6f,0x6e,
  0x2d,0x65,0x6e,0x74,0x65,0x72,0x22,0x5d,0x20,0x3d,0x3d,0x3d,0x20,0x74,0x72,0x75,
  0x65,0x20,0x26,0x26,0xa,0x20,0x20,0x20,0x20,0x20,0x20,0x20,0x20,0x20,0x20,0x20,
  0x20,0x20,0x20,0x20,0x20,0x20,0x20,0x20,0x20,0x21,0x28,0x65,0x76,0x65,0x6e,0x74,
  0x2e,0x6d,0x6f,0x64,0x69,0x66,0x69,0x65,0x72,0x73,0x20,0x26,0x20,0x51,0x74,0x2e,
  0x53,0x68,0x69,0x66,0x74,0x4d,0x6f,0x64,0x69,0x66,0x69,0x65,0x72,0x29,0x29,0x20,
  0x7b,0xa,0x20,0x20,0x20,0x20,0x20,0x20,0x20,0x20,0x20,0x20,0x20,0x20,0x20,0x20,
  0x20,0x20,0x76,0x69,0x65,0x77,0x2e,0x6e,0x6f,0x64,0x65,0x2e,0x73,0x75,0x62,0x6d,
  0x69,0x74,0x28,0x29,0xa,0x20,0x20,0x20,0x20,0x20,0x20,0x20,0x20,0x20,0x20,0x20,
  0x20,0x20,0x20,0x20,0x20,0x65,0x76,0x65,0x6e,0x74,0x2e,0x61,0x63,0x63,0x65,0x70,
  0x74,0x65,0x64,0x20,0x3d,0x20,0x74,0x72,0x75,0x65,0xa,0x20,0x20,0x20,0x20,0x20,
  0x20,0x20,0x20,0x20,0x20,0x20,0x20,0x7d,0xa,0x20,0x20,0x20,0x20,0x20,0x20,0x20,
  0x20,0x7d,0xa,0x20,0x20,0x20,0x20,0x20,0x20,0x20,0x20,0x4b,0x65,0x79,0x73,0x2e,
  0x6f,0x6e,0x45,0x6e,0x74,0x65,0x72,0x50,0x72,0x65,0x73,0x73,0x65,0x64,0x3a,0x20,
  0x66,0x75,0x6e,0x63,0x74,0x69,0x6f,0x6e,0x28,0x65,0x76,0x65,0x6e,0x74,0x29,0x20,
  0x7b,0xa,0x20,0x20,0x20,0x20,0x20,0x20,0x20,0x20,0x20,0x20,0x20,0x20,0x69,0x66,
  0x20,0x28,0x76,0x69,0x65,0x77,0x2e,0x70,0x72,0x6f,0x70,0x73,0x5b,0x22,0x73,0x75,
  0x62,0x6d,0x69,0x74,0x2d,0x6f,0x6e,0x2d,0x65,0x6e,0x74,0x65,0x72,0x22,0x5d,0x20,
  0x3d,0x3d,0x3d,0x20,0x74,0x72,0x75,0x65,0x20,0x26,0x26,0xa,0x20,0x20,0x20,0x20,
  0x20,0x20,0x20,0x20,0x20,0x20,0x20,0x20,0x20,0x20,0x20,0x20,0x20,0x20,0x20,0x20,
  0x21,0x28,0x65,0x76,0x65,0x6e,0x74,0x2e,0x6d,0x6f,0x64,0x69,0x66,0x69,0x65,0x72,
  0x73,0x20,0x26,0x20,0x51,0x74,0x2e,0x53,0x68,0x69,0x66,0x74,0x4d,0x6f,0x64,0x69,
  0x66,0x69,0x65,0x72,0x29,0x29,0x20,0x7b,0xa,0x20,0x20,0x20,0x20,0x20,0x20,0x20,
  0x20,0x20,0x20,0x20,0x20,0x20,0x20,0x20,0x20,0x76,0x69,0x65,0x77,0x2e,0x6e,0x6f,
  0x64,0x65,0x2e,0x73,0x75,0x62,0x6d,0x69,0x74,0x28,0x29,0xa,0x20,0x20,0x20,0x20,
  0x20,0x20,0x20,0x20,0x20,0x20,0x20,0x20,0x20,0x20,0x20,0x20,0x65,0x76,0x65,0x6e,
  0x74,0x2e,0x61,0x63,0x63,0x65,0x70,0x74,0x65,0x64,0x20,0x3d,0x20,0x74,0x72,0x75,
  0x65,0xa,0x20,0x20,0x20,0x20,0x20,0x20,0x20,0x20,0x20,0x20,0x20,0x20,0x7d,0xa,
  0x20,0x20,0x20,0x20,0x20,0x20,0x20,0x20,0x7d,0xa,0x20,0x20,0x20,0x20,0x7d,0xa,
  0xa,0x20,0x20,0x20,0x20,0x62,0x61,0x63,0x6b,0x67,0x72,0x6f,0x75,0x6e,0x64,0x3a,
  0x20,0x52,0x65,0x63,0x74,0x61,0x6e,0x67,0x6c,0x65,0x20,0x7b,0xa,0x20,0x20,0x20,
  0x20,0x20,0x20,0x20,0x20,0x72,0x61,0x64,0x69,0x75,0x73,0x3a,0x20,0x36,0xa,0x20,
  0x20,0x20,0x20,0x20,0x20,0x20,0x20,0x63,0x6f,0x6c,0x6f,0x72,0x3a,0x20,0x61,0x72,
  0x65,0x61,0x2e,0x65,0x6e,0x61,0x62,0x6c,0x65,0x64,0x20,0x3f,0x20,0x22,0x23,0x66,
  0x66,0x66,0x66,0x66,0x66,0x22,0x20,0x3a,0x20,0x22,0x23,0x66,0x34,0x66,0x34,0x66,
  0x35,0x22,0xa,0x20,0x20,0x20,0x20,0x20,0x20,0x20,0x20,0x62,0x6f,0x72,0x64,0x65,
  0x72,0x2e,0x63,0x6f,0x6c,0x6f,0x72,0x3a,0x20,0x61,0x72,0x65,0x61,0x2e,0x61,0x63,
  0x74,0x69,0x76,0x65,0x46,0x6f,0x63,0x75,0x73,0x20,0x3f,0x20,0x22,0x23,0x30,0x30,
  0x37,0x61,0x66,0x66,0x22,0x20,0x3a,0x20,0x22,0x23,0x64,0x34,0x64,0x34,0x64,0x38,
  0x22,0xa,0x20,0x20,0x20,0x20,0x20,0x20,0x20,0x20,0x62,0x6f,0x72,0x64,0x65,0x72,
  0x2e,0x77,0x69,0x64,0x74,0x68,0x3a,0x20,0x31,0xa,0x20,0x20,0x20,0x20,0x7d,0xa,
  0x7d,0xa,
    // /home/ubuntu/repos/lui/platform/qt/qml/LuiBreadcrumb.qml
  0x0,0x0,0x3,0x14,
  0x69,
  0x6d,0x70,0x6f,0x72,0x74,0x20,0x51,0x74,0x51,0x75,0x69,0x63,0x6b,0xa,0x69,0x6d,
  0x70,0x6f,0x72,0x74,0x20,0x51,0x74,0x51,0x75,0x69,0x63,0x6b,0x2e,0x4c,0x61,0x79,
  0x6f,0x75,0x74,0x73,0xa,0x69,0x6d,0x70,0x6f,0x72,0x74,0x20,0x22,0x4c,0x75,0x69,
  0x53,0x74,0x79,0x6c,0x65,0x2e,0x6a,0x73,0x22,0x20,0x61,0x73,0x20,0x53,0x74,0x79,
  0x6c,0x65,0xa,0xa,0x2f,0x2f,0x20,0x57,0x69,0x72,0x65,0x20,0x6b,0x69,0x6e,0x64,
  0x3a,0x20,0x62,0x72,0x65,0x61,0x64,0x63,0x72,0x75,0x6d,0x62,0x20,0xe2,0x80,0x94,
  0x20,0x68,0x6f,0x72,0x69,0x7a,0x6f,0x6e,0x74,0x61,0x6c,0x20,0x74,0x72,0x61,0x69,
  0x6c,0x20,0x6f,0x66,0x20,0x62,0x75,0x74,0x74,0x6f,0x6e,0x20,0x63,0x68,0x69,0x6c,
  0x64,0x72,0x65,0x6e,0x20,0x77,0x69,0x74,0x68,0xa,0x2f,0x2f,0x20,0x73,0x65,0x70,
  0x61,0x72,0x61,0x74,0x6f,0x72,0x73,0x2e,0xa,0x52,0x6f,0x77,0x4c,0x61,0x79,0x6f,
  0x75,0x74,0x20,0x7b,0xa,0x20,0x20,0x20,0x20,0x69,0x64,0x3a,0x20,0x63,0x72,0x75,
  0x6d,0x62,0xa,0x20,0x20,0x20,0x20,0x72,0x65,0x71,0x75,0x69,0x72,0x65,0x64,0x20,
  0x70,0x72,0x6f,0x70,0x65,0x72,0x74,0x79,0x20,0x76,0x61,0x72,0x20,0x6e,0x6f,0x64,
  0x65,0xa,0x20,0x20,0x20,0x20,0x72,0x65,0x61,0x64,0x6f,0x6e,0x6c,0x79,0x20,0x70,
  0x72,0x6f,0x70,0x65,0x72,0x74,0x79,0x20,0x76,0x61,0x72,0x20,0x70,0x72,0x6f,0x70,
  0x73,0x3a,0x20,0x6e,0x6f,0x64,0x65,0x20,0x3f,0x20,0x6e,0x6f,0x64,0x65,0x2e,0x70,
  0x72,0x6f,0x70,0x65,0x72,0x74,0x69,0x65,0x73,0x20,0x3a,0x20,0x28,0x7b,0x7d,0x29,
  0xa,0xa,0x20,0x20,0x20,0x20,0x73,0x70,0x61,0x63,0x69,0x6e,0x67,0x3a,0x20,0x53,
  0x74,0x79,0x6c,0x65,0x2e,0x6e,0x75,0x6d,0x28,0x70,0x72,0x6f,0x70,0x73,0x2c,0x20,
  0x22,0x67,0x61,0x70,0x22,0x2c,0x20,0x34,0x29,0xa,0xa,0x20,0x20,0x20,0x20,0x52,
  0x65,0x70,0x65,0x61,0x74,0x65,0x72,0x20,0x7b,0xa,0x20,0x20,0x20,0x20,0x20,0x20,
  0x20,0x20,0x6d,0x6f,0x64,0x65,0x6c,0x3a,0x20,0x63,0x72,0x75,0x6d,0x62,0x2e,0x6e,
  0x6f,0x64,0x65,0x20,0x3f,0x20,0x63,0x72,0x75,0x6d,0x62,0x2e,0x6e,0x6f,0x64,0x65,
  0x2e,0x63,0x68,0x69,0x6c,0x64,0x72,0x65,0x6e,0x20,0x3a,0x20,0x5b,0x5d,0xa,0x20,
  0x20,0x20,0x20,0x20,0x20,0x20,0x20,0x64,0x65,0x6c,0x65,0x67,0x61,0x74,0x65,0x3a,
  0x20,0x52,0x6f,0x77,0x4c,0x61,0x79,0x6f,0x75,0x74,0x20,0x7b,0xa,0x20,0x20,0x20,
  0x20,0x20,0x20,0x20,0x20,0x20,0x20,0x20,0x20,0x72,0x65,0x71,0x75,0x69,0x72,0x65,
  0x64,0x20,0x70,0x72,0x6f,0x70,0x65,0x72,0x74,0x79,0x20,0x69,0x6e,0x74,0x20,0x69,
  0x6e,0x64,0x65,0x78,0xa,0x20,0x20,0x20,0x20,0x20,0x20,0x20,0x20,0x20,0x20,0x20,
  0x20,0x72,0x65,0x71,0x75,0x69,0x72,0x65,0x64,0x20,0x70,0x72,0x6f,0x70,0x65,0x72,
  0x74,0x79,0x20,0x76,0x61,0x72,0x20,0x6d,0x6f,0x64,0x65,0x6c,0x44,0x61,0x74,0x61,
  0xa,0x20,0x20,0x20,0x20,0x20,0x20,0x20,0x20,0x20,0x20,0x20,0x20,0x73,0x70,0x61,
  0x63,0x69,0x6e,0x67,0x3a,0x20,0x63,0x72,0x75,0x6d,0x62,0x2e,0x73,0x70,0x61,0x63,
  0x69,0x6e,0x67,0xa,0xa,0x20,0x20,0x20,0x20,0x20,0x20,0x20,0x20,0x20,0x20,0x20,
  0x20,0x4c,0x75,0x69,0x4e,0x6f,0x64,0x65,0x56,0x69,0x65,0x77,0x20,0x7b,0x20,0x6e,
  0x6f,0x64,0x65,0x3a,0x20,0x6d,0x6f,0x64,0x65,0x6c,0x44,0x61,0x74,0x61,0x20,0x7d,
  0xa,0xa,0x20,0x20,0x20,0x20,0x20,0x20,0x20,0x20,0x20,0x20,0x20,0x20,0x54,0x65,
  0x78,0x74,0x20,0x7b,0xa,0x20,0x20,0x20,0x20,0x20,0x20,0x20,0x20,0x20,0x20,0x20,
  0x20,0x20,0x20,0x20,0x20,0x76,0x69,0x73,0x69,0x62,0x6c,0x65,0x3a,0x20,0x69,0x6e,
  0x64,0x65,0x78,0x20,0x3c,0x20,0x63,0x72,0x75,0x6d,0x62,0x2e,0x6e,0x6f,0x64,0x65,
  0x2e,0x63,0x68,0x69,0x6c,0x64,0x72,0x65,0x6e,0x2e,0x6c,0x65,0x6e,0x67,0x74,0x68,
  0x20,0x2d,0x20,0x31,0xa,0x20,0x20,0x20,0x20,0x20,0x20,0x20,0x20,0x20,0x20,0x20,
  0x20,0x20,0x20,0x20,0x20,0x74,0x65,0x78,0x74,0x3a,0x20,0x22,0x2f,0x22,0xa,0x20,
  0x20,0x20,0x20,0x20,0x20,0x20,0x20,0x20,0x20,0x20,0x20,0x20,0x20,0x20,0x20,0x63,
  0x6f,0x6c,0x6f,0x72,0x3a,0x20,0x22,0x23,0x61,0x31,0x61,0x31,0x61,0x61,0x22,0xa,
  0x20,0x20,0x20,0x20,0x20,0x20,0x20,0x20,0x20,0x20,0x20,0x20,0x20,0x20,0x20,0x20,
  0x66,0x6f,0x6e,0x74,0x2e,0x70,0x69,0x78,0x65,0x6c,0x53,0x69,0x7a,0x65,0x3a,0x20,
  0x31,0x32,0xa,0x20,0x20,0x20,0x20,0x20,0x20,0x20,0x20,0x20,0x20,0x20,0x20,0x7d,
  0xa,0x20,0x20,0x20,0x20,0x20,0x20,0x20,0x20,0x7d,0xa,0x20,0x20,0x20,0x20,0x7d,
  0xa,0x7d,0xa,
    // /home/ubuntu/repos/lui/platform/qt/qml/LuiButton.qml
  0x0,0x0,0xc,0xa,
  0x69,
  0x6d,0x70,0x6f,0x72,0x74,0x20,0x51,0x74,0x51,0x75,0x69,0x63,0x6b,0xa,0x69,0x6d,
  0x70,0x6f,0x72,0x74,0x20,0x51,0x74,0x51,0x75,0x69,0x63,0x6b,0x2e,0x43,0x6f,0x6e,
  0x74,0x72,0x6f,0x6c,0x73,0xa,0x69,0x6d,0x70,0x6f,0x72,0x74,0x20,0x51,0x74,0x51,
  0x75,0x69,0x63,0x6b,0x2e,0x4c,0x61,0x79,0x6f,0x75,0x74,0x73,0xa,0x69,0x6d,0x70,
  0x6f,0x72,0x74,0x20,0x22,0x4c,0x75,0x69,0x53,0x74,0x79,0x6c,0x65,0x2e,0x6a,0x73,
  0x22,0x20,0x61,0x73,0x20,0x53,0x74,0x79,0x6c,0x65,0xa,0xa,0x2f,0x2f,0x20,0x57,
  0x69,0x72,0x65,0x20,0x6b,0x69,0x6e,0x64,0x3a,0x20,0x62,0x75,0x74,0x74,0x6f,0x6e,
  0x20,0xe2,0x80,0x94,0x20,0x70,0x72,0x65,0x73,0x73,0x20,0x61,0x63,0x74,0x69,0x6f,
  0x6e,0x2c,0x20,0x6f,0x70,0x74,0x69,0x6f,0x6e,0x61,0x6c,0x20,0x69,0x63,0x6f,0x6e,
  0x20,0x2b,0x20,0x76,0x61,0x72,0x69,0x61,0x6e,0x74,0x20,0x73,0x74,0x79,0x6c,0x69,
  0x6e,0x67,0x2e,0xa,0x42,0x75,0x74,0x74,0x6f,0x6e,0x20,0x7b,0xa,0x20,0x20,0x20,
  0x20,0x69,0x64,0x3a,0x20,0x62,0x75,0x74,0x74,0x6f,0x6e,0xa,0x20,0x20,0x20,0x20,
  0x72,0x65,0x71,0x75,0x69,0x72,0x65,0x64,0x20,0x70,0x72,0x6f,0x70,0x65,0x72,0x74,
  0x79,0x20,0x76,0x61,0x72,0x20,0x6e,0x6f,0x64,0x65,0xa,0x20,0x20,0x20,0x20,0x72,
  0x65,0x61,0x64,0x6f,0x6e,0x6c,0x79,0x20,0x70,0x72,0x6f,0x70,0x65,0x72,0x74,0x79,
  0x20,0x76,0x61,0x72,0x20,0x70,0x72,0x6f,0x70,0x73,0x3a,0x20,0x6e,0x6f,0x64,0x65,
  0x20,0x3f,0x20,0x6e,0x6f,0x64,0x65,0x2e,0x70,0x72,0x6f,0x70,0x65,0x72,0x74,0x69,
  0x65,0x73,0x20,0x3a,0x20,0x28,0x7b,0x7d,0x29,0xa,0xa,0x20,0x20,0x20,0x20,0x72,
  0x65,0x61,0x64,0x6f,0x6e,0x6c,0x79,0x20,0x70,0x72,0x6f,0x70,0x65,0x72,0x74,0x79,
  0x20,0x73,0x74,0x72,0x69,0x6e,0x67,0x20,0x76,0x61,0x72,0x69,0x61,0x6e,0x74,0x3a,
  0x20,0x53,0x74,0x79,0x6c,0x65,0x2e,0x73,0x74,0x72,0x28,0x70,0x72,0x6f,0x70,0x73,
  0x2c,0x20,0x22,0x76,0x61,0x72,0x69,0x61,0x6e,0x74,0x22,0x2c,0x20,0x22,0x64,0x65,
  0x66,0x61,0x75,0x6c,0x74,0x22,0x29,0xa,0x20,0x20,0x20,0x20,0x72,0x65,0x61,0x64,
  0x6f,0x6e,0x6c,0x79,0x20,0x70,0x72,0x6f,0x70,0x65,0x72,0x74,0x79,0x20,0x73,0x74,
  0x72,0x69,0x6e,0x67,0x20,0x73,0x69,0x7a,0x65,0x3a,0x20,0x53,0x74,0x79,0x6c,0x65,
  0x2e,0x73,0x74,0x72,0x28,0x70,0x72,0x6f,0x70,0x73,0x2c,0x20,0x22,0x73,0x69,0x7a,
  0x65,0x22,0x2c,0x20,0x22,0x64,0x65,0x66,0x61,0x75,0x6c,0x74,0x22,0x29,0xa,0x20,
  0x20,0x20,0x20,0x72,0x65,0x61,0x64,0x6f,0x6e,0x6c,0x79,0x20,0x70,0x72,0x6f,0x70,
  0x65,0x72,0x74,0x79,0x20,0x73,0x74,0x72,0x69,0x6e,0x67,0x20,0x69,0x63,0x6f,0x6e,
  0x4e,0x61,0x6d,0x65,0x3a,0x20,0x53,0x74,0x79,0x6c,0x65,0x2e,0x73,0x74,0x72,0x28,
  0x70,0x72,0x6f,0x70,0x73,0x2c,0x20,0x22,0x69,0x63,0x6f,0x6e,0x22,0x2c,0x20,0x22,
  0x22,0x29,0xa,0x20,0x20,0x20,0x20,0x72,0x65,0x61,0x64,0x6f,0x6e,0x6c,0x79,0x20,
  0x70,0x72,0x6f,0x70,0x65,0x72,0x74,0x79,0x20,0x73,0x74,0x72,0x69,0x6e,0x67,0x20,
  0x70,0x6c,0x61,0x63,0x65,0x6d,0x65,0x6e,0x74,0x3a,0xa,0x20,0x20,0x20,0x20,0x20,
  0x20,0x20,0x20,0x53,0x74,0x79,0x6c,0x65,0x2e,0x73,0x74,0x72,0x28,0x70,0x72,0x6f,
  0x70,0x73,0x2c,0x20,0x22,0x69,0x63,0x6f,0x6e,0x2d,0x70,0x6c,0x61,0x63,0x65,0x6d,
  0x65,0x6e,0x74,0x22,0x2c,0x20,0x22,0x6c,0x65,0x61,0x64,0x69,0x6e,0x67,0x22,0x29,
  0xa,0xa,0x20,0x20,0x20,0x20,0x74,0x65,0x78,0x74,0x3a,0x20,0x53,0x74,0x79,0x6c,
  0x65,0x2e,0x73,0x74,0x72,0x28,0x70,0x72,0x6f,0x70,0x73,0x2c,0x20,0x22,0x74,0x65,
  0x78,0x74,0x22,0x2c,0x20,0x22,0x22,0x29,0xa,0x20,0x20,0x20,0x20,0x65,0x6e,0x61,
  0x62,0x6c,0x65,0x64,0x3a,0x20,0x70,0x72,0x6f,0x70,0x73,0x5b,0x22,0x65,0x6e,0x61,
  0x62,0x6c,0x65,0x64,0x22,0x5d,0x20,0x21,0x3d,0x3d,0x20,0x66,0x61,0x6c,0x73,0x65,
  0xa,0x20,0x20,0x20,0x20,0x43,0x6f,0x6d,0x70,0x6f,0x6e,0x65,0x6e,0x74,0x2e,0x6f,
  0x6e,0x43,0x6f,0x6d,0x70,0x6c,0x65,0x74,0x65,0x64,0x3a,0x20,0x69,0x66,0x20,0x28,
  0x70,0x72,0x6f,0x70,0x73,0x5b,0x22,0x61,0x75,0x74,0x6f,0x66,0x6f,0x63,0x75,0x73,
  0x22,0x5d,0x20,0x3d,0x3d,0x3d,0x20,0x74,0x72,0x75,0x65,0x29,0x20,0x66,0x6f,0x72,
  0x63,0x65,0x41,0x63,0x74,0x69,0x76,0x65,0x46,0x6f,0x63,0x75,0x73,0x28,0x29,0xa,
  0xa,0x20,0x20,0x20,0x20,0x70,0x61,0x64,0x64,0x69,0x6e,0x67,0x3a,0x20,0x53,0x74,
  0x79,0x6c,0x65,0x2e,0x63,0x6f,0x6e,0x74,0x72,0x6f,0x6c,0x50,0x61,0x64,0x64,0x69,
  0x6e,0x67,0x28,0x73,0x69,0x7a,0x65,0x29,0xa,0xa,0x20,0x20,0x20,0x20,0x63,0x6f,
  0x6e,0x74,0x65,0x6e,0x74,0x49,0x74,0x65,0x6d,0x3a,0x20,0x47,0x72,0x69,0x64,0x4c,
  0x61,0x79,0x6f,0x75,0x74,0x20,0x7b,0xa,0x20,0x20,0x20,0x20,0x20,0x20,0x20,0x20,
  0x72,0x6f,0x77,0x73,0x3a,0x20,0x62,0x75,0x74,0x74,0x6f,0x6e,0x2e,0x70,0x6c,0x61,
  0x63,0x65,0x6d,0x65,0x6e,0x74,0x20,0x3d,0x3d,0x3d,0x20,0x22,0x74,0x6f,0x70,0x22,
  0x20,0x3f,0x20,0x32,0x20,0x3a,0x20,0x31,0xa,0x20,0x20,0x20,0x20,0x20,0x20,0x20,
  0x20,0x63,0x6f,0x6c,0x75,0x6d,0x6e,0x73,0x3a,0x20,0x62,0x75,0x74,0x74,0x6f,0x6e,
  0x2e,0x70,0x6c,0x61,0x63,0x65,0x6d,0x65,0x6e,0x74,0x20,0x3d,0x3d,0x3d,0x20,0x22,
  0x74,0x6f,0x70,0x22,0x20,0x3f,0x20,0x31,0x20,0x3a,0x20,0x32,0xa,0x20,0x20,0x20,
  0x20,0x20,0x20,0x20,0x20,0x72,0x6f,0x77,0x53,0x70,0x61,0x63,0x69,0x6e,0x67,0x3a,
  0x20,0x32,0xa,0x20,0x20,0x20,0x20,0x20,0x20,0x20,0x20,0x63,0x6f,0x6c,0x75,0x6d,
  0x6e,0x53,0x70,0x61,0x63,0x69,0x6e,0x67,0x3a,0x20,0x36,0xa,0xa,0x20,0x20,0x20,
  0x20,0x20,0x20,0x20,0x20,0x49,0x6d,0x61,0x67,0x65,0x20,0x7b,0xa,0x20,0x20,0x20,
  0x20,0x20,0x20,0x20,0x20,0x20,0x20,0x20,0x20,0x76,0x69,0x73,0x69,0x62,0x6c,0x65,
  0x3a,0x20,0x62,0x75,0x74,0x74,0x6f,0x6e,0x2e,0x69,0x63,0x6f,0x6e,0x4e,0x61,0x6d,
  0x65,0x20,0x21,0x3d,0x3d,0x20,0x22,0x22,0xa,0x20,0x20,0x20,0x20,0x20,0x20,0x20,
  0x20,0x20,0x20,0x20,0x20,0x73,0x6f,0x75,0x72,0x63,0x65,0x3a,0x20,0x53,0x74,0x79,
  0x6c,0x65,0x2e,0x69,0x63,0x6f,0x6e,0x53,0x6f,0x75,0x72,0x63,0x65,0x28,0x62,0x75,
  0x74,0x74,0x6f,0x6e,0x2e,0x69,0x63,0x6f,0x6e,0x4e,0x61,0x6d,0x65,0x29,0xa,0x20,
  0x20,0x20,0x20,0x20,0x20,0x20,0x20,0x20,0x20,0x20,0x20,0x4c,0x61,0x79,0x6f,0x75,
  0x74,0x2e,0x70,0x72,0x65,0x66,0x65,0x72,0x72,0x65,0x64,0x57,0x69,0x64,0x74,0x68,
  0x3a,0x20,0x31,0x34,0xa,0x20,0x20,0x20,0x20,0x20,0x20,0x20,0x20,0x20,0x20,0x20,
  0x20,0x4c,0x61,0x79,0x6f,0x75,0x74,0x2e,0x70,0x72,0x65,0x66,0x65,0x72,0x72,0x65,
  0x64,0x48,0x65,0x69,0x67,0x68,0x74,0x3a,0x20,0x31,0x34,0xa,0x20,0x20,0x20,0x20,
  0x20,0x20,0x20,0x20,0x20,0x20,0x20,0x20,0x66,0x69,0x6c,0x6c,0x4d,0x6f,0x64,0x65,
  0x3a,0x20,0x49,0x6d,0x61,0x67,0x65,0x2e,0x50,0x72,0x65,0x73,0x65,0x72,0x76,0x65,
  0x41,0x73,0x70,0x65,0x63,0x74,0x46,0x69,0x74,0xa,0x20,0x20,0x20,0x20,0x20,0x20,
  0x20,0x20,0x20,0x20,0x20,0x20,0x4c,0x61,0x79,0x6f,0x75,0x74,0x2e,0x61,0x6c,0x69,
  0x67,0x6e,0x6d,0x65,0x6e,0x74,0x3a,0x20,0x51,0x74,0x2e,0x41,0x6c,0x69,0x67,0x6e,
  0x43,0x65,0x6e,0x74,0x65,0x72,0xa,0x20,0x20,0x20,0x20,0x20,0x20,0x20,0x20,0x20,
  0x20,0x20,0x20,0x4c,0x61,0x79,0x6f,0x75,0x74,0x2e,0x63,0x6f,0x6c,0x75,0x6d,0x6e,
  0x3a,0x20,0x62,0x75,0x74,0x74,0x6f,0x6e,0x2e,0x70,0x6c,0x61,0x63,0x65,0x6d,0x65,
  0x6e,0x74,0x20,0x3d,0x3d,0x3d,0x20,0x22,0x74,0x72,0x61,0x69,0x6c,0x69,0x6e,0x67,
  0x22,0x20,0x3f,0x20,0x31,0x20,0x3a,0x20,0x30,0xa,0x20,0x20,0x20,0x20,0x20,0x20,
  0x20,0x20,0x20,0x20,0x20,0x20,0x4c,0x61,0x79,0x6f,0x75,0x74,0x2e,0x72,0x6f,0x77,
  0x3a,0x20,0x30,0xa,0x20,0x20,0x20,0x20,0x20,0x20,0x20,0x20,0x7d,0xa,0x20,0x20,
  0x20,0x20,0x20,0x20,0x20,0x20,0x54,0x65,0x78,0x74,0x20,0x7b,0xa,0x20,0x20,0x20,
  0x20,0x20,0x20,0x20,0x20,0x20,0x20,0x20,0x20,0x74,0x65,0x78,0x74,0x3a,0x20,0x62,
  0x75,0x74,0x74,0x6f,0x6e,0x2e,0x74,0x65,0x78,0x74,0xa,0x20,0x20,0x20,0x20,0x20,
  0x20,0x20,0x20,0x20,0x20,0x20,0x20,0x63,0x6f,0x6c,0x6f,0x72,0x3a,0x20,0x62,0x75,
  0x74,0x74,0x6f,0x6e,0x2e,0x70,0x61,0x6c,0x65,0x74,0x74,0x65,0x2e,0x62,0x75,0x74,
  0x74,0x6f,0x6e,0x54,0x65,0x78,0x74,0xa,0x20,0x20,0x20,0x20,0x20,0x20,0x20,0x20,
  0x20,0x20,0x20,0x20,0x66,0x6f,0x6e,0x74,0x2e,0x70,0x69,0x78,0x65,0x6c,0x53,0x69,
  0x7a,0x65,0x3a,0x20,0x53,0x74,0x79,0x6c,0x65,0x2e,0x66,0x6f,0x6e,0x74,0x53,0x69,
  0x7a,0x65,0x28,0x62,0x75,0x74,0x74,0x6f,0x6e,0x2e,0x73,0x69,0x7a,0x65,0x29,0xa,
  0x20,0x20,0x20,0x20,0x20,0x20,0x20,0x20,0x20,0x20,0x20,0x20,0x68,0x6f,0x72,0x69,
  0x7a,0x6f,0x6e,0x74,0x61,0x6c,0x41,0x6c,0x69,0x67,0x6e,0x6d,0x65,0x6e,0x74,0x3a,
  0x20,0x53,0x74,0x79,0x6c,0x65,0x2e,0x74,0x65,0x78,0x74,0x41,0x6c,0x69,0x67,0x6e,
  0x45,0x6e,0x75,0x6d,0x28,0x62,0x75,0x74,0x74,0x6f,0x6e,0x2e,0x70,0x72,0x6f,0x70,
  0x73,0x29,0xa,0x20,0x20,0x20,0x20,0x20,0x20,0x20,0x20,0x20,0x20,0x20,0x20,0x65,
  0x6c,0x69,0x64,0x65,0x3a,0x20,0x54,0x65,0x78,0x74,0x2e,0x45,0x6c,0x69,0x64,0x65,
  0x52,0x69,0x67,0x68,0x74,0xa,0x20,0x20,0x20,0x20,0x20,0x20,0x20,0x20,0x20,0x20,
  0x20,0x20,0x4c,0x61,0x79,0x6f,0x75,0x74,0x2e,0x63,0x6f,0x6c,0x75,0x6d,0x6e,0x3a,
  0x20,0x62,0x75,0x74,0x74,0x6f,0x6e,0x2e,0x70,0x6c,0x61,0x63,0x65,0x6d,0x65,0x6e,
  0x74,0x20,0x3d,0x3d,0x3d,0x20,0x22,0x74,0x6f,0x70,0x22,0x20,0x3f,0x20,0x30,0xa,
  0x20,0x20,0x20,0x20,0x20,0x20,0x20,0x20,0x20,0x20,0x20,0x20,0x20,0x20,0x20,0x20,
  0x20,0x20,0x20,0x20,0x20,0x20,0x20,0x20,0x20,0x20,0x3a,0x20,0x62,0x75,0x74,0x74,
  0x6f,0x6e,0x2e,0x70,0x6c,0x61,0x63,0x65,0x6d,0x65,0x6e,0x74,0x20,0x3d,0x3d,0x3d,
  0x20,0x22,0x74,0x72,0x61,0x69,0x6c,0x69,0x6e,0x67,0x22,0x20,0x3f,0x20,0x30,0x20,
  0x3a,0x20,0x31,0xa,0x20,0x20,0x20,0x20,0x20,0x20,0x20,0x20,0x20,0x20,0x20,0x20,
  0x4c,0x61,0x79,0x6f,0x75,0x74,0x2e,0x72,0x6f,0x77,0x3a,0x20,0x62,0x75,0x74,0x74,
  0x6f,0x6e,0x2e,0x70,0x6c,0x61,0x63,0x65,0x6d,0x65,0x6e,0x74,0x20,0x3d,0x3d,0x3d,
  0x20,0x22,0x74,0x6f,0x70,0x22,0x20,0x3f,0x20,0x31,0x20,0x3a,0x20,0x30,0xa,0x20,
  0x20,0x20,0x20,0x20,0x20,0x20,0x20,0x7d,0xa,0x20,0x20,0x20,0x20,0x7d,0xa,0xa,
  0x20,0x20,0x20,0x20,0x62,0x61,0x63,0x6b,0x67,0x72,0x6f,0x75,0x6e,0x64,0x3a,0x20,
  0x52,0x65,0x63,0x74,0x61,0x6e,0x67,0x6c,0x65,0x20,0x7b,0xa,0x20,0x20,0x20,0x20,
  0x20,0x20,0x20,0x20,0x69,0x6d,0x70,0x6c,0x69,0x63,0x69,0x74,0x57,0x69,0x64,0x74,
  0x68,0x3a,0x20,0x38,0x30,0xa,0x20,0x20,0x20,0x20,0x20,0x20,0x20,0x20,0x69,0x6d,
  0x70,0x6c,0x69,0x63,0x69,0x74,0x48,0x65,0x69,0x67,0x68,0x74,0x3a,0x20,0x62,0x75,
  0x74,0x74,0x6f,0x6e,0x2e,0x73,0x69,0x7a,0x65,0x20,0x3d,0x3d,0x3d,0x20,0x22,0x69,
  0x63,0x6f,0x6e,0x22,0x20,0x3f,0x20,0x32,0x38,0xa,0x20,0x20,0x20,0x20,0x20,0x20,
  0x20,0x20,0x20,0x20,0x20,0x20,0x20,0x20,0x20,0x20,0x20,0x20,0x20,0x20,0x20,0x20,
  0x20,0x20,0x3a,0x20,0x62,0x75,0x74,0x74,0x6f,0x6e,0x2e,0x73,0x69,0x7a,0x65,0x20,
  0x3d,0x3d,0x3d,0x20,0x22,0x73,0x6d,0x22,0x20,0x3f,0x20,0x32,0x38,0xa,0x20,0x20,
  0x20,0x20,0x20,0x20,0x20,0x20,0x20,0x20,0x20,0x20,0x20,0x20,0x20,0x20,0x20,0x20,
  0x20,0x20,0x20,0x20,0x20,0x20,0x3a,0x20,0x62,0x75,0x74,0x74,0x6f,0x6e,0x2e,0x73,
  0x69,0x7a,0x65,0x20,0x3d,0x3d,0x3d,0x20,0x22,0x6c,0x67,0x22,0x20,0x3f,0x20,0x34,
  0x30,0x20,0x3a,0x20,0x33,0x34,0xa,0x20,0x20,0x20,0x20,0x20,0x20,0x20,0x20,0x72,
  0x61,0x64,0x69,0x75,0x73,0x3a,0x20,0x36,0xa,0x20,0x20,0x20,0x20,0x20,0x20,0x20,
  0x20,0x63,0x6f,0x6c,0x6f,0x72,0x3a,0x20,0x7b,0xa,0x20,0x20,0x20,0x20,0x20,0x20,
  0x20,0x20,0x20,0x20,0x20,0x20,0x69,0x66,0x20,0x28,0x21,0x62,0x75,0x74,0x74,0x6f,
  0x6e,0x2e,0x65,0x6e,0x61,0x62,0x6c,0x65,0x64,0x29,0x20,0x72,0x65,0x74,0x75,0x72,
  0x6e,0x20,0x22,0x23,0x65,0x34,0x65,0x34,0x65,0x37,0x22,0xa,0x20,0x20,0x20,0x20,
  0x20,0x20,0x20,0x20,0x20,0x20,0x20,0x20,0x73,0x77,0x69,0x74,0x63,0x68,0x20,0x28,
  0x62,0x75,0x74,0x74,0x6f,0x6e,0x2e,0x76,0x61,0x72,0x69,0x61,0x6e,0x74,0x29,0x20,
  0x7b,0xa,0x20,0x20,0x20,0x20,0x20,0x20,0x20,0x20,0x20,0x20,0x20,0x20,0x63,0x61,
  0x73,0x65,0x20,0x22,0x70,0x72,0x69,0x6d,0x61,0x72,0x79,0x22,0x3a,0x20,0x72,0x65,
  0x74,0x75,0x72,0x6e,0x20,0x62,0x75,0x74,0x74,0x6f,0x6e,0x2e,0x64,0x6f,0x77,0x6e,
  0x20,0x3f,0x20,0x22,0x23,0x30,0x30,0x36,0x30,0x63,0x39,0x22,0x20,0x3a,0x20,0x22,
  0x23,0x30,0x30,0x37,0x61,0x66,0x66,0x22,0xa,0x20,0x20,0x20,0x20,0x20,0x20,0x20,
  0x20,0x20,0x20,0x20,0x20,0x63,0x61,0x73,0x65,0x20,0x22,0x73,0x65,0x63,0x6f,0x6e,
  0x64,0x61,0x72,0x79,0x22,0x3a,0x20,0x72,0x65,0x74,0x75,0x72,0x6e,0x20,0x62,0x75,
  0x74,0x74,0x6f,0x6e,0x2e,0x64,0x6f,0x77,0x6e,0x20,0x3f,0x20,0x22,0x23,0x65,0x34,
  0x65,0x34,0x65,0x37,0x22,0x20,0x3a,0x20,0x22,0x23,0x66,0x34,0x66,0x34,0x66,0x35,
  0x22,0xa,0x20,0x20,0x20,0x20,0x20,0x20,0x20,0x20,0x20,0x20,0x20,0x20,0x63,0x61,
  0x73,0x65,0x20,0x22,0x6f,0x75,0x74,0x6c,0x69,0x6e,0x65,0x22,0x3a,0x20,0x72,0x65,
  0x74,0x75,0x72,0x6e,0x20,0x62,0x75,0x74,0x74,0x6f,0x6e,0x2e,0x64,0x6f,0x77,0x6e,
  0x20,0x3f,0x20,0x22,0x23,0x66,0x34,0x66,0x34,0x66,0x35,0x22,0x20,0x3a,0x20,0x22,
  0x74,0x72,0x61,0x6e,0x73,0x70,0x61,0x72,0x65,0x6e,0x74,0x22,0xa,0x20,0x20,0x20,
  0x20,0x20,0x20,0x20,0x20,0x20,0x20,0x20,0x20,0x63,0x61,0x73,0x65,0x20,0x22,0x67,
  0x68,0x6f,0x73,0x74,0x22,0x3a,0x20,0x72,0x65,0x74,0x75,0x72,0x6e,0x20,0x62,0x75,
  0x74,0x74,0x6f,0x6e,0x2e,0x64,0x6f,0x77,0x6e,0x20,0x3f,0x20,0x22,0x23,0x66,0x34,
  0x66,0x34,0x66,0x35,0x22,0x20,0x3a,0x20,0x22,0x74,0x72,0x61,0x6e,0x73,0x70,0x61,
  0x72,0x65,0x6e,0x74,0x22,0xa,0x20,0x20,0x20,0x20,0x20,0x20,0x20,0x20,0x20,0x20,
  0x20,0x20,0x63,0x61,0x73,0x65,0x20,0x22,0x64,0x65,0x73,0x74,0x72,0x75,0x63,0x74,
  0x69,0x76,0x65,0x22,0x3a,0x20,0x72,0x65,0x74,0x75,0x72,0x6e,0x20,0x62,0x75,0x74,
  0x74,0x6f,0x6e,0x2e,0x64,0x6f,0x77,0x6e,0x20,0x3f,0x20,0x22,0x23,0x62,0x39,0x31,
  0x63,0x31,0x63,0x22,0x20,0x3a,0x20,0x22,0x23,0x65,0x66,0x34,0x34,0x34,0x34,0x22,
  0xa,0x20,0x20,0x20,0x20,0x20,0x20,0x20,0x20,0x20,0x20,0x20,0x20,0x64,0x65,0x66,
  0x61,0x75,0x6c,0x74,0x3a,0x20,0x72,0x65,0x74,0x75,0x72,0x6e,0x20,0x62,0x75,0x74,
  0x74,0x6f,0x6e,0x2e,0x64,0x6f,0x77,0x6e,0x20,0x3f,0x20,0x22,0x23,0x30,0x30,0x36,
  0x30,0x63,0x39,0x22,0x20,0x3a,0x20,0x22,0x23,0x30,0x30,0x37,0x61,0x66,0x66,0x22,
  0xa,0x20,0x20,0x20,0x20,0x20,0x20,0x20,0x20,0x20,0x20,0x20,0x20,0x7d,0xa,0x20,
  0x20,0x20,0x20,0x20,0x20,0x20,0x20,0x7d,0xa,0x20,0x20,0x20,0x20,0x20,0x20,0x20,
  0x20,0x62,0x6f,0x72,0x64,0x65,0x72,0x2e,0x63,0x6f,0x6c,0x6f,0x72,0x3a,0x20,0x62,
  0x75,0x74,0x74,0x6f,0x6e,0x2e,0x76,0x61,0x72,0x69,0x61,0x6e,0x74,0x20,0x3d,0x3d,
  0x3d,0x20,0x22,0x6f,0x75,0x74,0x6c,0x69,0x6e,0x65,0x22,0x20,0x3f,0x20,0x22,0x23,
  0x64,0x34,0x64,0x34,0x64,0x38,0x22,0x20,0x3a,0x20,0x22,0x74,0x72,0x61,0x6e,0x73,
  0x70,0x61,0x72,0x65,0x6e,0x74,0x22,0xa,0x20,0x20,0x20,0x20,0x20,0x20,0x20,0x20,
  0x62,0x6f,0x72,0x64,0x65,0x72,0x2e,0x77,0x69,0x64,0x74,0x68,0x3a,0x20,0x62,0x75,
  0x74,0x74,0x6f,0x6e,0x2e,0x76,0x61,0x72,0x69,0x61,0x6e,0x74,0x20,0x3d,0x3d,0x3d,
  0x20,0x22,0x6f,0x75,0x74,0x6c,0x69,0x6e,0x65,0x22,0x20,0x3f,0x20,0x31,0x20,0x3a,
  0x20,0x30,0xa,0x20,0x20,0x20,0x20,0x7d,0xa,0xa,0x20,0x20,0x20,0x20,0x70,0x61,
  0x6c,0x65,0x74,0x74,0x65,0x2e,0x62,0x75,0x74,0x74,0x6f,0x6e,0x54,0x65,0x78,0x74,
  0x3a,0x20,0x7b,0xa,0x20,0x20,0x20,0x20,0x20,0x20,0x20,0x20,0x69,0x66,0x20,0x28,
  0x21,0x62,0x75,0x74,0x74,0x6f,0x6e,0x2e,0x65,0x6e,0x61,0x62,0x6c,0x65,0x64,0x29,
  0x20,0x72,0x65,0x74,0x75,0x72,0x6e,0x20,0x22,0x23,0x61,0x31,0x61,0x31,0x61,0x61,
  0x22,0xa,0x20,0x20,0x20,0x20,0x20,0x20,0x20,0x20,0x73,0x77,0x69,0x74,0x63,0x68,
  0x20,0x28,0x62,0x75,0x74,0x74,0x6f,0x6e,0x2e,0x76,0x61,0x72,0x69,0x61,0x6e,0x74,
  0x29,0x20,0x7b,0xa,0x20,0x20,0x20,0x20,0x20,0x20,0x20,0x20,0x63,0x61,0x73,0x65,
  0x20,0x22,0x70,0x72,0x69,0x6d,0x61,0x72,0x79,0x22,0x3a,0xa,0x20,0x20,0x20,0x20,
  0x20,0x20,0x20,0x20,0x63,0x61,0x73,0x65,0x20,0x22,0x64,0x65,0x73,0x74,0x72,0x75,
  0x63,0x74,0x69,0x76,0x65,0x22,0x3a,0x20,0x72,0x65,0x74,0x75,0x72,0x6e,0x20,0x22,
  0x23,0x66,0x66,0x66,0x66,0x66,0x66,0x22,0xa,0x20,0x20,0x20,0x20,0x20,0x20,0x20,
  0x20,0x64,0x65,0x66,0x61,0x75,0x6c,0x74,0x3a,0x20,0x72,0x65,0x74,0x75,0x72,0x6e,
  0x20,0x22,0x23,0x31,0x38,0x31,0x38,0x31,0x62,0x22,0xa,0x20,0x20,0x20,0x20,0x20,
  0x20,0x20,0x20,0x7d,0xa,0x20,0x20,0x20,0x20,0x7d,0xa,0xa,0x20,0x20,0x20,0x20,
  0x6f,0x6e,0x43,0x6c,0x69,0x63,0x6b,0x65,0x64,0x3a,0x20,0x6e,0x6f,0x64,0x65,0x2e,
  0x70,0x72,0x65,0x73,0x73,0x28,0x29,0xa,0x20,0x20,0x20,0x20,0x6f,0x6e,0x50,0x72,
  0x65,0x73,0x73,0x41,0x6e,0x64,0x48,0x6f,0x6c,0x64,0x3a,0x20,0x69,0x66,0x20,0x28,
  0x70,0x72,0x6f,0x70,0x73,0x5b,0x22,0x6c,0x6f,0x6e,0x67,0x2d,0x70,0x72,0x65,0x73,
  0x73,0x2d,0x65,0x6e,0x61,0x62,0x6c,0x65,0x64,0x22,0x5d,0x20,0x3d,0x3d,0x3d,0x20,
  0x74,0x72,0x75,0x65,0x29,0x20,0x6e,0x6f,0x64,0x65,0x2e,0x6c,0x6f,0x6e,0x67,0x50,
  0x72,0x65,0x73,0x73,0x28,0x29,0xa,0x7d,0xa,
    // /home/ubuntu/repos/lui/platform/qt/qml/LuiMediaSurface.qml
  0x0,0x0,0x3,0xc1,
  0x69,
  0x6d,0x70,0x6f,0x72,0x74,0x20,0x51,0x74,0x51,0x75,0x69,0x63,0x6b,0xa,0x69,0x6d,
  0x70,0x6f,0x72,0x74,0x20,0x22,0x4c,0x75,0x69,0x53,0x74,0x79,0x6c,0x65,0x2e,0x6a,
  0x73,0x22,0x20,0x61,0x73,0x20,0x53,0x74,0x79,0x6c,0x65,0xa,0xa,0x2f,0x2f,0x20,
  0x57,0x69,0x72,0x65,0x20,0x6b,0x69,0x6e,0x64,0x3a,0x20,0x6d,0x65,0x64,0x69,0x61,
  0x2d,0x73,0x75,0x72,0x66,0x61,0x63,0x65,0x20,0xe2,0x80,0x94,0x20,0x68,0x6f,0x73,
  0x74,0x2d,0x70,0x72,0x65,0x73,0x65,0x6e,0x74,0x65,0x64,0x20,0x66,0x72,0x61,0x6d,
  0x65,0x73,0x20,0x28,0x76,0x69,0x64,0x65,0x6f,0x2f,0x63,0x61,0x6d,0x65,0x72,0x61,
  0x29,0x20,0x6c,0x6f,0x6f,0x6b,0x65,0x64,0x20,0x75,0x70,0xa,0x2f,0x2f,0x20,0x62,
  0x79,0x20,0x74,0x68,0x65,0x20,0x69,0x6e,0x74,0x65,0x67,0x65,0x72,0x20,0x22,0x73,
  0x75,0x72,0x66,0x61,0x63,0x65,0x22,0x20,0x69,0x64,0x20,0x74,0x68,0x72,0x6f,0x75,
  0x67,0x68,0x20,0x74,0x68,0x65,0x20,0x22,0x69,0x6d,0x61,0x67,0x65,0x3a,0x2f,0x2f,
  0x6c,0x75,0x69,0x2f,0x73,0x75,0x72,0x66,0x61,0x63,0x65,0x2f,0x3c,0x69,0x64,0x3e,
  0x22,0x20,0x70,0x72,0x6f,0x76,0x69,0x64,0x65,0x72,0x2e,0xa,0x49,0x74,0x65,0x6d,
  0x20,0x7b,0xa,0x20,0x20,0x20,0x20,0x69,0x64,0x3a,0x20,0x77,0x72,0x61,0x70,0x70,
  0x65,0x72,0xa,0x20,0x20,0x20,0x20,0x72,0x65,0x71,0x75,0x69,0x72,0x65,0x64,0x20,
  0x70,0x72,0x6f,0x70,0x65,0x72,0x74,0x79,0x20,0x76,0x61,0x72,0x20,0x6e,0x6f,0x64,
  0x65,0xa,0x20,0x20,0x20,0x20,0x72,0x65,0x61,0x64,0x6f,0x6e,0x6c,0x79,0x20,0x70,
  0x72,0x6f,0x70,0x65,0x72,0x74,0x79,0x20,0x76,0x61,0x72,0x20,0x70,0x72,0x6f,0x70,
  0x73,0x3a,0x20,0x6e,0x6f,0x64,0x65,0x20,0x3f,0x20,0x6e,0x6f,0x64,0x65,0x2e,0x70,
  0x72,0x6f,0x70,0x65,0x72,0x74,0x69,0x65,0x73,0x20,0x3a,0x20,0x28,0x7b,0x7d,0x29,
  0xa,0xa,0x20,0x20,0x20,0x20,0x72,0x65,0x61,0x64,0x6f,0x6e,0x6c,0x79,0x20,0x70,
  0x72,0x6f,0x70,0x65,0x72,0x74,0x79,0x20,0x69,0x6e,0x74,0x20,0x73,0x75,0x72,0x66,
  0x61,0x63,0x65,0x49,0x64,0x3a,0x20,0x53,0x74,0x79,0x6c,0x65,0x2e,0x6e,0x75,0x6d,
  0x28,0x70,0x72,0x6f,0x70,0x73,0x2c,0x20,0x22,0x73,0x75,0x72,0x66,0x61,0x63,0x65,
  0x22,0x2c,0x20,0x30,0x29,0xa,0x20,0x20,0x20,0x20,0x72,0x65,0x61,0x64,0x6f,0x6e,
  0x6c,0x79,0x20,0x70,0x72,0x6f,0x70,0x65,0x72,0x74,0x79,0x20,0x69,0x6e,0x74,0x20,
  0x73,0x75,0x72,0x66,0x61,0x63,0x65,0x57,0x69,0x64,0x74,0x68,0x3a,0x20,0x53,0x74,
  0x79,0x6c,0x65,0x2e,0x6e,0x75,0x6d,0x28,0x70,0x72,0x6f,0x70,0x73,0x2c,0x20,0x22,
  0x77,0x69,0x64,0x74,0x68,0x22,0x2c,0x20,0x30,0x29,0xa,0x20,0x20,0x20,0x20,0x72,
  0x65,0x61,0x64,0x6f,0x6e,0x6c,0x79,0x20,0x70,0x72,0x6f,0x70,0x65,0x72,0x74,0x79,
  0x20,0x69,0x6e,0x74,0x20,0x73,0x75,0x72,0x66,0x61,0x63,0x65,0x48,0x65,0x69,0x67,
  0x68,0x74,0x3a,0x20,0x53,0x74,0x79,0x6c,0x65,0x2e,0x6e,0x75,0x6d,0x28,0x70,0x72,
  0x6f,0x70,0x73,0x2c,0x20,0x22,0x68,0x65,0x69,0x67,0x68,0x74,0x22,0x2c,0x20,0x30,
  0x29,0xa,0xa,0x20,0x20,0x20,0x20,0x2f,0x2f,0x20,0x49,0x6d,0x61,0x67,0x65,0x2e,
  0x69,0x6d,0x70,0x6c,0x69,0x63,0x69,0x74,0x57,0x69,0x64,0x74,0x68,0x2f,0x48,0x65,
  0x69,0x67,0x68,0x74,0x20,0x61,0x72,0x65,0x20,0x72,0x65,0x61,0x64,0x2d,0x6f,0x6e,
  0x6c,0x79,0x2c,0x20,0x73,0x6f,0x20,0x74,0x68,0x65,0x20,0x77,0x72,0x61,0x70,0x70,
  0x65,0x72,0x20,0x6f,0x77,0x6e,0x73,0x20,0x74,0x68,0x65,0xa,0x20,0x20,0x20,0x20,
  0x2f,0x2f,0x20,0x69,0x6d,0x70,0x6c,0x69,0x63,0x69,0x74,0x20,0x73,0x69,0x7a,0x65,
  0x2e,0xa,0x20,0x20,0x20,0x20,0x69,0x6d,0x70,0x6c,0x69,0x63,0x69,0x74,0x57,0x69,
  0x64,0x74,0x68,0x3a,0x20,0x73,0x75,0x72,0x66,0x61,0x63,0x65,0x57,0x69,0x64,0x74,
  0x68,0x20,0x3e,0x20,0x30,0x20,0x3f,0x20,0x73,0x75,0x72,0x66,0x61,0x63,0x65,0x57,
  0x69,0x64,0x74,0x68,0x20,0x3a,0x20,0x33,0x32,0x30,0xa,0x20,0x20,0x20,0x20,0x69,
  0x6d,0x70,0x6c,0x69,0x63,0x69,0x74,0x48,0x65,0x69,0x67,0x68,0x74,0x3a,0x20,0x73,
  0x75,0x72,0x66,0x61,0x63,0x65,0x48,0x65,0x69,0x67,0x68,0x74,0x20,0x3e,0x20,0x30,
  0x20,0x3f,0x20,0x73,0x75,0x72,0x66,0x61,0x63,0x65,0x48,0x65,0x69,0x67,0x68,0x74,
  0x20,0x3a,0x20,0x31,0x38,0x30,0xa,0xa,0x20,0x20,0x20,0x20,0x49,0x6d,0x61,0x67,
  0x65,0x20,0x7b,0xa,0x20,0x20,0x20,0x20,0x20,0x20,0x20,0x20,0x61,0x6e,0x63,0x68,
  0x6f,0x72,0x73,0x2e,0x66,0x69,0x6c,0x6c,0x3a,0x20,0x70,0x61,0x72,0x65,0x6e,0x74,
  0xa,0x20,0x20,0x20,0x20,0x20,0x20,0x20,0x20,0x73,0x6f,0x75,0x72,0x63,0x65,0x3a,
  0x20,0x77,0x72,0x61,0x70,0x70,0x65,0x72,0x2e,0x73,0x75,0x72,0x66,0x61,0x63,0x65,
  0x49,0x64,0x20,0x3e,0x20,0x30,0xa,0x20,0x20,0x20,0x20,0x20,0x20,0x20,0x20,0x20,
  0x20,0x20,0x20,0x20,0x20,0x20,0x20,0x3f,0x20,0x22,0x69,0x6d,0x61,0x67,0x65,0x3a,
  0x2f,0x2f,0x6c,0x75,0x69,0x2f,0x73,0x75,0x72,0x66,0x61,0x63,0x65,0x2f,0x22,0x20,
  0x2b,0x20,0x77,0x72,0x61,0x70,0x70,0x65,0x72,0x2e,0x73,0x75,0x72,0x66,0x61,0x63,
  0x65,0x49,0x64,0x20,0x3a,0x20,0x22,0x22,0xa,0x20,0x20,0x20,0x20,0x20,0x20,0x20,
  0x20,0x66,0x69,0x6c,0x6c,0x4d,0x6f,0x64,0x65,0x3a,0x20,0x49,0x6d,0x61,0x67,0x65,
  0x2e,0x50,0x72,0x65,0x73,0x65,0x72,0x76,0x65,0x41,0x73,0x70,0x65,0x63,0x74,0x46,
  0x69,0x74,0xa,0x20,0x20,0x20,0x20,0x20,0x20,0x20,0x20,0x63,0x61,0x63,0x68,0x65,
  0x3a,0x20,0x66,0x61,0x6c,0x73,0x65,0xa,0x20,0x20,0x20,0x20,0x7d,0xa,0x7d,0xa,
  
    // /home/ubuntu/repos/lui/platform/qt/qml/LuiAccordion.qml
  0x0,0x0,0x6,0xb8,
  0x69,
  0x6d,0x70,0x6f,0x72,0x74,0x20,0x51,0x74,0x51,0x75,0x69,0x63,0x6b,0xa,0x69,0x6d,
  0x70,0x6f,0x72,0x74,0x20,0x51,0x74,0x51,0x75,0x69,0x63,0x6b,0x2e,0x43,0x6f,0x6e,
  0x74,0x72,0x6f,0x6c,0x73,0xa,0x69,0x6d,0x70,0x6f,0x72,0x74,0x20,0x51,0x74,0x51,
  0x75,0x69,0x63,0x6b,0x2e,0x4c,0x61,0x79,0x6f,0x75,0x74,0x73,0xa,0x69,0x6d,0x70,
  0x6f,0x72,0x74,0x20,0x22,0x4c,0x75,0x69,0x53,0x74,0x79,0x6c,0x65,0x2e,0x6a,0x73,
  0x22,0x20,0x61,0x73,0x20,0x53,0x74,0x79,0x6c,0x65,0xa,0xa,0x2f,0x2f,0x20,0x57,
  0x69,0x72,0x65,0x20,0x6b,0x69,0x6e,0x64,0x3a,0x20,0x61,0x63,0x63,0x6f,0x72,0x64,
  0x69,0x6f,0x6e,0x20,0xe2,0x80,0x94,0x20,0x65,0x78,0x70,0x61,0x6e,0x64,0x61,0x62,
  0x6c,0x65,0x20,0x73,0x65,0x63,0x74,0x69,0x6f,0x6e,0x3b,0x20,0x73,0x65,0x6c,0x65,
  0x63,0x74,0x65,0x64,0x20,0x3d,0x20,0x65,0x78,0x70,0x61,0x6e,0x64,0x65,0x64,0x2c,
  0x20,0x74,0x6f,0x67,0x67,0x6c,0x65,0x64,0xa,0x2f,0x2f,0x20,0x76,0x69,0x61,0x20,
  0x74,0x68,0x65,0x20,0x74,0x6f,0x67,0x67,0x6c,0x65,0x20,0x65,0x76,0x65,0x6e,0x74,
  0x2e,0xa,0x43,0x6f,0x6c,0x75,0x6d,0x6e,0x4c,0x61,0x79,0x6f,0x75,0x74,0x20,0x7b,
  0xa,0x20,0x20,0x20,0x20,0x69,0x64,0x3a,0x20,0x61,0x63,0x63,0x6f,0x72,0x64,0x69,
  0x6f,0x6e,0xa,0x20,0x20,0x20,0x20,0x72,0x65,0x71,0x75,0x69,0x72,0x65,0x64,0x20,
  0x70,0x72,0x6f,0x70,0x65,0x72,0x74,0x79,0x20,0x76,0x61,0x72,0x20,0x6e,0x6f,0x64,
  0x65,0xa,0x20,0x20,0x20,0x20,0x72,0x65,0x61,0x64,0x6f,0x6e,0x6c,0x79,0x20,0x70,
  0x72,0x6f,0x70,0x65,0x72,0x74,0x79,0x20,0x76,0x61,0x72,0x20,0x70,0x72,0x6f,0x70,
  0x73,0x3a,0x20,0x6e,0x6f,0x64,0x65,0x20,0x3f,0x20,0x6e,0x6f,0x64,0x65,0x2e,0x70,
  0x72,0x6f,0x70,0x65,0x72,0x74,0x69,0x65,0x73,0x20,0x3a,0x20,0x28,0x7b,0x7d,0x29,
  0xa,0xa,0x20,0x20,0x20,0x20,0x73,0x70,0x61,0x63,0x69,0x6e,0x67,0x3a,0x20,0x30,
  0xa,0x20,0x20,0x20,0x20,0x72,0x65,0x61,0x64,0x6f,0x6e,0x6c,0x79,0x20,0x70,0x72,
  0x6f,0x70,0x65,0x72,0x74,0x79,0x20,0x62,0x6f,0x6f,0x6c,0x20,0x65,0x78,0x70,0x61,
  0x6e,0x64,0x65,0x64,0x3a,0x20,0x70,0x72,0x6f,0x70,0x73,0x5b,0x22,0x73,0x65,0x6c,
  0x65,0x63,0x74,0x65,0x64,0x22,0x5d,0x20,0x3d,0x3d,0x3d,0x20,0x74,0x72,0x75,0x65,
  0xa,0xa,0x20,0x20,0x20,0x20,0x49,0x74,0x65,0x6d,0x44,0x65,0x6c,0x65,0x67,0x61,
  0x74,0x65,0x20,0x7b,0xa,0x20,0x20,0x20,0x20,0x20,0x20,0x20,0x20,0x69,0x64,0x3a,
  0x20,0x68,0x65,0x61,0x64,0x65,0x72,0xa,0x20,0x20,0x20,0x20,0x20,0x20,0x20,0x20,
  0x4c,0x61,0x79,0x6f,0x75,0x74,0x2e,0x66,0x69,0x6c,0x6c,0x57,0x69,0x64,0x74,0x68,
  0x3a,0x20,0x74,0x72,0x75,0x65,0xa,0x20,0x20,0x20,0x20,0x20,0x20,0x20,0x20,0x65,
  0x6e,0x61,0x62,0x6c,0x65,0x64,0x3a,0x20,0x61,0x63,0x63,0x6f,0x72,0x64,0x69,0x6f,
  0x6e,0x2e,0x70,0x72,0x6f,0x70,0x73,0x5b,0x22,0x65,0x6e,0x61,0x62,0x6c,0x65,0x64,
  0x22,0x5d,0x20,0x21,0x3d,0x3d,0x20,0x66,0x61,0x6c,0x73,0x65,0xa,0x20,0x20,0x20,
  0x20,0x20,0x20,0x20,0x20,0x69,0x6d,0x70,0x6c,0x69,0x63,0x69,0x74,0x48,0x65,0x69,
  0x67,0x68,0x74,0x3a,0x20,0x33,0x36,0xa,0xa,0x20,0x20,0x20,0x20,0x20,0x20,0x20,
  0x20,0x63,0x6f,0x6e,0x74,0x65,0x6e,0x74,0x49,0x74,0x65,0x6d,0x3a,0x20,0x52,0x6f,
  0x77,0x4c,0x61,0x79,0x6f,0x75,0x74,0x20,0x7b,0xa,0x20,0x20,0x20,0x20,0x20,0x20,
  0x20,0x20,0x20,0x20,0x20,0x20,0x73,0x70,0x61,0x63,0x69,0x6e,0x67,0x3a,0x20,0x38,
  0xa,0x20,0x20,0x20,0x20,0x20,0x20,0x20,0x20,0x20,0x20,0x20,0x20,0x54,0x65,0x78,
  0x74,0x20,0x7b,0xa,0x20,0x20,0x20,0x20,0x20,0x20,0x20,0x20,0x20,0x20,0x20,0x20,
  0x20,0x20,0x20,0x20,0x74,0x65,0x78,0x74,0x3a,0x20,0x53,0x74,0x79,0x6c,0x65,0x2e,
  0x73,0x74,0x72,0x28,0x61,0x63,0x63,0x6f,0x72,0x64,0x69,0x6f,0x6e,0x2e,0x70,0x72,
  0x6f,0x70,0x73,0x2c,0x20,0x22,0x74,0x65,0x78,0x74,0x22,0x2c,0x20,0x22,0x22,0x29,
  0xa,0x20,0x20,0x20,0x20,0x20,0x20,0x20,0x20,0x20,0x20,0x20,0x20,0x20,0x20,0x20,
  0x20,0x63,0x6f,0x6c,0x6f,0x72,0x3a,0x20,0x68,0x65,0x61,0x64,0x65,0x72,0x2e,0x65,
  0x6e,0x61,0x62,0x6c,0x65,0x64,0x20,0x3f,0x20,0x22,0x23,0x31,0x38,0x31,0x38,0x31,
  0x62,0x22,0x20,0x3a,0x20,0x22,0x23,0x61,0x31,0x61,0x31,0x61,0x61,0x22,0xa,0x20,
  0x20,0x20,0x20,0x20,0x20,0x20,0x20,0x20,0x20,0x20,0x20,0x20,0x20,0x20,0x20,0x66,
  0x6f,0x6e,0x74,0x2e,0x70,0x69,0x78,0x65,0x6c,0x53,0x69,0x7a,0x65,0x3a,0x20,0x31,
  0x34,0xa,0x20,0x20,0x20,0x20,0x20,0x20,0x20,0x20,0x20,0x20,0x20,0x20,0x20,0x20,
  0x20,0x20,0x66,0x6f,0x6e,0x74,0x2e,0x77,0x65,0x69,0x67,0x68,0x74,0x3a,0x20,0x46,
  0x6f,0x6e,0x74,0x2e,0x4d,0x65,0x64,0x69,0x75,0x6d,0xa,0x20,0x20,0x20,0x20,0x20,
  0x20,0x20,0x20,0x20,0x20,0x20,0x20,0x20,0x20,0x20,0x20,0x4c,0x61,0x79,0x6f,0x75,
  0x74,0x2e,0x66,0x69,0x6c,0x6c,0x57,0x69,0x64,0x74,0x68,0x3a,0x20,0x74,0x72,0x75,
  0x65,0xa,0x20,0x20,0x20,0x20,0x20,0x20,0x20,0x20,0x20,0x20,0x20,0x20,0x20,0x20,
  0x20,0x20,0x65,0x6c,0x69,0x64,0x65,0x3a,0x20,0x54,0x65,0x78,0x74,0x2e,0x45,0x6c,
  0x69,0x64,0x65,0x52,0x69,0x67,0x68,0x74,0xa,0x20,0x20,0x20,0x20,0x20,0x20,0x20,
  0x20,0x20,0x20,0x20,0x20,0x7d,0xa,0x20,0x20,0x20,0x20,0x20,0x20,0x20,0x20,0x20,
  0x20,0x20,0x20,0x49,0x6d,0x61,0x67,0x65,0x20,0x7b,0xa,0x20,0x20,0x20,0x20,0x20,
  0x20,0x20,0x20,0x20,0x20,0x20,0x20,0x20,0x20,0x20,0x20,0x73,0x6f,0x75,0x72,0x63,
  0x65,0x3a,0x20,0x22,0x69,0x63,0x6f,0x6e,0x73,0x2f,0x63,0x68,0x65,0x76,0x72,0x6f,
  0x6e,0x2d,0x64,0x6f,0x77,0x6e,0x2e,0x73,0x76,0x67,0x22,0xa,0x20,0x20,0x20,0x20,
  0x20,0x20,0x20,0x20,0x20,0x20,0x20,0x20,0x20,0x20,0x20,0x20,0x4c,0x61,0x79,0x6f,
  0x75,0x74,0x2e,0x70,0x72,0x65,0x66,0x65,0x72,0x72,0x65,0x64,0x57,0x69,0x64,0x74,
  0x68,0x3a,0x20,0x31,0x34,0xa,0x20,0x20,0x20,0x20,0x20,0x20,0x20,0x20,0x20,0x20,
  0x20,0x20,0x20,0x20,0x20,0x20,0x4c,0x61,0x79,0x6f,0x75,0x74,0x2e,0x70,0x72,0x65,
  0x66,0x65,0x72,0x72,0x65,0x64,0x48,0x65,0x69,0x67,0x68,0x74,0x3a,0x20,0x31,0x34,
  0xa,0x20,0x20,0x20,0x20,0x20,0x20,0x20,0x20,0x20,0x20,0x20,0x20,0x20,0x20,0x20,
  0x20,0x72,0x6f,0x74,0x61,0x74,0x69,0x6f,0x6e,0x3a,0x20,0x61,0x63,0x63,0x6f,0x72,
  0x64,0x69,0x6f,0x6e,0x2e,0x65,0x78,0x70,0x61,0x6e,0x64,0x65,0x64,0x20,0x3f,0x20,
  0x30,0x20,0x3a,0x20,0x2d,0x39,0x30,0xa,0x20,0x20,0x20,0x20,0x20,0x20,0x20,0x20,
  0x20,0x20,0x20,0x20,0x7d,0xa,0x20,0x20,0x20,0x20,0x20,0x20,0x20,0x20,0x7d,0xa,
  0x20,0x20,0x20,0x20,0x20,0x20,0x20,0x20,0x62,0x61,0x63,0x6b,0x67,0x72,0x6f,0x75,
  0x6e,0x64,0x3a,0x20,0x52,0x65,0x63,0x74,0x61,0x6e,0x67,0x6c,0x65,0x20,0x7b,0xa,
  0x20,0x20,0x20,0x20,0x20,0x20,0x20,0x20,0x20,0x20,0x20,0x20,0x63,0x6f,0x6c,0x6f,
  0x72,0x3a,0x20,0x68,0x65,0x61,0x64,0x65,0x72,0x2e,0x64,0x6f,0x77,0x6e,0x20,0x3f,
  0x20,0x22,0x23,0x65,0x34,0x65,0x34,0x65,0x37,0x22,0x20,0x3a,0x20,0x68,0x65,0x61,
  0x64,0x65,0x72,0x2e,0x68,0x6f,0x76,0x65,0x72,0x65,0x64,0x20,0x3f,0x20,0x22,0x23,
  0x66,0x34,0x66,0x34,0x66,0x35,0x22,0x20,0x3a,0x20,0x22,0x74,0x72,0x61,0x6e,0x73,
  0x70,0x61,0x72,0x65,0x6e,0x74,0x22,0xa,0x20,0x20,0x20,0x20,0x20,0x20,0x20,0x20,
  0x20,0x20,0x20,0x20,0x72,0x61,0x64,0x69,0x75,0x73,0x3a,0x20,0x36,0xa,0x20,0x20,
  0x20,0x20,0x20,0x20,0x20,0x20,0x7d,0xa,0x20,0x20,0x20,0x20,0x20,0x20,0x20,0x20,
  0x6f,0x6e,0x43,0x6c,0x69,0x63,0x6b,0x65,0x64,0x3a,0x20,0x61,0x63,0x63,0x6f,0x72,
  0x64,0x69,0x6f,0x6e,0x2e,0x6e,0x6f,0x64,0x65,0x2e,0x74,0x6f,0x67,0x67,0x6c,0x65,
  0x28,0x21,0x61,0x63,0x63,0x6f,0x72,0x64,0x69,0x6f,0x6e,0x2e,0x65,0x78,0x70,0x61,
  0x6e,0x64,0x65,0x64,0x29,0xa,0x20,0x20,0x20,0x20,0x7d,0xa,0xa,0x20,0x20,0x20,
  0x20,0x43,0x6f,0x6c,0x75,0x6d,0x6e,0x4c,0x61,0x79,0x6f,0x75,0x74,0x20,0x7b,0xa,
  0x20,0x20,0x20,0x20,0x20,0x20,0x20,0x20,0x76,0x69,0x73,0x69,0x62,0x6c,0x65,0x3a,
  0x20,0x61,0x63,0x63,0x6f,0x72,0x64,0x69,0x6f,0x6e,0x2e,0x65,0x78,0x70,0x61,0x6e,
  0x64,0x65,0x64,0xa,0x20,0x20,0x20,0x20,0x20,0x20,0x20,0x20,0x4c,0x61,0x79,0x6f,
  0x75,0x74,0x2e,0x66,0x69,0x6c,0x6c,0x57,0x69,0x64,0x74,0x68,0x3a,0x20,0x74,0x72,
  0x75,0x65,0xa,0x20,0x20,0x20,0x20,0x20,0x20,0x20,0x20,0x4c,0x61,0x79,0x6f,0x75,
  0x74,0x2e,0x74,0x6f,0x70,0x4d,0x61,0x72,0x67,0x69,0x6e,0x3a,0x20,0x34,0xa,0x20,
  0x20,0x20,0x20,0x20,0x20,0x20,0x20,0x73,0x70,0x61,0x63,0x69,0x6e,0x67,0x3a,0x20,
  0x34,0xa,0xa,0x20,0x20,0x20,0x20,0x20,0x20,0x20,0x20,0x52,0x65,0x70,0x65,0x61,
  0x74,0x65,0x72,0x20,0x7b,0xa,0x20,0x20,0x20,0x20,0x20,0x20,0x20,0x20,0x20,0x20,
  0x20,0x20,0x6d,0x6f,0x64,0x65,0x6c,0x3a,0x20,0x61,0x63,0x63,0x6f,0x72,0x64,0x69,
  0x6f,0x6e,0x2e,0x6e,0x6f,0x64,0x65,0x20,0x3f,0x20,0x61,0x63,0x63,0x6f,0x72,0x64,
  0x69,0x6f,0x6e,0x2e,0x6e,0x6f,0x64,0x65,0x2e,0x63,0x68,0x69,0x6c,0x64,0x72,0x65,
  0x6e,0x20,0x3a,0x20,0x5b,0x5d,0xa,0x20,0x20,0x20,0x20,0x20,0x20,0x20,0x20,0x20,
  0x20,0x20,0x20,0x64,0x65,0x6c,0x65,0x67,0x61,0x74,0x65,0x3a,0x20,0x4c,0x75,0x69,
  0x4e,0x6f,0x64,0x65,0x56,0x69,0x65,0x77,0x20,0x7b,0xa,0x20,0x20,0x20,0x20,0x20,
  0x20,0x20,0x20,0x20,0x20,0x20,0x20,0x72,0x65,0x71,0x75,0x69,0x72,0x65,0x64,0x20,
  0x70,0x72,0x6f,0x70,0x65,0x72,0x74,0x79,0x20,0x76,0x61,0x72,0x20,0x6d,0x6f,0x64,
  0x65,0x6c,0x44,0x61,0x74,0x61,0xa,0x20,0x20,0x20,0x20,0x20,0x20,0x20,0x20,0x20,
  0x20,0x20,0x20,0x6e,0x6f,0x64,0x65,0x3a,0x20,0x6d,0x6f,0x64,0x65,0x6c,0x44,0x61,
  0x74,0x61,0x20,0x7d,0xa,0x20,0x20,0x20,0x20,0x20,0x20,0x20,0x20,0x7d,0xa,0x20,
  0x20,0x20,0x20,0x7d,0xa,0x7d,0xa,
    // /home/ubuntu/repos/lui/platform/qt/qml/LuiTimelineItem.qml
  0x0,0x0,0x3,0xcc,
  0x28,
  0xb5,0x2f,0xfd,0x60,0x1c,0xe,0x15,0x1e,0x0,0xb6,0xe5,0x74,0x35,0x60,0x87,0xd4,
  0x1,0x30,0xc,0xc3,0x30,0xc,0x53,0x86,0x70,0x6b,0x87,0xb1,0x91,0xb6,0x93,0x24,
  0xbd,0xa5,0x14,0x21,0x1a,0xda,0x96,0x44,0x76,0xa,0xcb,0x14,0xbf,0xbd,0xff,0xd5,
  0xfa,0xe0,0x69,0x4a,0x1,0xf6,0xd4,0x5d,0xcb,0xd,0x20,0x83,0x1e,0x32,0x1,0xe,
  0xca,0x61,0x61,0x0,0x65,0x0,0x63,0x0,0xad,0xaa,0xaa,0x36,0x94,0x5f,0x26,0xee,
  0x37,0xc6,0x50,0x90,0x8b,0xcc,0x10,0x59,0xd3,0x51,0x7e,0x97,0x9d,0x93,0x5d,0x12,
  0xb0,0xcf,0x10,0x12,0x65,0xbf,0xd4,0xde,0x26,0x3b,0x8,0xbf,0xef,0x97,0xdf,0x38,
  0x46,0xd9,0x74,0x41,0x9d,0x37,0xbe,0x50,0x1d,0x34,0x78,0xa0,0x90,0xbf,0x19,0x38,
  0xf6,0x63,0xd8,0xaf,0xcc,0xc5,0xde,0x28,0x7b,0x5b,0x14,0x2,0x51,0x4a,0xe7,0xea,
  0x9a,0x9,0x20,0x7e,0x9e,0xcf,0xe8,0xa9,0x62,0xcd,0x9f,0xa4,0x67,0x2b,0x20,0xb5,
  0x69,0x3d,0x5d,0xfc,0x85,0xbe,0x4b,0x9,0x76,0x13,0xdf,0xad,0x9f,0x4,0x7b,0x6d,
  0xb4,0x9,0x8b,0x22,0xa1,0x48,0x9a,0x63,0x4e,0x7f,0x9b,0xfc,0x27,0x3b,0xb6,0x30,
  0x98,0x75,0x88,0x44,0x12,0x96,0x42,0xe8,0xf2,0xb4,0x4b,0xeb,0xb1,0xd6,0xc7,0x6d,
  0x5f,0xce,0x52,0x0,0xe,0xff,0xa9,0x8a,0x49,0xb8,0x7c,0xb2,0xcd,0xb7,0x18,0x4,
  0x9e,0xfc,0xb5,0x52,0xa9,0x28,0x82,0xb5,0xe,0xb0,0x27,0xe5,0x45,0x3d,0x3e,0x1b,
  0xe,0x65,0x3a,0xb9,0x21,0x8,0x65,0xd3,0xf3,0xa2,0x74,0xcb,0x4e,0x46,0xf5,0xe5,
  0xa8,0xe7,0x9d,0x25,0xe9,0x92,0x3a,0xf6,0x9e,0x14,0xb0,0x2b,0x73,0x1,0xfc,0xcd,
  0xef,0xd2,0xb3,0x39,0x91,0xc2,0xf9,0x23,0x37,0x88,0x33,0xb,0x29,0x20,0x3f,0x85,
  0x92,0xa4,0x46,0x4,0xf4,0x17,0xca,0x3e,0x32,0x8c,0x99,0x7e,0x3b,0x91,0x38,0x76,
  0x67,0xc,0xbb,0x4,0x45,0x22,0x9c,0x54,0x24,0x52,0x96,0x89,0xdd,0x3e,0xb1,0x33,
  0xbe,0x50,0xd9,0x7b,0x8d,0x99,0x2e,0x35,0x2d,0xae,0xeb,0xd,0xed,0x48,0x8c,0x8f,
  0xec,0x2b,0xcd,0xb8,0xfe,0xab,0x61,0x82,0xf9,0xc6,0x8f,0xe7,0x83,0xb2,0x39,0xb5,
  0x5b,0xd7,0xbc,0x6b,0xb,0x25,0xd2,0x5,0x85,0x3c,0x4e,0x5e,0x94,0xbd,0x26,0xd3,
  0x1c,0xea,0xf3,0x70,0x38,0xde,0xb4,0x7e,0x12,0x51,0x2e,0x7b,0x4,0xcf,0x49,0x5a,
  0x18,0x50,0xf,0xd1,0xca,0x70,0x26,0xe4,0xc,0x51,0x3a,0x87,0x35,0xd,0x32,0x25,
  0xfb,0xc,0x2d,0xce,0xa5,0x5,0x62,0xec,0xa4,0x85,0xb4,0x1e,0x60,0x23,0x87,0xcf,
  0xe4,0xf2,0x10,0x49,0x96,0xc3,0x84,0x13,0x96,0x92,0x98,0x50,0x9f,0x86,0x88,0x7b,
  0x72,0x40,0x43,0x26,0x50,0xa0,0x23,0x61,0x6,0x9d,0xf1,0x78,0x41,0x4b,0xd0,0x47,
  0x89,0x61,0xef,0xf2,0xb7,0xb5,0x8b,0xaa,0x14,0x14,0xb4,0xf2,0xb,0x58,0xe3,0xa3,
  0xa1,0x44,0x9d,0x87,0x23,0xa3,0xf9,0x24,0xe7,0x42,0x88,0xb2,0x35,0x4,0x3,0x80,
  0xd1,0xa0,0xc1,0x29,0x33,0x34,0x23,0x32,0x5a,0x92,0x14,0xd2,0x1c,0x30,0x84,0x10,
  0xa4,0x8a,0x6e,0x1d,0x9f,0x67,0x8d,0x8c,0xfb,0x26,0x78,0x64,0xe5,0xd4,0x90,0x4f,
  0xf3,0x4,0x6c,0x96,0xea,0x4b,0x5e,0x33,0xd0,0x16,0x80,0x42,0x84,0x7d,0x26,0x33,
  0x4,0xd3,0x1,0x18,0xe3,0x50,0xaa,0x7f,0x88,0xa2,0x1e,0x69,0x30,0x47,0x75,0x61,
  0x6a,0x23,0x8e,0x1b,0x22,0xa1,0x12,0xef,0x57,0xfa,0x11,0xc6,0x14,0x79,0x42,0x86,
  0xc7,0x14,0x3a,0xd9,0x79,0x3f,0x64,0x86,0xf7,0x3b,0x78,0x99,0xc5,0xc,0x25,0x78,
  0x1b,0xe,0x8e,0xff,0x51,0x14,0x5a,0x80,0x9d,0x5f,0x91,0xb9,0xd6,0xc5,0x70,0x86,
  0x23,0x53,0x0,0x42,0xc1,0x27,0x74,0xf0,0xec,0x93,0x68,0x4f,0xa,0x4b,0xed,0x69,
  0x73,0x38,0xdf,0x11,0x44,0x98,0xfa,0x7e,0x87,0x9b,0x13,0xfe,0x3f,0x39,0xb9,0xa,
  0x50,0x10,0xf5,0xe8,0xaf,0x3a,0x24,0xed,0xea,0xef,0xd4,0x84,0xa1,0x18,0xeb,0x38,
  0xf9,0x7c,0x1c,0x5d,0x50,0x30,0x39,0xb7,0x69,0x24,0x46,0x59,0xb3,0xf9,0x74,0xb7,
  0x2,0xff,0xa3,0x1e,0x34,0x13,0xb8,0x17,0x8,0x6,0x9f,0x4d,0x13,0xd2,0x5a,0xdd,
  0xef,0x46,0xf0,0x4d,0x74,0x96,0xb,0xc3,0x5b,0x98,0xf,0x53,0x2d,0x12,0xce,0x21,
  0x1a,0x10,0x93,0xaf,0xe7,0xc9,0xbf,0xb5,0x50,0xfc,0x7,0x88,0x71,0xf3,0x15,0x11,
  0xb3,0xb5,0x83,0x6a,0xde,0x2c,0x31,0x96,0xb7,0x3,0x1b,0x14,0x68,0xa9,0x94,0x6e,
  0xd4,0x76,0x12,0x28,0xe0,0xeb,0xbf,0x24,0xda,0xed,0xfb,0x0,0xcd,0x12,0xfb,0xb2,
  0xac,0xf4,0xd7,0x40,0xa8,0x7,0x27,0xb3,0x16,0x4d,0x85,0x22,0x3c,0x63,0x61,0x9a,
  0xda,0x8c,0x0,0x95,0x3,0x58,0x85,0xbf,0x50,0x34,0x7c,0xca,0xb7,0x2c,0x47,0x2a,
  0xf2,0x3a,0x58,0x44,0x45,0x13,0xf9,0x83,0xdd,0x66,0x96,0x9,0xb4,0x27,0xf4,0x65,
  0xcf,0xbd,0x88,0x66,0xd3,0xc0,0xf1,0x20,0xf1,0xe6,0xef,0x13,0xb7,0x98,0xae,0x61,
  0xeb,0x78,0x4d,0x83,0x7e,0xe,0xe2,0xfa,0x9e,0x48,0xe0,0x49,0x2a,0xfe,0xc4,0x79,
  0x88,0x4d,0x73,0x9c,0x9e,0x2f,0x3,0x7,0xee,0x81,0x8c,0x2a,0xa,0x3c,0x48,0xb9,
  0xbc,0xe1,0x52,0xcf,0x66,0x9d,0x11,0xad,0xa1,0x16,0xcd,0x78,0x20,0x95,0x40,0xf8,
  0x90,0xe8,0x95,0x16,0xd1,0x86,0x63,0x3d,0x11,0x5,0xad,0x56,0x0,0x86,0x6b,0x68,
  0x7e,0x64,0xb1,0x3e,0xb4,0x57,0x64,0xe1,0xc,0x9d,0xb0,0xf3,0x2e,0x17,0xf8,0x43,
  0x8f,0x93,0x44,0x35,0x30,0xae,0x0,0x2,0xbe,0x17,0xd,0x7d,0xe8,0xd1,0x85,0x8a,
  0x1,0x4,0x9,0x82,0x97,0x30,0xa1,0x6f,0xb9,0x6f,0xd1,0xc8,0x94,0xf4,0x69,0x93,
  0x1b,0xb2,0x62,0x2c,0x78,0x0,0xb,0x1,0xa5,0x25,0x85,0x10,0x6e,0x20,0x59,0x88,
  0x37,0x9f,0x3e,0x39,0x92,0xf6,0x8d,0xc,0xaa,0x1d,0xc6,0x91,0x28,0x92,0xfa,0x9e,
  0x85,0x2f,0x21,0x5,0x3a,0x10,0x99,0xbb,0x8a,0x5f,0xa,0xa3,0x6c,0xa6,0x10,0x8d,
  0x7f,0xce,0x51,0x85,0xdc,0x54,0x45,0x44,0x22,0x4f,0x3f,
    // /home/ubuntu/repos/lui/platform/qt/qml/LuiTextField.qml
  0x0,0x0,0x4,0x9e,
  0x69,
  0x6d,0x70,0x6f,0x72,0x74,0x20,0x51,0x74,0x51,0x75,0x69,0x63,0x6b,0xa,0x69,0x6d,
  0x70,0x6f,0x72,0x74,0x20,0x51,0x74,0x51,0x75,0x69,0x63,0x6b,0x2e,0x43,0x6f,0x6e,
  0x74,0x72,0x6f,0x6c,0x73,0xa,0x69,0x6d,0x70,0x6f,0x72,0x74,0x20,0x22,0x4c,0x75,
  0x69,0x53,0x74,0x79,0x6c,0x65,0x2e,0x6a,0x73,0x22,0x20,0x61,0x73,0x20,0x53,0x74,
  0x79,0x6c,0x65,0xa,0xa,0x2f,0x2f,0x20,0x57,0x69,0x72,0x65,0x20,0x6b,0x69,0x6e,
  0x64,0x3a,0x20,0x74,0x65,0x78,0x74,0x2d,0x66,0x69,0x65,0x6c,0x64,0x20,0xe2,0x80,
  0x94,0x20,0x73,0x69,0x6e,0x67,0x6c,0x65,0x2d,0x6c,0x69,0x6e,0x65,0x20,0x74,0x65,
  0x78,0x74,0x20,0x69,0x6e,0x70,0x75,0x74,0x2e,0xa,0x54,0x65,0x78,0x74,0x46,0x69,
  0x65,0x6c,0x64,0x20,0x7b,0xa,0x20,0x20,0x20,0x20,0x69,0x64,0x3a,0x20,0x66,0x69,
  0x65,0x6c,0x64,0xa,0x20,0x20,0x20,0x20,0x72,0x65,0x71,0x75,0x69,0x72,0x65,0x64,
  0x20,0x70,0x72,0x6f,0x70,0x65,0x72,0x74,0x79,0x20,0x76,0x61,0x72,0x20,0x6e,0x6f,
  0x64,0x65,0xa,0x20,0x20,0x20,0x20,0x72,0x65,0x61,0x64,0x6f,0x6e,0x6c,0x79,0x20,
  0x70,0x72,0x6f,0x70,0x65,0x72,0x74,0x79,0x20,0x76,0x61,0x72,0x20,0x70,0x72,0x6f,
  0x70,0x73,0x3a,0x20,0x6e,0x6f,0x64,0x65,0x20,0x3f,0x20,0x6e,0x6f,0x64,0x65,0x2e,
  0x70,0x72,0x6f,0x70,0x65,0x72,0x74,0x69,0x65,0x73,0x20,0x3a,0x20,0x28,0x7b,0x7d,
  0x29,0xa,0xa,0x20,0x20,0x20,0x20,0x70,0x6c,0x61,0x63,0x65,0x68,0x6f,0x6c,0x64,
  0x65,0x72,0x54,0x65,0x78,0x74,0x3a,0x20,0x53,0x74,0x79,0x6c,0x65,0x2e,0x73,0x74,
  0x72,0x28,0x70,0x72,0x6f,0x70,0x73,0x2c,0x20,0x22,0x70,0x6c,0x61,0x63,0x65,0x68,
  0x6f,0x6c,0x64,0x65,0x72,0x22,0x2c,0x20,0x22,0x22,0x29,0xa,0x20,0x20,0x20,0x20,
  0x65,0x6e,0x61,0x62,0x6c,0x65,0x64,0x3a,0x20,0x70,0x72,0x6f,0x70,0x73,0x5b,0x22,
  0x65,0x6e,0x61,0x62,0x6c,0x65,0x64,0x22,0x5d,0x20,0x21,0x3d,0x3d,0x20,0x66,0x61,
  0x6c,0x73,0x65,0xa,0x20,0x20,0x20,0x20,0x63,0x6f,0x6c,0x6f,0x72,0x3a,0x20,0x53,
  0x74,0x79,0x6c,0x65,0x2e,0x63,0x6f,0x6c,0x6f,0x72,0x28,0x70,0x72,0x6f,0x70,0x73,
  0x5b,0x22,0x66,0x6f,0x72,0x65,0x67,0x72,0x6f,0x75,0x6e,0x64,0x22,0x5d,0x2c,0x20,
  0x22,0x23,0x31,0x38,0x31,0x38,0x31,0x62,0x22,0x29,0xa,0x20,0x20,0x20,0x20,0x70,
  0x6c,0x61,0x63,0x65,0x68,0x6f,0x6c,0x64,0x65,0x72,0x54,0x65,0x78,0x74,0x43,0x6f,
  0x6c,0x6f,0x72,0x3a,0x20,0x22,0x23,0x61,0x31,0x61,0x31,0x61,0x61,0x22,0xa,0x20,
  0x20,0x20,0x20,0x69,0x6d,0x70,0x6c,0x69,0x63,0x69,0x74,0x57,0x69,0x64,0x74,0x68,
  0x3a,0x20,0x32,0x30,0x30,0xa,0x20,0x20,0x20,0x20,0x43,0x6f,0x6d,0x70,0x6f,0x6e,
  0x65,0x6e,0x74,0x2e,0x6f,0x6e,0x43,0x6f,0x6d,0x70,0x6c,0x65,0x74,0x65,0x64,0x3a,
  0x20,0x7b,0xa,0x20,0x20,0x20,0x20,0x20,0x20,0x20,0x20,0x69,0x66,0x20,0x28,0x70,
  0x72,0x6f,0x70,0x73,0x5b,0x22,0x61,0x75,0x74,0x6f,0x66,0x6f,0x63,0x75,0x73,0x22,
  0x5d,0x20,0x3d,0x3d,0x3d,0x20,0x74,0x72,0x75,0x65,0x29,0x20,0x66,0x6f,0x72,0x63,
  0x65,0x41,0x63,0x74,0x69,0x76,0x65,0x46,0x6f,0x63,0x75,0x73,0x28,0x29,0xa,0x20,
  0x20,0x20,0x20,0x20,0x20,0x20,0x20,0x73,0x79,0x6e,0x63,0x28,0x29,0xa,0x20,0x20,
  0x20,0x20,0x7d,0xa,0xa,0x20,0x20,0x20,0x20,0x70,0x72,0x6f,0x70,0x65,0x72,0x74,
  0x79,0x20,0x73,0x74,0x72,0x69,0x6e,0x67,0x20,0x77,0x69,0x72,0x65,0x54,0x65,0x78,
  0x74,0x3a,0x20,0x53,0x74,0x79,0x6c,0x65,0x2e,0x73,0x74,0x72,0x28,0x70,0x72,0x6f,
  0x70,0x73,0x2c,0x20,0x22,0x74,0x65,0x78,0x74,0x22,0x2c,0x20,0x22,0x22,0x29,0xa,
  0x20,0x20,0x20,0x20,0x70,0x72,0x6f,0x70,0x65,0x72,0x74,0x79,0x20,0x62,0x6f,0x6f,
  0x6c,0x20,0x75,0x70,0x64,0x61,0x74,0x69,0x6e,0x67,0x3a,0x20,0x66,0x61,0x6c,0x73,
  0x65,0xa,0x20,0x20,0x20,0x20,0x66,0x75,0x6e,0x63,0x74,0x69,0x6f,0x6e,0x20,0x73,
  0x79,0x6e,0x63,0x28,0x29,0x20,0x7b,0xa,0x20,0x20,0x20,0x20,0x20,0x20,0x20,0x20,
  0x69,0x66,0x20,0x28,0x74,0x65,0x78,0x74,0x20,0x21,0x3d,0x3d,0x20,0x77,0x69,0x72,
  0x65,0x54,0x65,0x78,0x74,0x29,0x20,0x7b,0xa,0x20,0x20,0x20,0x20,0x20,0x20,0x20,
  0x20,0x20,0x20,0x20,0x20,0x75,0x70,0x64,0x61,0x74,0x69,0x6e,0x67,0x20,0x3d,0x20,
  0x74,0x72,0x75,0x65,0xa,0x20,0x20,0x20,0x20,0x20,0x20,0x20,0x20,0x20,0x20,0x20,
  0x20,0x74,0x65,0x78,0x74,0x20,0x3d,0x20,0x77,0x69,0x72,0x65,0x54,0x65,0x78,0x74,
  0xa,0x20,0x20,0x20,0x20,0x20,0x20,0x20,0x20,0x20,0x20,0x20,0x20,0x75,0x70,0x64,
  0x61,0x74,0x69,0x6e,0x67,0x20,0x3d,0x20,0x66,0x61,0x6c,0x73,0x65,0xa,0x20,0x20,
  0x20,0x20,0x20,0x20,0x20,0x20,0x7d,0xa,0x20,0x20,0x20,0x20,0x7d,0xa,0x20,0x20,
  0x20,0x20,0x6f,0x6e,0x57,0x69,0x72,0x65,0x54,0x65,0x78,0x74,0x43,0x68,0x61,0x6e,
  0x67,0x65,0x64,0x3a,0x20,0x73,0x79,0x6e,0x63,0x28,0x29,0xa,0x20,0x20,0x20,0x20,
  0x6f,0x6e,0x54,0x65,0x78,0x74,0x43,0x68,0x61,0x6e,0x67,0x65,0x64,0x3a,0x20,0x69,
  0x66,0x20,0x28,0x21,0x75,0x70,0x64,0x61,0x74,0x69,0x6e,0x67,0x29,0x20,0x6e,0x6f,
  0x64,0x65,0x2e,0x74,0x65,0x78,0x74,0x43,0x68,0x61,0x6e,0x67,0x65,0x64,0x28,0x74,
  0x65,0x78,0x74,0x29,0xa,0x20,0x20,0x20,0x20,0x6f,0x6e,0x41,0x63,0x63,0x65,0x70,
  0x74,0x65,0x64,0x3a,0x20,0x6e,0x6f,0x64,0x65,0x2e,0x73,0x75,0x62,0x6d,0x69,0x74,
  0x28,0x29,0xa,0xa,0x20,0x20,0x20,0x20,0x62,0x61,0x63,0x6b,0x67,0x72,0x6f,0x75,
  0x6e,0x64,0x3a,0x20,0x52,0x65,0x63,0x74,0x61,0x6e,0x67,0x6c,0x65,0x20,0x7b,0xa,
  0x20,0x20,0x20,0x20,0x20,0x20,0x20,0x20,0x69,0x6d,0x70,0x6c,0x69,0x63,0x69,0x74,
  0x57,0x69,0x64,0x74,0x68,0x3a,0x20,0x32,0x30,0x30,0xa,0x20,0x20,0x20,0x20,0x20,
  0x20,0x20,0x20,0x69,0x6d,0x70,0x6c,0x69,0x63,0x69,0x74,0x48,0x65,0x69,0x67,0x68,
  0x74,0x3a,0x20,0x33,0x34,0xa,0x20,0x20,0x20,0x20,0x20,0x20,0x20,0x20,0x72,0x61,
  0x64,0x69,0x75,0x73,0x3a,0x20,0x36,0xa,0x20,0x20,0x20,0x20,0x20,0x20,0x20,0x20,
  0x63,0x6f,0x6c,0x6f,0x72,0x3a,0x20,0x66,0x69,0x65,0x6c,0x64,0x2e,0x65,0x6e,0x61,
  0x62,0x6c,0x65,0x64,0x20,0x3f,0x20,0x22,0x23,0x66,0x66,0x66,0x66,0x66,0x66,0x22,
  0x20,0x3a,0x20,0x22,0x23,0x66,0x34,0x66,0x34,0x66,0x35,0x22,0xa,0x20,0x20,0x20,
  0x20,0x20,0x20,0x20,0x20,0x62,0x6f,0x72,0x64,0x65,0x72,0x2e,0x63,0x6f,0x6c,0x6f,
  0x72,0x3a,0x20,0x66,0x69,0x65,0x6c,0x64,0x2e,0x61,0x63,0x74,0x69,0x76,0x65,0x46,
  0x6f,0x63,0x75,0x73,0x20,0x3f,0x20,0x22,0x23,0x30,0x30,0x37,0x61,0x66,0x66,0x22,
  0x20,0x3a,0x20,0x22,0x23,0x64,0x34,0x64,0x34,0x64,0x38,0x22,0xa,0x20,0x20,0x20,
  0x20,0x20,0x20,0x20,0x20,0x62,0x6f,0x72,0x64,0x65,0x72,0x2e,0x77,0x69,0x64,0x74,
  0x68,0x3a,0x20,0x31,0xa,0x20,0x20,0x20,0x20,0x7d,0xa,0x7d,0xa,
    // /home/ubuntu/repos/lui/platform/qt/qml/LuiColumn.qml
  0x0,0x0,0x3,0xb2,
  0x69,
  0x6d,0x70,0x6f,0x72,0x74,0x20,0x51,0x74,0x51,0x75,0x69,0x63,0x6b,0xa,0x69,0x6d,
  0x70,0x6f,0x72,0x74,0x20,0x51,0x74,0x51,0x75,0x69,0x63,0x6b,0x2e,0x4c,0x61,0x79,
  0x6f,0x75,0x74,0x73,0xa,0x69,0x6d,0x70,0x6f,0x72,0x74,0x20,0x22,0x4c,0x75,0x69,
  0x53,0x74,0x79,0x6c,0x65,0x2e,0x6a,0x73,0x22,0x20,0x61,0x73,0x20,0x53,0x74,0x79,
  0x6c,0x65,0xa,0xa,0x2f,0x2f,0x20,0x57,0x69,0x72,0x65,0x20,0x6b,0x69,0x6e,0x64,
  0x3a,0x20,0x63,0x6f,0x6c,0x75,0x6d,0x6e,0x20,0xe2,0x80,0x94,0x20,0x76,0x65,0x72,
  0x74,0x69,0x63,0x61,0x6c,0x20,0x6c,0x61,0x79,0x6f,0x75,0x74,0x20,0x68,0x6f,0x6e,
  0x6f,0x72,0x69,0x6e,0x67,0x20,0x67,0x61,0x70,0x2c,0x20,0x6d,0x61,0x69,0x6e,0x2d,
  0x61,0x6c,0x69,0x67,0x6e,0x6d,0x65,0x6e,0x74,0x2c,0x20,0x61,0x6e,0x64,0xa,0x2f,
  0x2f,0x20,0x63,0x72,0x6f,0x73,0x73,0x2d,0x61,0x6c,0x69,0x67,0x6e,0x6d,0x65,0x6e,
  0x74,0x2e,0xa,0x43,0x6f,0x6c,0x75,0x6d,0x6e,0x4c,0x61,0x79,0x6f,0x75,0x74,0x20,
  0x7b,0xa,0x20,0x20,0x20,0x20,0x72,0x65,0x71,0x75,0x69,0x72,0x65,0x64,0x20,0x70,
  0x72,0x6f,0x70,0x65,0x72,0x74,0x79,0x20,0x76,0x61,0x72,0x20,0x6e,0x6f,0x64,0x65,
  0xa,0x20,0x20,0x20,0x20,0x72,0x65,0x61,0x64,0x6f,0x6e,0x6c,0x79,0x20,0x70,0x72,
  0x6f,0x70,0x65,0x72,0x74,0x79,0x20,0x76,0x61,0x72,0x20,0x70,0x72,0x6f,0x70,0x73,
  0x3a,0x20,0x6e,0x6f,0x64,0x65,0x20,0x3f,0x20,0x6e,0x6f,0x64,0x65,0x2e,0x70,0x72,
  0x6f,0x70,0x65,0x72,0x74,0x69,0x65,0x73,0x20,0x3a,0x20,0x28,0x7b,0x7d,0x29,0xa,
  0xa,0x20,0x20,0x20,0x20,0x73,0x70,0x61,0x63,0x69,0x6e,0x67,0x3a,0x20,0x53,0x74,
  0x79,0x6c,0x65,0x2e,0x6e,0x75,0x6d,0x28,0x70,0x72,0x6f,0x70,0x73,0x2c,0x20,0x22,
  0x67,0x61,0x70,0x22,0x2c,0x20,0x30,0x29,0xa,0xa,0x20,0x20,0x20,0x20,0x49,0x74,
  0x65,0x6d,0x20,0x7b,0x20,0x4c,0x61,0x79,0x6f,0x75,0x74,0x2e,0x66,0x69,0x6c,0x6c,
  0x48,0x65,0x69,0x67,0x68,0x74,0x3a,0x20,0x74,0x72,0x75,0x65,0x3b,0x20,0x76,0x69,
  0x73,0x69,0x62,0x6c,0x65,0x3a,0x20,0x53,0x74,0x79,0x6c,0x65,0x2e,0x6e,0x65,0x65,
  0x64,0x73,0x4c,0x65,0x61,0x64,0x46,0x69,0x6c,0x6c,0x65,0x72,0x28,0x70,0x72,0x6f,
  0x70,0x73,0x29,0x20,0x7d,0xa,0x20,0x20,0x20,0x20,0x52,0x65,0x70,0x65,0x61,0x74,
  0x65,0x72,0x20,0x7b,0xa,0x20,0x20,0x20,0x20,0x20,0x20,0x20,0x20,0x6d,0x6f,0x64,
  0x65,0x6c,0x3a,0x20,0x6e,0x6f,0x64,0x65,0x20,0x3f,0x20,0x6e,0x6f,0x64,0x65,0x2e,
  0x63,0x68,0x69,0x6c,0x64,0x72,0x65,0x6e,0x20,0x3a,0x20,0x5b,0x5d,0xa,0x20,0x20,
  0x20,0x20,0x20,0x20,0x20,0x20,0x64,0x65,0x6c,0x65,0x67,0x61,0x74,0x65,0x3a,0x20,
  0x4c,0x75,0x69,0x4e,0x6f,0x64,0x65,0x56,0x69,0x65,0x77,0x20,0x7b,0xa,0x20,0x20,
  0x20,0x20,0x20,0x20,0x20,0x20,0x20,0x20,0x20,0x20,0x72,0x65,0x71,0x75,0x69,0x72,
  0x65,0x64,0x20,0x70,0x72,0x6f,0x70,0x65,0x72,0x74,0x79,0x20,0x76,0x61,0x72,0x20,
  0x6d,0x6f,0x64,0x65,0x6c,0x44,0x61,0x74,0x61,0xa,0x20,0x20,0x20,0x20,0x20,0x20,
  0x20,0x20,0x20,0x20,0x20,0x20,0x6e,0x6f,0x64,0x65,0x3a,0x20,0x6d,0x6f,0x64,0x65,
  0x6c,0x44,0x61,0x74,0x61,0xa,0x20,0x20,0x20,0x20,0x20,0x20,0x20,0x20,0x20,0x20,
  0x20,0x20,0x4c,0x61,0x79,0x6f,0x75,0x74,0x2e,0x66,0x69,0x6c,0x6c,0x48,0x65,0x69,
  0x67,0x68,0x74,0x3a,0x20,0x53,0x74,0x79,0x6c,0x65,0x2e,0x66,0x69,0x6c,0x6c,0x4d,
  0x61,0x69,0x6e,0x48,0x65,0x69,0x67,0x68,0x74,0x28,0x6e,0x6f,0x64,0x65,0x20,0x3f,
  0x20,0x6e,0x6f,0x64,0x65,0x2e,0x70,0x72,0x6f,0x70,0x65,0x72,0x74,0x69,0x65,0x73,
  0x20,0x3a,0x20,0x28,0x7b,0x7d,0x29,0x29,0x20,0x7c,0x7c,0xa,0x20,0x20,0x20,0x20,
  0x20,0x20,0x20,0x20,0x20,0x20,0x20,0x20,0x20,0x20,0x20,0x20,0x20,0x20,0x20,0x20,
  0x20,0x20,0x20,0x20,0x20,0x20,0x20,0x20,0x20,0x20,0x20,0x53,0x74,0x79,0x6c,0x65,
  0x2e,0x6d,0x61,0x69,0x6e,0x41,0x6c,0x69,0x67,0x6e,0x28,0x70,0x72,0x6f,0x70,0x73,
  0x29,0x20,0x3d,0x3d,0x3d,0x20,0x22,0x73,0x70,0x61,0x63,0x65,0x5f,0x62,0x65,0x74,
  0x77,0x65,0x65,0x6e,0x22,0xa,0x20,0x20,0x20,0x20,0x20,0x20,0x20,0x20,0x20,0x20,
  0x20,0x20,0x4c,0x61,0x79,0x6f,0x75,0x74,0x2e,0x66,0x69,0x6c,0x6c,0x57,0x69,0x64,
  0x74,0x68,0x3a,0x20,0x53,0x74,0x79,0x6c,0x65,0x2e,0x66,0x69,0x6c,0x6c,0x4d,0x61,
  0x69,0x6e,0x57,0x69,0x64,0x74,0x68,0x28,0x6e,0x6f,0x64,0x65,0x20,0x3f,0x20,0x6e,
  0x6f,0x64,0x65,0x2e,0x70,0x72,0x6f,0x70,0x65,0x72,0x74,0x69,0x65,0x73,0x20,0x3a,
  0x20,0x28,0x7b,0x7d,0x29,0x29,0x20,0x7c,0x7c,0xa,0x20,0x20,0x20,0x20,0x20,0x20,
  0x20,0x20,0x20,0x20,0x20,0x20,0x20,0x20,0x20,0x20,0x20,0x20,0x20,0x20,0x20,0x20,
  0x20,0x20,0x20,0x20,0x20,0x20,0x20,0x20,0x53,0x74,0x79,0x6c,0x65,0x2e,0x73,0x74,
  0x72,0x65,0x74,0x63,0x68,0x43,0x72,0x6f,0x73,0x73,0x28,0x70,0x72,0x6f,0x70,0x73,
  0x29,0xa,0x20,0x20,0x20,0x20,0x20,0x20,0x20,0x20,0x7d,0xa,0x20,0x20,0x20,0x20,
  0x7d,0xa,0x20,0x20,0x20,0x20,0x49,0x74,0x65,0x6d,0x20,0x7b,0x20,0x4c,0x61,0x79,
  0x6f,0x75,0x74,0x2e,0x66,0x69,0x6c,0x6c,0x48,0x65,0x69,0x67,0x68,0x74,0x3a,0x20,
  0x74,0x72,0x75,0x65,0x3b,0x20,0x76,0x69,0x73,0x69,0x62,0x6c,0x65,0x3a,0x20,0x53,
  0x74,0x79,0x6c,0x65,0x2e,0x6e,0x65,0x65,0x64,0x73,0x54,0x72,0x61,0x69,0x6c,0x46,
  0x69,0x6c,0x6c,0x65,0x72,0x28,0x70,0x72,0x6f,0x70,0x73,0x29,0x20,0x7d,0xa,0x7d,
  0xa,
    // /home/ubuntu/repos/lui/platform/qt/qml/LuiMenuItem.qml
  0x0,0x0,0xa,0x71,
  0x69,
  0x6d,0x70,0x6f,0x72,0x74,0x20,0x51,0x74,0x51,0x75,0x69,0x63,0x6b,0xa,0x69,0x6d,
  0x70,0x6f,0x72,0x74,0x20,0x51,0x74,0x51,0x75,0x69,0x63,0x6b,0x2e,0x43,0x6f,0x6e,
  0x74,0x72,0x6f,0x6c,0x73,0xa,0x69,0x6d,0x70,0x6f,0x72,0x74,0x20,0x51,0x74,0x51,
  0x75,0x69,0x63,0x6b,0x2e,0x4c,0x61,0x79,0x6f,0x75,0x74,0x73,0xa,0x69,0x6d,0x70,
  0x6f,0x72,0x74,0x20,0x22,0x4c,0x75,0x69,0x53,0x74,0x79,0x6c,0x65,0x2e,0x6a,0x73,
  0x22,0x20,0x61,0x73,0x20,0x53,0x74,0x79,0x6c,0x65,0xa,0xa,0x2f,0x2f,0x20,0x57,
  0x69,0x72,0x65,0x20,0x6b,0x69,0x6e,0x64,0x3a,0x20,0x6d,0x65,0x6e,0x75,0x2d,0x69,
  0x74,0x65,0x6d,0x20,0xe2,0x80,0x94,0x20,0x72,0x6f,0x77,0x20,0x69,0x6e,0x73,0x69,
  0x64,0x65,0x20,0x61,0x20,0x64,0x72,0x6f,0x70,0x64,0x6f,0x77,0x6e,0x2f,0x63,0x6f,
  0x6e,0x74,0x65,0x78,0x74,0x20,0x6d,0x65,0x6e,0x75,0x3b,0x20,0x61,0x20,0x64,0x72,
  0x6f,0x70,0x64,0x6f,0x77,0x6e,0x2d,0x6d,0x65,0x6e,0x75,0xa,0x2f,0x2f,0x20,0x63,
  0x68,0x69,0x6c,0x64,0x20,0x62,0x65,0x63,0x6f,0x6d,0x65,0x73,0x20,0x61,0x20,0x63,
  0x61,0x73,0x63,0x61,0x64,0x69,0x6e,0x67,0x20,0x73,0x75,0x62,0x6d,0x65,0x6e,0x75,
  0x2e,0xa,0x49,0x74,0x65,0x6d,0x44,0x65,0x6c,0x65,0x67,0x61,0x74,0x65,0x20,0x7b,
  0xa,0x20,0x20,0x20,0x20,0x69,0x64,0x3a,0x20,0x69,0x74,0x65,0x6d,0xa,0x20,0x20,
  0x20,0x20,0x72,0x65,0x71,0x75,0x69,0x72,0x65,0x64,0x20,0x70,0x72,0x6f,0x70,0x65,
  0x72,0x74,0x79,0x20,0x76,0x61,0x72,0x20,0x6e,0x6f,0x64,0x65,0xa,0x20,0x20,0x20,
  0x20,0x72,0x65,0x61,0x64,0x6f,0x6e,0x6c,0x79,0x20,0x70,0x72,0x6f,0x70,0x65,0x72,
  0x74,0x79,0x20,0x76,0x61,0x72,0x20,0x70,0x72,0x6f,0x70,0x73,0x3a,0x20,0x6e,0x6f,
  0x64,0x65,0x20,0x3f,0x20,0x6e,0x6f,0x64,0x65,0x2e,0x70,0x72,0x6f,0x70,0x65,0x72,
  0x74,0x69,0x65,0x73,0x20,0x3a,0x20,0x28,0x7b,0x7d,0x29,0xa,0xa,0x20,0x20,0x20,
  0x20,0x65,0x6e,0x61,0x62,0x6c,0x65,0x64,0x3a,0x20,0x70,0x72,0x6f,0x70,0x73,0x5b,
  0x22,0x65,0x6e,0x61,0x62,0x6c,0x65,0x64,0x22,0x5d,0x20,0x21,0x3d,0x3d,0x20,0x66,
  0x61,0x6c,0x73,0x65,0xa,0x20,0x20,0x20,0x20,0x70,0x61,0x64,0x64,0x69,0x6e,0x67,
  0x3a,0x20,0x38,0xa,0x20,0x20,0x20,0x20,0x69,0x6d,0x70,0x6c,0x69,0x63,0x69,0x74,
  0x48,0x65,0x69,0x67,0x68,0x74,0x3a,0x20,0x33,0x32,0xa,0x20,0x20,0x20,0x20,0x69,
  0x6d,0x70,0x6c,0x69,0x63,0x69,0x74,0x57,0x69,0x64,0x74,0x68,0x3a,0x20,0x4d,0x61,
  0x74,0x68,0x2e,0x6d,0x61,0x78,0x28,0x31,0x36,0x30,0x2c,0x20,0x63,0x6f,0x6e,0x74,
  0x65,0x6e,0x74,0x49,0x74,0x65,0x6d,0x2e,0x69,0x6d,0x70,0x6c,0x69,0x63,0x69,0x74,
  0x57,0x69,0x64,0x74,0x68,0x20,0x2b,0x20,0x33,0x32,0x29,0xa,0x20,0x20,0x20,0x20,
  0x72,0x65,0x61,0x64,0x6f,0x6e,0x6c,0x79,0x20,0x70,0x72,0x6f,0x70,0x65,0x72,0x74,
  0x79,0x20,0x76,0x61,0x72,0x20,0x73,0x75,0x62,0x6d,0x65,0x6e,0x75,0x3a,0x20,0x7b,
  0xa,0x20,0x20,0x20,0x20,0x20,0x20,0x20,0x20,0x76,0x61,0x72,0x20,0x6b,0x69,0x64,
  0x73,0x20,0x3d,0x20,0x6e,0x6f,0x64,0x65,0x20,0x3f,0x20,0x6e,0x6f,0x64,0x65,0x2e,
  0x63,0x68,0x69,0x6c,0x64,0x72,0x65,0x6e,0x20,0x3a,0x20,0x5b,0x5d,0xa,0x20,0x20,
  0x20,0x20,0x20,0x20,0x20,0x20,0x66,0x6f,0x72,0x20,0x28,0x76,0x61,0x72,0x20,0x69,
  0x20,0x3d,0x20,0x30,0x3b,0x20,0x69,0x20,0x3c,0x20,0x6b,0x69,0x64,0x73,0x2e,0x6c,
  0x65,0x6e,0x67,0x74,0x68,0x3b,0x20,0x2b,0x2b,0x69,0x29,0xa,0x20,0x20,0x20,0x20,
  0x20,0x20,0x20,0x20,0x20,0x20,0x20,0x20,0x69,0x66,0x20,0x28,0x6b,0x69,0x64,0x73,
  0x5b,0x69,0x5d,0x20,0x26,0x26,0x20,0x6b,0x69,0x64,0x73,0x5b,0x69,0x5d,0x2e,0x6b,
  0x69,0x6e,0x64,0x20,0x3d,0x3d,0x3d,0x20,0x22,0x64,0x72,0x6f,0x70,0x64,0x6f,0x77,
  0x6e,0x2d,0x6d,0x65,0x6e,0x75,0x22,0x29,0x20,0x72,0x65,0x74,0x75,0x72,0x6e,0x20,
  0x6b,0x69,0x64,0x73,0x5b,0x69,0x5d,0xa,0x20,0x20,0x20,0x20,0x20,0x20,0x20,0x20,
  0x72,0x65,0x74,0x75,0x72,0x6e,0x20,0x6e,0x75,0x6c,0x6c,0xa,0x20,0x20,0x20,0x20,
  0x7d,0xa,0x20,0x20,0x20,0x20,0x72,0x65,0x61,0x64,0x6f,0x6e,0x6c,0x79,0x20,0x70,
  0x72,0x6f,0x70,0x65,0x72,0x74,0x79,0x20,0x62,0x6f,0x6f,0x6c,0x20,0x64,0x65,0x73,
  0x74,0x72,0x75,0x63,0x74,0x69,0x76,0x65,0x3a,0xa,0x20,0x20,0x20,0x20,0x20,0x20,
  0x20,0x20,0x53,0x74,0x79,0x6c,0x65,0x2e,0x73,0x74,0x72,0x28,0x70,0x72,0x6f,0x70,
  0x73,0x2c,0x20,0x22,0x76,0x61,0x72,0x69,0x61,0x6e,0x74,0x22,0x2c,0x20,0x22,0x22,
  0x29,0x20,0x3d,0x3d,0x3d,0x20,0x22,0x64,0x65,0x73,0x74,0x72,0x75,0x63,0x74,0x69,
  0x76,0x65,0x22,0xa,0x20,0x20,0x20,0x20,0x72,0x65,0x61,0x64,0x6f,0x6e,0x6c,0x79,
  0x20,0x70,0x72,0x6f,0x70,0x65,0x72,0x74,0x79,0x20,0x62,0x6f,0x6f,0x6c,0x20,0x73,
  0x65,0x6c,0x65,0x63,0x74,0x65,0x64,0x3a,0x20,0x70,0x72,0x6f,0x70,0x73,0x5b,0x22,
  0x73,0x65,0x6c,0x65,0x63,0x74,0x65,0x64,0x22,0x5d,0x20,0x3d,0x3d,0x3d,0x20,0x74,
  0x72,0x75,0x65,0xa,0xa,0x20,0x20,0x20,0x20,0x63,0x6f,0x6e,0x74,0x65,0x6e,0x74,
  0x49,0x74,0x65,0x6d,0x3a,0x20,0x52,0x6f,0x77,0x4c,0x61,0x79,0x6f,0x75,0x74,0x20,
  0x7b,0xa,0x20,0x20,0x20,0x20,0x20,0x20,0x20,0x20,0x73,0x70,0x61,0x63,0x69,0x6e,
  0x67,0x3a,0x20,0x38,0xa,0x20,0x20,0x20,0x20,0x20,0x20,0x20,0x20,0x49,0x6d,0x61,
  0x67,0x65,0x20,0x7b,0xa,0x20,0x20,0x20,0x20,0x20,0x20,0x20,0x20,0x20,0x20,0x20,
  0x20,0x76,0x69,0x73,0x69,0x62,0x6c,0x65,0x3a,0x20,0x53,0x74,0x79,0x6c,0x65,0x2e,
  0x73,0x74,0x72,0x28,0x69,0x74,0x65,0x6d,0x2e,0x70,0x72,0x6f,0x70,0x73,0x2c,0x20,
  0x22,0x69,0x63,0x6f,0x6e,0x22,0x2c,0x20,0x22,0x22,0x29,0x20,0x21,0x3d,0x3d,0x20,
  0x22,0x22,0xa,0x20,0x20,0x20,0x20,0x20,0x20,0x20,0x20,0x20,0x20,0x20,0x20,0x73,
  0x6f,0x75,0x72,0x63,0x65,0x3a,0x20,0x53,0x74,0x79,0x6c,0x65,0x2e,0x69,0x63,0x6f,
  0x6e,0x53,0x6f,0x75,0x72,0x63,0x65,0x28,0x53,0x74,0x79,0x6c,0x65,0x2e,0x73,0x74,
  0x72,0x28,0x69,0x74,0x65,0x6d,0x2e,0x70,0x72,0x6f,0x70,0x73,0x2c,0x20,0x22,0x69,
  0x63,0x6f,0x6e,0x22,0x2c,0x20,0x22,0x22,0x29,0x29,0xa,0x20,0x20,0x20,0x20,0x20,
  0x20,0x20,0x20,0x20,0x20,0x20,0x20,0x4c,0x61,0x79,0x6f,0x75,0x74,0x2e,0x70,0x72,
  0x65,0x66,0x65,0x72,0x72,0x65,0x64,0x57,0x69,0x64,0x74,0x68,0x3a,0x20,0x31,0x36,
  0xa,0x20,0x20,0x20,0x20,0x20,0x20,0x20,0x20,0x20,0x20,0x20,0x20,0x4c,0x61,0x79,
  0x6f,0x75,0x74,0x2e,0x70,0x72,0x65,0x66,0x65,0x72,0x72,0x65,0x64,0x48,0x65,0x69,
  0x67,0x68,0x74,0x3a,0x20,0x31,0x36,0xa,0x20,0x20,0x20,0x20,0x20,0x20,0x20,0x20,
  0x20,0x20,0x20,0x20,0x66,0x69,0x6c,0x6c,0x4d,0x6f,0x64,0x65,0x3a,0x20,0x49,0x6d,
  0x61,0x67,0x65,0x2e,0x50,0x72,0x65,0x73,0x65,0x72,0x76,0x65,0x41,0x73,0x70,0x65,
  0x63,0x74,0x46,0x69,0x74,0xa,0x20,0x20,0x20,0x20,0x20,0x20,0x20,0x20,0x7d,0xa,
  0x20,0x20,0x20,0x20,0x20,0x20,0x20,0x20,0x54,0x65,0x78,0x74,0x20,0x7b,0xa,0x20,
  0x20,0x20,0x20,0x20,0x20,0x20,0x20,0x20,0x20,0x20,0x20,0x74,0x65,0x78,0x74,0x3a,
  0x20,0x53,0x74,0x79,0x6c,0x65,0x2e,0x73,0x74,0x72,0x28,0x69,0x74,0x65,0x6d,0x2e,
  0x70,0x72,0x6f,0x70,0x73,0x2c,0x20,0x22,0x74,0x65,0x78,0x74,0x22,0x2c,0x20,0x22,
  0x22,0x29,0xa,0x20,0x20,0x20,0x20,0x20,0x20,0x20,0x20,0x20,0x20,0x20,0x20,0x63,
  0x6f,0x6c,0x6f,0x72,0x3a,0x20,0x21,0x69,0x74,0x65,0x6d,0x2e,0x65,0x6e,0x61,0x62,
  0x6c,0x65,0x64,0x20,0x3f,0x20,0x22,0x23,0x61,0x31,0x61,0x31,0x61,0x61,0x22,0xa,
  0x20,0x20,0x20,0x20,0x20,0x20,0x20,0x20,0x20,0x20,0x20,0x20,0x20,0x20,0x20,0x20,
  0x20,0x20,0x20,0x3a,0x20,0x69,0x74,0x65,0x6d,0x2e,0x64,0x65,0x73,0x74,0x72,0x75,
  0x63,0x74,0x69,0x76,0x65,0x20,0x3f,0x20,0x22,0x23,0x64,0x63,0x32,0x36,0x32,0x36,
  0x22,0x20,0x3a,0x20,0x22,0x23,0x31,0x38,0x31,0x38,0x31,0x62,0x22,0xa,0x20,0x20,
  0x20,0x20,0x20,0x20,0x20,0x20,0x20,0x20,0x20,0x20,0x66,0x6f,0x6e,0x74,0x2e,0x70,
  0x69,0x78,0x65,0x6c,0x53,0x69,0x7a,0x65,0x3a,0x20,0x31,0x33,0xa,0x20,0x20,0x20,
  0x20,0x20,0x20,0x20,0x20,0x20,0x20,0x20,0x20,0x4c,0x61,0x79,0x6f,0x75,0x74,0x2e,
  0x66,0x69,0x6c,0x6c,0x57,0x69,0x64,0x74,0x68,0x3a,0x20,0x74,0x72,0x75,0x65,0xa,
  0x20,0x20,0x20,0x20,0x20,0x20,0x20,0x20,0x20,0x20,0x20,0x20,0x65,0x6c,0x69,0x64,
  0x65,0x3a,0x20,0x54,0x65,0x78,0x74,0x2e,0x45,0x6c,0x69,0x64,0x65,0x52,0x69,0x67,
  0x68,0x74,0xa,0x20,0x20,0x20,0x20,0x20,0x20,0x20,0x20,0x7d,0xa,0x20,0x20,0x20,
  0x20,0x20,0x20,0x20,0x20,0x49,0x6d,0x61,0x67,0x65,0x20,0x7b,0xa,0x20,0x20,0x20,
  0x20,0x20,0x20,0x20,0x20,0x20,0x20,0x20,0x20,0x76,0x69,0x73,0x69,0x62,0x6c,0x65,
  0x3a,0x20,0x69,0x74,0x65,0x6d,0x2e,0x73,0x65,0x6c,0x65,0x63,0x74,0x65,0x64,0xa,
  0x20,0x20,0x20,0x20,0x20,0x20,0x20,0x20,0x20,0x20,0x20,0x20,0x73,0x6f,0x75,0x72,
  0x63,0x65,0x3a,0x20,0x22,0x69,0x63,0x6f,0x6e,0x73,0x2f,0x63,0x68,0x65,0x63,0x6b,
  0x2e,0x73,0x76,0x67,0x22,0xa,0x20,0x20,0x20,0x20,0x20,0x20,0x20,0x20,0x20,0x20,
  0x20,0x20,0x4c,0x61,0x79,0x6f,0x75,0x74,0x2e,0x70,0x72,0x65,0x66,0x65,0x72,0x72,
  0x65,0x64,0x57,0x69,0x64,0x74,0x68,0x3a,0x20,0x31,0x34,0xa,0x20,0x20,0x20,0x20,
  0x20,0x20,0x20,0x20,0x20,0x20,0x20,0x20,0x4c,0x61,0x79,0x6f,0x75,0x74,0x2e,0x70,
  0x72,0x65,0x66,0x65,0x72,0x72,0x65,0x64,0x48,0x65,0x69,0x67,0x68,0x74,0x3a,0x20,
  0x31,0x34,0xa,0x20,0x20,0x20,0x20,0x20,0x20,0x20,0x20,0x7d,0xa,0x20,0x20,0x20,
  0x20,0x20,0x20,0x20,0x20,0x54,0x65,0x78,0x74,0x20,0x7b,0xa,0x20,0x20,0x20,0x20,
  0x20,0x20,0x20,0x20,0x20,0x20,0x20,0x20,0x76,0x69,0x73,0x69,0x62,0x6c,0x65,0x3a,
  0x20,0x69,0x74,0x65,0x6d,0x2e,0x73,0x75,0x62,0x6d,0x65,0x6e,0x75,0x20,0x21,0x3d,
  0x3d,0x20,0x6e,0x75,0x6c,0x6c,0xa,0x20,0x20,0x20,0x20,0x20,0x20,0x20,0x20,0x20,
  0x20,0x20,0x20,0x74,0x65,0x78,0x74,0x3a,0x20,0x22,0xe2,0x96,0xb8,0x22,0xa,0x20,
  0x20,0x20,0x20,0x20,0x20,0x20,0x20,0x20,0x20,0x20,0x20,0x63,0x6f,0x6c,0x6f,0x72,
  0x3a,0x20,0x22,0x23,0x37,0x31,0x37,0x31,0x37,0x61,0x22,0xa,0x20,0x20,0x20,0x20,
  0x20,0x20,0x20,0x20,0x7d,0xa,0x20,0x20,0x20,0x20,0x7d,0xa,0xa,0x20,0x20,0x20,
  0x20,0x62,0x61,0x63,0x6b,0x67,0x72,0x6f,0x75,0x6e,0x64,0x3a,0x20,0x52,0x65,0x63,
  0x74,0x61,0x6e,0x67,0x6c,0x65,0x20,0x7b,0xa,0x20,0x20,0x20,0x20,0x20,0x20,0x20,
  0x20,0x63,0x6f,0x6c,0x6f,0x72,0x3a,0x20,0x69,0x74,0x65,0x6d,0x2e,0x64,0x6f,0x77,
  0x6e,0x20,0x7c,0x7c,0x20,0x69,0x74,0x65,0x6d,0x2e,0x68,0x6f,0x76,0x65,0x72,0x65,
  0x64,0x20,0x3f,0x20,0x22,0x23,0x66,0x34,0x66,0x34,0x66,0x35,0x22,0x20,0x3a,0x20,
  0x22,0x74,0x72,0x61,0x6e,0x73,0x70,0x61,0x72,0x65,0x6e,0x74,0x22,0xa,0x20,0x20,
  0x20,0x20,0x20,0x20,0x20,0x20,0x72,0x61,0x64,0x69,0x75,0x73,0x3a,0x20,0x34,0xa,
  0x20,0x20,0x20,0x20,0x7d,0xa,0xa,0x20,0x20,0x20,0x20,0x6f,0x6e,0x43,0x6c,0x69,
  0x63,0x6b,0x65,0x64,0x3a,0x20,0x7b,0xa,0x20,0x20,0x20,0x20,0x20,0x20,0x20,0x20,
  0x69,0x66,0x20,0x28,0x69,0x74,0x65,0x6d,0x2e,0x73,0x75,0x62,0x6d,0x65,0x6e,0x75,
  0x20,0x21,0x3d,0x3d,0x20,0x6e,0x75,0x6c,0x6c,0x29,0x20,0x7b,0xa,0x20,0x20,0x20,
  0x20,0x20,0x20,0x20,0x20,0x20,0x20,0x20,0x20,0x73,0x75,0x62,0x50,0x6f,0x70,0x75,
  0x70,0x2e,0x6f,0x70,0x65,0x6e,0x28,0x29,0xa,0x20,0x20,0x20,0x20,0x20,0x20,0x20,
  0x20,0x7d,0x20,0x65,0x6c,0x73,0x65,0x20,0x7b,0xa,0x20,0x20,0x20,0x20,0x20,0x20,
  0x20,0x20,0x20,0x20,0x20,0x20,0x69,0x74,0x65,0x6d,0x2e,0x6e,0x6f,0x64,0x65,0x2e,
  0x70,0x72,0x65,0x73,0x73,0x28,0x29,0xa,0x20,0x20,0x20,0x20,0x20,0x20,0x20,0x20,
  0x7d,0xa,0x20,0x20,0x20,0x20,0x7d,0xa,0xa,0x20,0x20,0x20,0x20,0x50,0x6f,0x70,
  0x75,0x70,0x20,0x7b,0xa,0x20,0x20,0x20,0x20,0x20,0x20,0x20,0x20,0x69,0x64,0x3a,
  0x20,0x73,0x75,0x62,0x50,0x6f,0x70,0x75,0x70,0xa,0x20,0x20,0x20,0x20,0x20,0x20,
  0x20,0x20,0x78,0x3a,0x20,0x70,0x61,0x72,0x65,0x6e,0x74,0x2e,0x77,0x69,0x64,0x74,
  0x68,0x20,0x2d,0x20,0x34,0xa,0x20,0x20,0x20,0x20,0x20,0x20,0x20,0x20,0x79,0x3a,
  0x20,0x2d,0x34,0xa,0x20,0x20,0x20,0x20,0x20,0x20,0x20,0x20,0x70,0x61,0x64,0x64,
  0x69,0x6e,0x67,0x3a,0x20,0x34,0xa,0x20,0x20,0x20,0x20,0x20,0x20,0x20,0x20,0x63,
  0x6c,0x6f,0x73,0x65,0x50,0x6f,0x6c,0x69,0x63,0x79,0x3a,0x20,0x50,0x6f,0x70,0x75,
  0x70,0x2e,0x43,0x6c,0x6f,0x73,0x65,0x4f,0x6e,0x45,0x73,0x63,0x61,0x70,0x65,0x20,
  0x7c,0x20,0x50,0x6f,0x70,0x75,0x70,0x2e,0x43,0x6c,0x6f,0x73,0x65,0x4f,0x6e,0x50,
  0x72,0x65,0x73,0x73,0x4f,0x75,0x74,0x73,0x69,0x64,0x65,0xa,0xa,0x20,0x20,0x20,
  0x20,0x20,0x20,0x20,0x20,0x62,0x61,0x63,0x6b,0x67,0x72,0x6f,0x75,0x6e,0x64,0x3a,
  0x20,0x52,0x65,0x63,0x74,0x61,0x6e,0x67,0x6c,0x65,0x20,0x7b,0xa,0x20,0x20,0x20,
  0x20,0x20,0x20,0x20,0x20,0x20,0x20,0x20,0x20,0x72,0x61,0x64,0x69,0x75,0x73,0x3a,
  0x20,0x38,0xa,0x20,0x20,0x20,0x20,0x20,0x20,0x20,0x20,0x20,0x20,0x20,0x20,0x63,
  0x6f,0x6c,0x6f,0x72,0x3a,0x20,0x22,0x23,0x66,0x66,0x66,0x66,0x66,0x66,0x22,0xa,
  0x20,0x20,0x20,0x20,0x20,0x20,0x20,0x20,0x20,0x20,0x20,0x20,0x62,0x6f,0x72,0x64,
  0x65,0x72,0x2e,0x63,0x6f,0x6c,0x6f,0x72,0x3a,0x20,0x22,0x23,0x65,0x34,0x65,0x34,
  0x65,0x37,0x22,0xa,0x20,0x20,0x20,0x20,0x20,0x20,0x20,0x20,0x20,0x20,0x20,0x20,
  0x62,0x6f,0x72,0x64,0x65,0x72,0x2e,0x77,0x69,0x64,0x74,0x68,0x3a,0x20,0x31,0xa,
  0x20,0x20,0x20,0x20,0x20,0x20,0x20,0x20,0x7d,0xa,0xa,0x20,0x20,0x20,0x20,0x20,
  0x20,0x20,0x20,0x63,0x6f,0x6e,0x74,0x65,0x6e,0x74,0x49,0x74,0x65,0x6d,0x3a,0x20,
  0x43,0x6f,0x6c,0x75,0x6d,0x6e,0x4c,0x61,0x79,0x6f,0x75,0x74,0x20,0x7b,0xa,0x20,
  0x20,0x20,0x20,0x20,0x20,0x20,0x20,0x20,0x20,0x20,0x20,0x73,0x70,0x61,0x63,0x69,
  0x6e,0x67,0x3a,0x20,0x30,0xa,0x20,0x20,0x20,0x20,0x20,0x20,0x20,0x20,0x20,0x20,
  0x20,0x20,0x52,0x65,0x70,0x65,0x61,0x74,0x65,0x72,0x20,0x7b,0xa,0x20,0x20,0x20,
  0x20,0x20,0x20,0x20,0x20,0x20,0x20,0x20,0x20,0x20,0x20,0x20,0x20,0x6d,0x6f,0x64,
  0x65,0x6c,0x3a,0x20,0x69,0x74,0x65,0x6d,0x2e,0x73,0x75,0x62,0x6d,0x65,0x6e,0x75,
  0x20,0x3f,0x20,0x69,0x74,0x65,0x6d,0x2e,0x73,0x75,0x62,0x6d,0x65,0x6e,0x75,0x2e,
  0x63,0x68,0x69,0x6c,0x64,0x72,0x65,0x6e,0x20,0x3a,0x20,0x5b,0x5d,0xa,0x20,0x20,
  0x20,0x20,0x20,0x20,0x20,0x20,0x20,0x20,0x20,0x20,0x20,0x20,0x20,0x20,0x64,0x65,
  0x6c,0x65,0x67,0x61,0x74,0x65,0x3a,0x20,0x4c,0x75,0x69,0x4e,0x6f,0x64,0x65,0x56,
  0x69,0x65,0x77,0x20,0x7b,0xa,0x20,0x20,0x20,0x20,0x20,0x20,0x20,0x20,0x20,0x20,
  0x20,0x20,0x72,0x65,0x71,0x75,0x69,0x72,0x65,0x64,0x20,0x70,0x72,0x6f,0x70,0x65,
  0x72,0x74,0x79,0x20,0x76,0x61,0x72,0x20,0x6d,0x6f,0x64,0x65,0x6c,0x44,0x61,0x74,
  0x61,0xa,0x20,0x20,0x20,0x20,0x20,0x20,0x20,0x20,0x20,0x20,0x20,0x20,0x6e,0x6f,
  0x64,0x65,0x3a,0x20,0x6d,0x6f,0x64,0x65,0x6c,0x44,0x61,0x74,0x61,0x20,0x7d,0xa,
  0x20,0x20,0x20,0x20,0x20,0x20,0x20,0x20,0x20,0x20,0x20,0x20,0x7d,0xa,0x20,0x20,
  0x20,0x20,0x20,0x20,0x20,0x20,0x7d,0xa,0x20,0x20,0x20,0x20,0x7d,0xa,0x7d,0xa,
  
    // /home/ubuntu/repos/lui/platform/qt/qml/LuiSheet.qml
  0x0,0x0,0x8,0x98,
  0x69,
  0x6d,0x70,0x6f,0x72,0x74,0x20,0x51,0x74,0x51,0x75,0x69,0x63,0x6b,0xa,0x69,0x6d,
  0x70,0x6f,0x72,0x74,0x20,0x51,0x74,0x51,0x75,0x69,0x63,0x6b,0x2e,0x43,0x6f,0x6e,
  0x74,0x72,0x6f,0x6c,0x73,0xa,0x69,0x6d,0x70,0x6f,0x72,0x74,0x20,0x51,0x74,0x51,
  0x75,0x69,0x63,0x6b,0x2e,0x4c,0x61,0x79,0x6f,0x75,0x74,0x73,0xa,0x69,0x6d,0x70,
  0x6f,0x72,0x74,0x20,0x22,0x4c,0x75,0x69,0x53,0x74,0x79,0x6c,0x65,0x2e,0x6a,0x73,
  0x22,0x20,0x61,0x73,0x20,0x53,0x74,0x79,0x6c,0x65,0xa,0xa,0x2f,0x2f,0x20,0x57,
  0x69,0x72,0x65,0x20,0x6b,0x69,0x6e,0x64,0x3a,0x20,0x73,0x68,0x65,0x65,0x74,0x20,
  0xe2,0x80,0x94,0x20,0x62,0x6f,0x74,0x74,0x6f,0x6d,0x2d,0x73,0x68,0x65,0x65,0x74,
  0x20,0x6d,0x6f,0x64,0x61,0x6c,0x20,0x73,0x75,0x72,0x66,0x61,0x63,0x65,0x2e,0xa,
  0x49,0x74,0x65,0x6d,0x20,0x7b,0xa,0x20,0x20,0x20,0x20,0x69,0x64,0x3a,0x20,0x68,
  0x6f,0x73,0x74,0xa,0x20,0x20,0x20,0x20,0x72,0x65,0x71,0x75,0x69,0x72,0x65,0x64,
  0x20,0x70,0x72,0x6f,0x70,0x65,0x72,0x74,0x79,0x20,0x76,0x61,0x72,0x20,0x6e,0x6f,
  0x64,0x65,0xa,0x20,0x20,0x20,0x20,0x72,0x65,0x61,0x64,0x6f,0x6e,0x6c,0x79,0x20,
  0x70,0x72,0x6f,0x70,0x65,0x72,0x74,0x79,0x20,0x76,0x61,0x72,0x20,0x70,0x72,0x6f,
  0x70,0x73,0x3a,0x20,0x6e,0x6f,0x64,0x65,0x20,0x3f,0x20,0x6e,0x6f,0x64,0x65,0x2e,
  0x70,0x72,0x6f,0x70,0x65,0x72,0x74,0x69,0x65,0x73,0x20,0x3a,0x20,0x28,0x7b,0x7d,
  0x29,0xa,0xa,0x20,0x20,0x20,0x20,0x69,0x6d,0x70,0x6c,0x69,0x63,0x69,0x74,0x57,
  0x69,0x64,0x74,0x68,0x3a,0x20,0x30,0xa,0x20,0x20,0x20,0x20,0x69,0x6d,0x70,0x6c,
  0x69,0x63,0x69,0x74,0x48,0x65,0x69,0x67,0x68,0x74,0x3a,0x20,0x30,0xa,0xa,0x20,
  0x20,0x20,0x20,0x44,0x72,0x61,0x77,0x65,0x72,0x20,0x7b,0xa,0x20,0x20,0x20,0x20,
  0x20,0x20,0x20,0x20,0x69,0x64,0x3a,0x20,0x73,0x68,0x65,0x65,0x74,0xa,0x20,0x20,
  0x20,0x20,0x20,0x20,0x20,0x20,0x65,0x64,0x67,0x65,0x3a,0x20,0x51,0x74,0x2e,0x42,
  0x6f,0x74,0x74,0x6f,0x6d,0x45,0x64,0x67,0x65,0xa,0x20,0x20,0x20,0x20,0x20,0x20,
  0x20,0x20,0x6d,0x6f,0x64,0x61,0x6c,0x3a,0x20,0x74,0x72,0x75,0x65,0xa,0x20,0x20,
  0x20,0x20,0x20,0x20,0x20,0x20,0x69,0x6e,0x74,0x65,0x72,0x61,0x63,0x74,0x69,0x76,
  0x65,0x3a,0x20,0x74,0x72,0x75,0x65,0xa,0x20,0x20,0x20,0x20,0x20,0x20,0x20,0x20,
  0x77,0x69,0x64,0x74,0x68,0x3a,0x20,0x4f,0x76,0x65,0x72,0x6c,0x61,0x79,0x2e,0x6f,
  0x76,0x65,0x72,0x6c,0x61,0x79,0x20,0x3f,0x20,0x4f,0x76,0x65,0x72,0x6c,0x61,0x79,
  0x2e,0x6f,0x76,0x65,0x72,0x6c,0x61,0x79,0x2e,0x77,0x69,0x64,0x74,0x68,0x20,0x3a,
  0x20,0x70,0x61,0x72,0x65,0x6e,0x74,0x2e,0x77,0x69,0x64,0x74,0x68,0xa,0x20,0x20,
  0x20,0x20,0x20,0x20,0x20,0x20,0x68,0x65,0x69,0x67,0x68,0x74,0x3a,0x20,0x4d,0x61,
  0x74,0x68,0x2e,0x6d,0x69,0x6e,0x28,0xa,0x20,0x20,0x20,0x20,0x20,0x20,0x20,0x20,
  0x20,0x20,0x20,0x20,0x63,0x6f,0x6e,0x74,0x65,0x6e,0x74,0x43,0x6f,0x6c,0x75,0x6d,
  0x6e,0x2e,0x69,0x6d,0x70,0x6c,0x69,0x63,0x69,0x74,0x48,0x65,0x69,0x67,0x68,0x74,
  0x20,0x2b,0x20,0x33,0x32,0x2c,0xa,0x20,0x20,0x20,0x20,0x20,0x20,0x20,0x20,0x20,
  0x20,0x20,0x20,0x4f,0x76,0x65,0x72,0x6c,0x61,0x79,0x2e,0x6f,0x76,0x65,0x72,0x6c,
  0x61,0x79,0x20,0x3f,0x20,0x4f,0x76,0x65,0x72,0x6c,0x61,0x79,0x2e,0x6f,0x76,0x65,
  0x72,0x6c,0x61,0x79,0x2e,0x68,0x65,0x69,0x67,0x68,0x74,0x20,0x2a,0x20,0x30,0x2e,
  0x39,0x20,0x3a,0x20,0x34,0x30,0x30,0x29,0xa,0x20,0x20,0x20,0x20,0x20,0x20,0x20,
  0x20,0x6f,0x6e,0x43,0x6c,0x6f,0x73,0x65,0x64,0x3a,0x20,0x69,0x66,0x20,0x28,0x68,
  0x6f,0x73,0x74,0x2e,0x6e,0x6f,0x64,0x65,0x29,0x20,0x68,0x6f,0x73,0x74,0x2e,0x6e,
  0x6f,0x64,0x65,0x2e,0x64,0x69,0x73,0x6d,0x69,0x73,0x73,0x28,0x29,0xa,0xa,0x20,
  0x20,0x20,0x20,0x20,0x20,0x20,0x20,0x43,0x6f,0x6c,0x75,0x6d,0x6e,0x4c,0x61,0x79,
  0x6f,0x75,0x74,0x20,0x7b,0xa,0x20,0x20,0x20,0x20,0x20,0x20,0x20,0x20,0x20,0x20,
  0x20,0x20,0x69,0x64,0x3a,0x20,0x63,0x6f,0x6e,0x74,0x65,0x6e,0x74,0x43,0x6f,0x6c,
  0x75,0x6d,0x6e,0xa,0x20,0x20,0x20,0x20,0x20,0x20,0x20,0x20,0x20,0x20,0x20,0x20,
  0x77,0x69,0x64,0x74,0x68,0x3a,0x20,0x73,0x68,0x65,0x65,0x74,0x2e,0x77,0x69,0x64,
  0x74,0x68,0xa,0x20,0x20,0x20,0x20,0x20,0x20,0x20,0x20,0x20,0x20,0x20,0x20,0x73,
  0x70,0x61,0x63,0x69,0x6e,0x67,0x3a,0x20,0x38,0xa,0xa,0x20,0x20,0x20,0x20,0x20,
  0x20,0x20,0x20,0x20,0x20,0x20,0x20,0x52,0x65,0x63,0x74,0x61,0x6e,0x67,0x6c,0x65,
  0x20,0x7b,0xa,0x20,0x20,0x20,0x20,0x20,0x20,0x20,0x20,0x20,0x20,0x20,0x20,0x20,
  0x20,0x20,0x20,0x4c,0x61,0x79,0x6f,0x75,0x74,0x2e,0x61,0x6c,0x69,0x67,0x6e,0x6d,
  0x65,0x6e,0x74,0x3a,0x20,0x51,0x74,0x2e,0x41,0x6c,0x69,0x67,0x6e,0x48,0x43,0x65,
  0x6e,0x74,0x65,0x72,0xa,0x20,0x20,0x20,0x20,0x20,0x20,0x20,0x20,0x20,0x20,0x20,
  0x20,0x20,0x20,0x20,0x20,0x4c,0x61,0x79,0x6f,0x75,0x74,0x2e,0x74,0x6f,0x70,0x4d,
  0x61,0x72,0x67,0x69,0x6e,0x3a,0x20,0x38,0xa,0x20,0x20,0x20,0x20,0x20,0x20,0x20,
  0x20,0x20,0x20,0x20,0x20,0x20,0x20,0x20,0x20,0x77,0x69,0x64,0x74,0x68,0x3a,0x20,
  0x33,0x36,0xa,0x20,0x20,0x20,0x20,0x20,0x20,0x20,0x20,0x20,0x20,0x20,0x20,0x20,
  0x20,0x20,0x20,0x68,0x65,0x69,0x67,0x68,0x74,0x3a,0x20,0x34,0xa,0x20,0x20,0x20,
  0x20,0x20,0x20,0x20,0x20,0x20,0x20,0x20,0x20,0x20,0x20,0x20,0x20,0x72,0x61,0x64,
  0x69,0x75,0x73,0x3a,0x20,0x32,0xa,0x20,0x20,0x20,0x20,0x20,0x20,0x20,0x20,0x20,
  0x20,0x20,0x20,0x20,0x20,0x20,0x20,0x63,0x6f,0x6c,0x6f,0x72,0x3a,0x20,0x22,0x23,
  0x64,0x34,0x64,0x34,0x64,0x38,0x22,0xa,0x20,0x20,0x20,0x20,0x20,0x20,0x20,0x20,
  0x20,0x20,0x20,0x20,0x7d,0xa,0xa,0x20,0x20,0x20,0x20,0x20,0x20,0x20,0x20,0x20,
  0x20,0x20,0x20,0x54,0x65,0x78,0x74,0x20,0x7b,0xa,0x20,0x20,0x20,0x20,0x20,0x20,
  0x20,0x20,0x20,0x20,0x20,0x20,0x20,0x20,0x20,0x20,0x76,0x69,0x73,0x69,0x62,0x6c,
  0x65,0x3a,0x20,0x53,0x74,0x79,0x6c,0x65,0x2e,0x73,0x74,0x72,0x28,0x68,0x6f,0x73,
  0x74,0x2e,0x70,0x72,0x6f,0x70,0x73,0x2c,0x20,0x22,0x74,0x65,0x78,0x74,0x22,0x2c,
  0x20,0x22,0x22,0x29,0x20,0x21,0x3d,0x3d,0x20,0x22,0x22,0xa,0x20,0x20,0x20,0x20,
  0x20,0x20,0x20,0x20,0x20,0x20,0x20,0x20,0x20,0x20,0x20,0x20,0x74,0x65,0x78,0x74,
  0x3a,0x20,0x53,0x74,0x79,0x6c,0x65,0x2e,0x73,0x74,0x72,0x28,0x68,0x6f,0x73,0x74,
  0x2e,0x70,0x72,0x6f,0x70,0x73,0x2c,0x20,0x22,0x74,0x65,0x78,0x74,0x22,0x2c,0x20,
  0x22,0x22,0x29,0xa,0x20,0x20,0x20,0x20,0x20,0x20,0x20,0x20,0x20,0x20,0x20,0x20,
  0x20,0x20,0x20,0x20,0x63,0x6f,0x6c,0x6f,0x72,0x3a,0x20,0x22,0x23,0x31,0x38,0x31,
  0x38,0x31,0x62,0x22,0xa,0x20,0x20,0x20,0x20,0x20,0x20,0x20,0x20,0x20,0x20,0x20,
  0x20,0x20,0x20,0x20,0x20,0x66,0x6f,0x6e,0x74,0x2e,0x70,0x69,0x78,0x65,0x6c,0x53,
  0x69,0x7a,0x65,0x3a,0x20,0x31,0x36,0xa,0x20,0x20,0x20,0x20,0x20,0x20,0x20,0x20,
  0x20,0x20,0x20,0x20,0x20,0x20,0x20,0x20,0x66,0x6f,0x6e,0x74,0x2e,0x77,0x65,0x69,
  0x67,0x68,0x74,0x3a,0x20,0x46,0x6f,0x6e,0x74,0x2e,0x44,0x65,0x6d,0x69,0x42,0x6f,
  0x6c,0x64,0xa,0x20,0x20,0x20,0x20,0x20,0x20,0x20,0x20,0x20,0x20,0x20,0x20,0x20,
  0x20,0x20,0x20,0x4c,0x61,0x79,0x6f,0x75,0x74,0x2e,0x66,0x69,0x6c,0x6c,0x57,0x69,
  0x64,0x74,0x68,0x3a,0x20,0x74,0x72,0x75,0x65,0xa,0x20,0x20,0x20,0x20,0x20,0x20,
  0x20,0x20,0x20,0x20,0x20,0x20,0x20,0x20,0x20,0x20,0x4c,0x61,0x79,0x6f,0x75,0x74,
  0x2e,0x6c,0x65,0x66,0x74,0x4d,0x61,0x72,0x67,0x69,0x6e,0x3a,0x20,0x31,0x36,0xa,
  0x20,0x20,0x20,0x20,0x20,0x20,0x20,0x20,0x20,0x20,0x20,0x20,0x20,0x20,0x20,0x20,
  0x4c,0x61,0x79,0x6f,0x75,0x74,0x2e,0x72,0x69,0x67,0x68,0x74,0x4d,0x61,0x72,0x67,
  0x69,0x6e,0x3a,0x20,0x31,0x36,0xa,0x20,0x20,0x20,0x20,0x20,0x20,0x20,0x20,0x20,
  0x20,0x20,0x20,0x7d,0xa,0xa,0x20,0x20,0x20,0x20,0x20,0x20,0x20,0x20,0x20,0x20,
  0x20,0x20,0x52,0x65,0x70,0x65,0x61,0x74,0x65,0x72,0x20,0x7b,0xa,0x20,0x20,0x20,
  0x20,0x20,0x20,0x20,0x20,0x20,0x20,0x20,0x20,0x20,0x20,0x20,0x20,0x6d,0x6f,0x64,
  0x65,0x6c,0x3a,0x20,0x68,0x6f,0x73,0x74,0x2e,0x6e,0x6f,0x64,0x65,0x20,0x3f,0x20,
  0x68,0x6f,0x73,0x74,0x2e,0x6e,0x6f,0x64,0x65,0x2e,0x63,0x68,0x69,0x6c,0x64,0x72,
  0x65,0x6e,0x20,0x3a,0x20,0x5b,0x5d,0xa,0x20,0x20,0x20,0x20,0x20,0x20,0x20,0x20,
  0x20,0x20,0x20,0x20,0x20,0x20,0x20,0x20,0x64,0x65,0x6c,0x65,0x67,0x61,0x74,0x65,
  0x3a,0x20,0x4c,0x75,0x69,0x4e,0x6f,0x64,0x65,0x56,0x69,0x65,0x77,0x20,0x7b,0xa,
  0x20,0x20,0x20,0x20,0x20,0x20,0x20,0x20,0x20,0x20,0x20,0x20,0x72,0x65,0x71,0x75,
  0x69,0x72,0x65,0x64,0x20,0x70,0x72,0x6f,0x70,0x65,0x72,0x74,0x79,0x20,0x76,0x61,
  0x72,0x20,0x6d,0x6f,0x64,0x65,0x6c,0x44,0x61,0x74,0x61,0xa,0x20,0x20,0x20,0x20,
  0x20,0x20,0x20,0x20,0x20,0x20,0x20,0x20,0x20,0x20,0x20,0x20,0x20,0x20,0x20,0x20,
  0x6e,0x6f,0x64,0x65,0x3a,0x20,0x6d,0x6f,0x64,0x65,0x6c,0x44,0x61,0x74,0x61,0xa,
  0x20,0x20,0x20,0x20,0x20,0x20,0x20,0x20,0x20,0x20,0x20,0x20,0x20,0x20,0x20,0x20,
  0x20,0x20,0x20,0x20,0x4c,0x61,0x79,0x6f,0x75,0x74,0x2e,0x66,0x69,0x6c,0x6c,0x57,
  0x69,0x64,0x74,0x68,0x3a,0x20,0x74,0x72,0x75,0x65,0xa,0x20,0x20,0x20,0x20,0x20,
  0x20,0x20,0x20,0x20,0x20,0x20,0x20,0x20,0x20,0x20,0x20,0x20,0x20,0x20,0x20,0x4c,
  0x61,0x79,0x6f,0x75,0x74,0x2e,0x6c,0x65,0x66,0x74,0x4d,0x61,0x72,0x67,0x69,0x6e,
  0x3a,0x20,0x31,0x36,0xa,0x20,0x20,0x20,0x20,0x20,0x20,0x20,0x20,0x20,0x20,0x20,
  0x20,0x20,0x20,0x20,0x20,0x20,0x20,0x20,0x20,0x4c,0x61,0x79,0x6f,0x75,0x74,0x2e,
  0x72,0x69,0x67,0x68,0x74,0x4d,0x61,0x72,0x67,0x69,0x6e,0x3a,0x20,0x31,0x36,0xa,
  0x20,0x20,0x20,0x20,0x20,0x20,0x20,0x20,0x20,0x20,0x20,0x20,0x20,0x20,0x20,0x20,
  0x7d,0xa,0x20,0x20,0x20,0x20,0x20,0x20,0x20,0x20,0x20,0x20,0x20,0x20,0x7d,0xa,
  0xa,0x20,0x20,0x20,0x20,0x20,0x20,0x20,0x20,0x20,0x20,0x20,0x20,0x49,0x74,0x65,
  0x6d,0x20,0x7b,0x20,0x69,0x6d,0x70,0x6c,0x69,0x63,0x69,0x74,0x48,0x65,0x69,0x67,
  0x68,0x74,0x3a,0x20,0x31,0x36,0x20,0x7d,0xa,0x20,0x20,0x20,0x20,0x20,0x20,0x20,
  0x20,0x7d,0xa,0xa,0x20,0x20,0x20,0x20,0x20,0x20,0x20,0x20,0x62,0x61,0x63,0x6b,
  0x67,0x72,0x6f,0x75,0x6e,0x64,0x3a,0x20,0x52,0x65,0x63,0x74,0x61,0x6e,0x67,0x6c,
  0x65,0x20,0x7b,0xa,0x20,0x20,0x20,0x20,0x20,0x20,0x20,0x20,0x20,0x20,0x20,0x20,
  0x63,0x6f,0x6c,0x6f,0x72,0x3a,0x20,0x22,0x23,0x66,0x66,0x66,0x66,0x66,0x66,0x22,
  0xa,0x20,0x20,0x20,0x20,0x20,0x20,0x20,0x20,0x20,0x20,0x20,0x20,0x62,0x6f,0x72,
  0x64,0x65,0x72,0x2e,0x63,0x6f,0x6c,0x6f,0x72,0x3a,0x20,0x22,0x23,0x65,0x34,0x65,
  0x34,0x65,0x37,0x22,0xa,0x20,0x20,0x20,0x20,0x20,0x20,0x20,0x20,0x20,0x20,0x20,
  0x20,0x62,0x6f,0x72,0x64,0x65,0x72,0x2e,0x77,0x69,0x64,0x74,0x68,0x3a,0x20,0x31,
  0xa,0x20,0x20,0x20,0x20,0x20,0x20,0x20,0x20,0x20,0x20,0x20,0x20,0x72,0x61,0x64,
  0x69,0x75,0x73,0x3a,0x20,0x31,0x32,0xa,0x20,0x20,0x20,0x20,0x20,0x20,0x20,0x20,
  0x20,0x20,0x20,0x20,0x52,0x65,0x63,0x74,0x61,0x6e,0x67,0x6c,0x65,0x20,0x7b,0xa,
  0x20,0x20,0x20,0x20,0x20,0x20,0x20,0x20,0x20,0x20,0x20,0x20,0x20,0x20,0x20,0x20,
  0x61,0x6e,0x63,0x68,0x6f,0x72,0x73,0x2e,0x62,0x6f,0x74,0x74,0x6f,0x6d,0x3a,0x20,
  0x70,0x61,0x72,0x65,0x6e,0x74,0x2e,0x62,0x6f,0x74,0x74,0x6f,0x6d,0xa,0x20,0x20,
  0x20,0x20,0x20,0x20,0x20,0x20,0x20,0x20,0x20,0x20,0x20,0x20,0x20,0x20,0x77,0x69,
  0x64,0x74,0x68,0x3a,0x20,0x70,0x61,0x72,0x65,0x6e,0x74,0x2e,0x77,0x69,0x64,0x74,
  0x68,0xa,0x20,0x20,0x20,0x20,0x20,0x20,0x20,0x20,0x20,0x20,0x20,0x20,0x20,0x20,
  0x20,0x20,0x68,0x65,0x69,0x67,0x68,0x74,0x3a,0x20,0x31,0x32,0xa,0x20,0x20,0x20,
  0x20,0x20,0x20,0x20,0x20,0x20,0x20,0x20,0x20,0x20,0x20,0x20,0x20,0x63,0x6f,0x6c,
  0x6f,0x72,0x3a,0x20,0x22,0x23,0x66,0x66,0x66,0x66,0x66,0x66,0x22,0xa,0x20,0x20,
  0x20,0x20,0x20,0x20,0x20,0x20,0x20,0x20,0x20,0x20,0x7d,0xa,0x20,0x20,0x20,0x20,
  0x20,0x20,0x20,0x20,0x7d,0xa,0x20,0x20,0x20,0x20,0x7d,0xa,0xa,0x20,0x20,0x20,
  0x20,0x43,0x6f,0x6d,0x70,0x6f,0x6e,0x65,0x6e,0x74,0x2e,0x6f,0x6e,0x43,0x6f,0x6d,
  0x70,0x6c,0x65,0x74,0x65,0x64,0x3a,0x20,0x73,0x68,0x65,0x65,0x74,0x2e,0x6f,0x70,
  0x65,0x6e,0x28,0x29,0xa,0x7d,0xa,
    // /home/ubuntu/repos/lui/platform/qt/qml/LuiStepper.qml
  0x0,0x0,0x1,0xe8,
  0x69,
  0x6d,0x70,0x6f,0x72,0x74,0x20,0x51,0x74,0x51,0x75,0x69,0x63,0x6b,0xa,0x69,0x6d,
  0x70,0x6f,0x72,0x74,0x20,0x51,0x74,0x51,0x75,0x69,0x63,0x6b,0x2e,0x4c,0x61,0x79,
  0x6f,0x75,0x74,0x73,0xa,0x69,0x6d,0x70,0x6f,0x72,0x74,0x20,0x22,0x4c,0x75,0x69,
  0x53,0x74,0x79,0x6c,0x65,0x2e,0x6a,0x73,0x22,0x20,0x61,0x73,0x20,0x53,0x74,0x79,
  0x6c,0x65,0xa,0xa,0x2f,0x2f,0x20,0x57,0x69,0x72,0x65,0x20,0x6b,0x69,0x6e,0x64,
  0x3a,0x20,0x73,0x74,0x65,0x70,0x70,0x65,0x72,0x20,0xe2,0x80,0x94,0x20,0x68,0x6f,
  0x72,0x69,0x7a,0x6f,0x6e,0x74,0x61,0x6c,0x20,0x72,0x6f,0x77,0x20,0x6f,0x66,0x20,
  0x73,0x74,0x65,0x70,0x20,0x63,0x68,0x69,0x6c,0x64,0x72,0x65,0x6e,0x3b,0x20,0x22,
  0x61,0x63,0x74,0x69,0x76,0x65,0x22,0x20,0x6d,0x61,0x72,0x6b,0x73,0x20,0x74,0x68,
  0x65,0xa,0x2f,0x2f,0x20,0x63,0x75,0x72,0x72,0x65,0x6e,0x74,0x20,0x73,0x74,0x65,
  0x70,0x20,0x69,0x6e,0x64,0x65,0x78,0x2e,0xa,0x52,0x6f,0x77,0x4c,0x61,0x79,0x6f,
  0x75,0x74,0x20,0x7b,0xa,0x20,0x20,0x20,0x20,0x72,0x65,0x71,0x75,0x69,0x72,0x65,
  0x64,0x20,0x70,0x72,0x6f,0x70,0x65,0x72,0x74,0x79,0x20,0x76,0x61,0x72,0x20,0x6e,
  0x6f,0x64,0x65,0xa,0x20,0x20,0x20,0x20,0x72,0x65,0x61,0x64,0x6f,0x6e,0x6c,0x79,
  0x20,0x70,0x72,0x6f,0x70,0x65,0x72,0x74,0x79,0x20,0x76,0x61,0x72,0x20,0x70,0x72,
  0x6f,0x70,0x73,0x3a,0x20,0x6e,0x6f,0x64,0x65,0x20,0x3f,0x20,0x6e,0x6f,0x64,0x65,
  0x2e,0x70,0x72,0x6f,0x70,0x65,0x72,0x74,0x69,0x65,0x73,0x20,0x3a,0x20,0x28,0x7b,
  0x7d,0x29,0xa,0xa,0x20,0x20,0x20,0x20,0x73,0x70,0x61,0x63,0x69,0x6e,0x67,0x3a,
  0x20,0x53,0x74,0x79,0x6c,0x65,0x2e,0x6e,0x75,0x6d,0x28,0x70,0x72,0x6f,0x70,0x73,
  0x2c,0x20,0x22,0x67,0x61,0x70,0x22,0x2c,0x20,0x30,0x29,0xa,0xa,0x20,0x20,0x20,
  0x20,0x52,0x65,0x70,0x65,0x61,0x74,0x65,0x72,0x20,0x7b,0xa,0x20,0x20,0x20,0x20,
  0x20,0x20,0x20,0x20,0x6d,0x6f,0x64,0x65,0x6c,0x3a,0x20,0x6e,0x6f,0x64,0x65,0x20,
  0x3f,0x20,0x6e,0x6f,0x64,0x65,0x2e,0x63,0x68,0x69,0x6c,0x64,0x72,0x65,0x6e,0x20,
  0x3a,0x20,0x5b,0x5d,0xa,0x20,0x20,0x20,0x20,0x20,0x20,0x20,0x20,0x64,0x65,0x6c,
  0x65,0x67,0x61,0x74,0x65,0x3a,0x20,0x4c,0x75,0x69,0x4e,0x6f,0x64,0x65,0x56,0x69,
  0x65,0x77,0x20,0x7b,0xa,0x20,0x20,0x20,0x20,0x20,0x20,0x20,0x20,0x20,0x20,0x20,
  0x20,0x72,0x65,0x71,0x75,0x69,0x72,0x65,0x64,0x20,0x70,0x72,0x6f,0x70,0x65,0x72,
  0x74,0x79,0x20,0x76,0x61,0x72,0x20,0x6d,0x6f,0x64,0x65,0x6c,0x44,0x61,0x74,0x61,
  0xa,0x20,0x20,0x20,0x20,0x20,0x20,0x20,0x20,0x20,0x20,0x20,0x20,0x6e,0x6f,0x64,
  0x65,0x3a,0x20,0x6d,0x6f,0x64,0x65,0x6c,0x44,0x61,0x74,0x61,0x20,0x7d,0xa,0x20,
  0x20,0x20,0x20,0x7d,0xa,0x7d,0xa,
    // /home/ubuntu/repos/lui/platform/qt/qml/LuiSelect.qml
  0x0,0x0,0x6,0x7d,
  0x69,
  0x6d,0x70,0x6f,0x72,0x74,0x20,0x51,0x74,0x51,0x75,0x69,0x63,0x6b,0xa,0x69,0x6d,
  0x70,0x6f,0x72,0x74,0x20,0x51,0x74,0x51,0x75,0x69,0x63,0x6b,0x2e,0x43,0x6f,0x6e,
  0x74,0x72,0x6f,0x6c,0x73,0xa,0x69,0x6d,0x70,0x6f,0x72,0x74,0x20,0x22,0x4c,0x75,
  0x69,0x53,0x74,0x79,0x6c,0x65,0x2e,0x6a,0x73,0x22,0x20,0x61,0x73,0x20,0x53,0x74,
  0x79,0x6c,0x65,0xa,0xa,0x2f,0x2f,0x20,0x57,0x69,0x72,0x65,0x20,0x6b,0x69,0x6e,
  0x64,0x3a,0x20,0x73,0x65,0x6c,0x65,0x63,0x74,0x20,0xe2,0x80,0x94,0x20,0x70,0x69,
  0x63,0x6b,0x65,0x72,0x20,0x74,0x72,0x69,0x67,0x67,0x65,0x72,0x3b,0x20,0x70,0x72,
  0x65,0x73,0x73,0x69,0x6e,0x67,0x20,0x65,0x6d,0x69,0x74,0x73,0x20,0x70,0x72,0x65,
  0x73,0x73,0x20,0x73,0x6f,0x20,0x74,0x68,0x65,0x20,0x72,0x75,0x6e,0x74,0x69,0x6d,
  0x65,0xa,0x2f,0x2f,0x20,0x63,0x61,0x6e,0x20,0x61,0x74,0x74,0x61,0x63,0x68,0x20,
  0x61,0x20,0x64,0x72,0x6f,0x70,0x64,0x6f,0x77,0x6e,0x2d,0x6d,0x65,0x6e,0x75,0x20,
  0x63,0x68,0x69,0x6c,0x64,0x2e,0xa,0x42,0x75,0x74,0x74,0x6f,0x6e,0x20,0x7b,0xa,
  0x20,0x20,0x20,0x20,0x69,0x64,0x3a,0x20,0x73,0x65,0x6c,0x65,0x63,0x74,0xa,0x20,
  0x20,0x20,0x20,0x72,0x65,0x71,0x75,0x69,0x72,0x65,0x64,0x20,0x70,0x72,0x6f,0x70,
  0x65,0x72,0x74,0x79,0x20,0x76,0x61,0x72,0x20,0x6e,0x6f,0x64,0x65,0xa,0x20,0x20,
  0x20,0x20,0x72,0x65,0x61,0x64,0x6f,0x6e,0x6c,0x79,0x20,0x70,0x72,0x6f,0x70,0x65,
  0x72,0x74,0x79,0x20,0x76,0x61,0x72,0x20,0x70,0x72,0x6f,0x70,0x73,0x3a,0x20,0x6e,
  0x6f,0x64,0x65,0x20,0x3f,0x20,0x6e,0x6f,0x64,0x65,0x2e,0x70,0x72,0x6f,0x70,0x65,
  0x72,0x74,0x69,0x65,0x73,0x20,0x3a,0x20,0x28,0x7b,0x7d,0x29,0xa,0xa,0x20,0x20,
  0x20,0x20,0x65,0x6e,0x61,0x62,0x6c,0x65,0x64,0x3a,0x20,0x70,0x72,0x6f,0x70,0x73,
  0x5b,0x22,0x65,0x6e,0x61,0x62,0x6c,0x65,0x64,0x22,0x5d,0x20,0x21,0x3d,0x3d,0x20,
  0x66,0x61,0x6c,0x73,0x65,0xa,0x20,0x20,0x20,0x20,0x69,0x6d,0x70,0x6c,0x69,0x63,
  0x69,0x74,0x57,0x69,0x64,0x74,0x68,0x3a,0x20,0x4d,0x61,0x74,0x68,0x2e,0x6d,0x61,
  0x78,0x28,0x31,0x36,0x30,0x2c,0x20,0x6c,0x61,0x62,0x65,0x6c,0x2e,0x69,0x6d,0x70,
  0x6c,0x69,0x63,0x69,0x74,0x57,0x69,0x64,0x74,0x68,0x20,0x2b,0x20,0x34,0x30,0x29,
  0xa,0x20,0x20,0x20,0x20,0x69,0x6d,0x70,0x6c,0x69,0x63,0x69,0x74,0x48,0x65,0x69,
  0x67,0x68,0x74,0x3a,0x20,0x33,0x34,0xa,0xa,0x20,0x20,0x20,0x20,0x63,0x6f,0x6e,
  0x74,0x65,0x6e,0x74,0x49,0x74,0x65,0x6d,0x3a,0x20,0x49,0x74,0x65,0x6d,0x20,0x7b,
  0xa,0x20,0x20,0x20,0x20,0x20,0x20,0x20,0x20,0x69,0x6d,0x70,0x6c,0x69,0x63,0x69,
  0x74,0x57,0x69,0x64,0x74,0x68,0x3a,0x20,0x6c,0x61,0x62,0x65,0x6c,0x2e,0x69,0x6d,
  0x70,0x6c,0x69,0x63,0x69,0x74,0x57,0x69,0x64,0x74,0x68,0x20,0x2b,0x20,0x34,0x30,
  0xa,0x20,0x20,0x20,0x20,0x20,0x20,0x20,0x20,0x69,0x6d,0x70,0x6c,0x69,0x63,0x69,
  0x74,0x48,0x65,0x69,0x67,0x68,0x74,0x3a,0x20,0x6c,0x61,0x62,0x65,0x6c,0x2e,0x69,
  0x6d,0x70,0x6c,0x69,0x63,0x69,0x74,0x48,0x65,0x69,0x67,0x68,0x74,0xa,0x20,0x20,
  0x20,0x20,0x20,0x20,0x20,0x20,0x54,0x65,0x78,0x74,0x20,0x7b,0xa,0x20,0x20,0x20,
  0x20,0x20,0x20,0x20,0x20,0x20,0x20,0x20,0x20,0x69,0x64,0x3a,0x20,0x6c,0x61,0x62,
  0x65,0x6c,0xa,0x20,0x20,0x20,0x20,0x20,0x20,0x20,0x20,0x20,0x20,0x20,0x20,0x61,
  0x6e,0x63,0x68,0x6f,0x72,0x73,0x20,0x7b,0xa,0x20,0x20,0x20,0x20,0x20,0x20,0x20,
  0x20,0x20,0x20,0x20,0x20,0x20,0x20,0x20,0x20,0x6c,0x65,0x66,0x74,0x3a,0x20,0x70,
  0x61,0x72,0x65,0x6e,0x74,0x2e,0x6c,0x65,0x66,0x74,0xa,0x20,0x20,0x20,0x20,0x20,
  0x20,0x20,0x20,0x20,0x20,0x20,0x20,0x20,0x20,0x20,0x20,0x6c,0x65,0x66,0x74,0x4d,
  0x61,0x72,0x67,0x69,0x6e,0x3a,0x20,0x31,0x30,0xa,0x20,0x20,0x20,0x20,0x20,0x20,
  0x20,0x20,0x20,0x20,0x20,0x20,0x20,0x20,0x20,0x20,0x72,0x69,0x67,0x68,0x74,0x3a,
  0x20,0x70,0x61,0x72,0x65,0x6e,0x74,0x2e,0x72,0x69,0x67,0x68,0x74,0xa,0x20,0x20,
  0x20,0x20,0x20,0x20,0x20,0x20,0x20,0x20,0x20,0x20,0x20,0x20,0x20,0x20,0x72,0x69,
  0x67,0x68,0x74,0x4d,0x61,0x72,0x67,0x69,0x6e,0x3a,0x20,0x33,0x30,0xa,0x20,0x20,
  0x20,0x20,0x20,0x20,0x20,0x20,0x20,0x20,0x20,0x20,0x20,0x20,0x20,0x20,0x76,0x65,
  0x72,0x74,0x69,0x63,0x61,0x6c,0x43,0x65,0x6e,0x74,0x65,0x72,0x3a,0x20,0x70,0x61,
  0x72,0x65,0x6e,0x74,0x2e,0x76,0x65,0x72,0x74,0x69,0x63,0x61,0x6c,0x43,0x65,0x6e,
  0x74,0x65,0x72,0xa,0x20,0x20,0x20,0x20,0x20,0x20,0x20,0x20,0x20,0x20,0x20,0x20,
  0x7d,0xa,0x20,0x20,0x20,0x20,0x20,0x20,0x20,0x20,0x20,0x20,0x20,0x20,0x74,0x65,
  0x78,0x74,0x3a,0x20,0x53,0x74,0x79,0x6c,0x65,0x2e,0x73,0x74,0x72,0x28,0x73,0x65,
  0x6c,0x65,0x63,0x74,0x2e,0x70,0x72,0x6f,0x70,0x73,0x2c,0x20,0x22,0x74,0x65,0x78,
  0x74,0x22,0x2c,0x20,0x22,0x22,0x29,0x20,0x21,0x3d,0x3d,0x20,0x22,0x22,0xa,0x20,
  0x20,0x20,0x20,0x20,0x20,0x20,0x20,0x20,0x20,0x20,0x20,0x20,0x20,0x20,0x20,0x20,
  0x20,0x3f,0x20,0x53,0x74,0x79,0x6c,0x65,0x2e,0x73,0x74,0x72,0x28,0x73,0x65,0x6c,
  0x65,0x63,0x74,0x2e,0x70,0x72,0x6f,0x70,0x73,0x2c,0x20,0x22,0x74,0x65,0x78,0x74,
  0x22,0x2c,0x20,0x22,0x22,0x29,0xa,0x20,0x20,0x20,0x20,0x20,0x20,0x20,0x20,0x20,
  0x20,0x20,0x20,0x20,0x20,0x20,0x20,0x20,0x20,0x3a,0x20,0x53,0x74,0x79,0x6c,0x65,
  0x2e,0x73,0x74,0x72,0x28,0x73,0x65,0x6c,0x65,0x63,0x74,0x2e,0x70,0x72,0x6f,0x70,
  0x73,0x2c,0x20,0x22,0x70,0x6c,0x61,0x63,0x65,0x68,0x6f,0x6c,0x64,0x65,0x72,0x22,
  0x2c,0x20,0x22,0x22,0x29,0xa,0x20,0x20,0x20,0x20,0x20,0x20,0x20,0x20,0x20,0x20,
  0x20,0x20,0x63,0x6f,0x6c,0x6f,0x72,0x3a,0x20,0x53,0x74,0x79,0x6c,0x65,0x2e,0x73,
  0x74,0x72,0x28,0x73,0x65,0x6c,0x65,0x63,0x74,0x2e,0x70,0x72,0x6f,0x70,0x73,0x2c,
  0x20,0x22,0x74,0x65,0x78,0x74,0x22,0x2c,0x20,0x22,0x22,0x29,0x20,0x21,0x3d,0x3d,
  0x20,0x22,0x22,0xa,0x20,0x20,0x20,0x20,0x20,0x20,0x20,0x20,0x20,0x20,0x20,0x20,
  0x20,0x20,0x20,0x20,0x20,0x20,0x20,0x3f,0x20,0x53,0x74,0x79,0x6c,0x65,0x2e,0x63,
  0x6f,0x6c,0x6f,0x72,0x28,0x73,0x65,0x6c,0x65,0x63,0x74,0x2e,0x70,0x72,0x6f,0x70,
  0x73,0x5b,0x22,0x66,0x6f,0x72,0x65,0x67,0x72,0x6f,0x75,0x6e,0x64,0x22,0x5d,0x2c,
  0x20,0x22,0x23,0x31,0x38,0x31,0x38,0x31,0x62,0x22,0x29,0xa,0x20,0x20,0x20,0x20,
  0x20,0x20,0x20,0x20,0x20,0x20,0x20,0x20,0x20,0x20,0x20,0x20,0x20,0x20,0x20,0x3a,
  0x20,0x22,0x23,0x61,0x31,0x61,0x31,0x61,0x61,0x22,0xa,0x20,0x20,0x20,0x20,0x20,
  0x20,0x20,0x20,0x20,0x20,0x20,0x20,0x66,0x6f,0x6e,0x74,0x2e,0x70,0x69,0x78,0x65,
  0x6c,0x53,0x69,0x7a,0x65,0x3a,0x20,0x31,0x34,0xa,0x20,0x20,0x20,0x20,0x20,0x20,
  0x20,0x20,0x20,0x20,0x20,0x20,0x65,0x6c,0x69,0x64,0x65,0x3a,0x20,0x54,0x65,0x78,
  0x74,0x2e,0x45,0x6c,0x69,0x64,0x65,0x52,0x69,0x67,0x68,0x74,0xa,0x20,0x20,0x20,
  0x20,0x20,0x20,0x20,0x20,0x7d,0xa,0x20,0x20,0x20,0x20,0x7d,0xa,0xa,0x20,0x20,
  0x20,0x20,0x69,0x6e,0x64,0x69,0x63,0x61,0x74,0x6f,0x72,0x3a,0x20,0x54,0x65,0x78,
  0x74,0x20,0x7b,0xa,0x20,0x20,0x20,0x20,0x20,0x20,0x20,0x20,0x74,0x65,0x78,0x74,
  0x3a,0x20,0x22,0xe2,0x96,0xbe,0x22,0xa,0x20,0x20,0x20,0x20,0x20,0x20,0x20,0x20,
  0x63,0x6f,0x6c,0x6f,0x72,0x3a,0x20,0x22,0x23,0x37,0x31,0x37,0x31,0x37,0x61,0x22,
  0xa,0x20,0x20,0x20,0x20,0x20,0x20,0x20,0x20,0x61,0x6e,0x63,0x68,0x6f,0x72,0x73,
  0x20,0x7b,0xa,0x20,0x20,0x20,0x20,0x20,0x20,0x20,0x20,0x20,0x20,0x20,0x20,0x72,
  0x69,0x67,0x68,0x74,0x3a,0x20,0x70,0x61,0x72,0x65,0x6e,0x74,0x2e,0x72,0x69,0x67,
  0x68,0x74,0xa,0x20,0x20,0x20,0x20,0x20,0x20,0x20,0x20,0x20,0x20,0x20,0x20,0x72,
  0x69,0x67,0x68,0x74,0x4d,0x61,0x72,0x67,0x69,0x6e,0x3a,0x20,0x38,0xa,0x20,0x20,
  0x20,0x20,0x20,0x20,0x20,0x20,0x20,0x20,0x20,0x20,0x76,0x65,0x72,0x74,0x69,0x63,
  0x61,0x6c,0x43,0x65,0x6e,0x74,0x65,0x72,0x3a,0x20,0x70,0x61,0x72,0x65,0x6e,0x74,
  0x2e,0x76,0x65,0x72,0x74,0x69,0x63,0x61,0x6c,0x43,0x65,0x6e,0x74,0x65,0x72,0xa,
  0x20,0x20,0x20,0x20,0x20,0x20,0x20,0x20,0x7d,0xa,0x20,0x20,0x20,0x20,0x7d,0xa,
  0xa,0x20,0x20,0x20,0x20,0x62,0x61,0x63,0x6b,0x67,0x72,0x6f,0x75,0x6e,0x64,0x3a,
  0x20,0x52,0x65,0x63,0x74,0x61,0x6e,0x67,0x6c,0x65,0x20,0x7b,0xa,0x20,0x20,0x20,
  0x20,0x20,0x20,0x20,0x20,0x72,0x61,0x64,0x69,0x75,0x73,0x3a,0x20,0x36,0xa,0x20,
  0x20,0x20,0x20,0x20,0x20,0x20,0x20,0x63,0x6f,0x6c,0x6f,0x72,0x3a,0x20,0x73,0x65,
  0x6c,0x65,0x63,0x74,0x2e,0x65,0x6e,0x61,0x62,0x6c,0x65,0x64,0x20,0x3f,0x20,0x22,
  0x23,0x66,0x66,0x66,0x66,0x66,0x66,0x22,0x20,0x3a,0x20,0x22,0x23,0x66,0x34,0x66,
  0x34,0x66,0x35,0x22,0xa,0x20,0x20,0x20,0x20,0x20,0x20,0x20,0x20,0x62,0x6f,0x72,
  0x64,0x65,0x72,0x2e,0x63,0x6f,0x6c,0x6f,0x72,0x3a,0x20,0x73,0x65,0x6c,0x65,0x63,
  0x74,0x2e,0x64,0x6f,0x77,0x6e,0x20,0x3f,0x20,0x22,0x23,0x30,0x30,0x37,0x61,0x66,
  0x66,0x22,0x20,0x3a,0x20,0x22,0x23,0x64,0x34,0x64,0x34,0x64,0x38,0x22,0xa,0x20,
  0x20,0x20,0x20,0x20,0x20,0x20,0x20,0x62,0x6f,0x72,0x64,0x65,0x72,0x2e,0x77,0x69,
  0x64,0x74,0x68,0x3a,0x20,0x31,0xa,0x20,0x20,0x20,0x20,0x7d,0xa,0xa,0x20,0x20,
  0x20,0x20,0x6f,0x6e,0x43,0x6c,0x69,0x63,0x6b,0x65,0x64,0x3a,0x20,0x6e,0x6f,0x64,
  0x65,0x2e,0x70,0x72,0x65,0x73,0x73,0x28,0x29,0xa,0x7d,0xa,
    // /home/ubuntu/repos/lui/platform/qt/qml/LuiAvatar.qml
  0x0,0x0,0x3,0xd1,
  0x69,
  0x6d,0x70,0x6f,0x72,0x74,0x20,0x51,0x74,0x51,0x75,0x69,0x63,0x6b,0xa,0x69,0x6d,
  0x70,0x6f,0x72,0x74,0x20,0x22,0x4c,0x75,0x69,0x53,0x74,0x79,0x6c,0x65,0x2e,0x6a,
  0x73,0x22,0x20,0x61,0x73,0x20,0x53,0x74,0x79,0x6c,0x65,0xa,0xa,0x2f,0x2f,0x20,
  0x57,0x69,0x72,0x65,0x20,0x6b,0x69,0x6e,0x64,0x3a,0x20,0x61,0x76,0x61,0x74,0x61,
  0x72,0x20,0xe2,0x80,0x94,0x20,0x63,0x69,0x72,0x63,0x75,0x6c,0x61,0x72,0x20,0x72,
  0x65,0x67,0x69,0x73,0x74,0x65,0x72,0x65,0x64,0x20,0x69,0x6d,0x61,0x67,0x65,0x20,
  0x28,0x22,0x69,0x6d,0x61,0x67,0x65,0x22,0x20,0x69,0x64,0x29,0x20,0x77,0x69,0x74,
  0x68,0x20,0x66,0x61,0x6c,0x6c,0x62,0x61,0x63,0x6b,0xa,0x2f,0x2f,0x20,0x69,0x6e,
  0x69,0x74,0x69,0x61,0x6c,0x73,0x20,0x66,0x72,0x6f,0x6d,0x20,0x22,0x74,0x65,0x78,
  0x74,0x22,0x2e,0xa,0x52,0x65,0x63,0x74,0x61,0x6e,0x67,0x6c,0x65,0x20,0x7b,0xa,
  0x20,0x20,0x20,0x20,0x69,0x64,0x3a,0x20,0x61,0x76,0x61,0x74,0x61,0x72,0xa,0x20,
  0x20,0x20,0x20,0x72,0x65,0x71,0x75,0x69,0x72,0x65,0x64,0x20,0x70,0x72,0x6f,0x70,
  0x65,0x72,0x74,0x79,0x20,0x76,0x61,0x72,0x20,0x6e,0x6f,0x64,0x65,0xa,0x20,0x20,
  0x20,0x20,0x72,0x65,0x61,0x64,0x6f,0x6e,0x6c,0x79,0x20,0x70,0x72,0x6f,0x70,0x65,
  0x72,0x74,0x79,0x20,0x76,0x61,0x72,0x20,0x70,0x72,0x6f,0x70,0x73,0x3a,0x20,0x6e,
  0x6f,0x64,0x65,0x20,0x3f,0x20,0x6e,0x6f,0x64,0x65,0x2e,0x70,0x72,0x6f,0x70,0x65,
  0x72,0x74,0x69,0x65,0x73,0x20,0x3a,0x20,0x28,0x7b,0x7d,0x29,0xa,0xa,0x20,0x20,
  0x20,0x20,0x72,0x65,0x61,0x64,0x6f,0x6e,0x6c,0x79,0x20,0x70,0x72,0x6f,0x70,0x65,
  0x72,0x74,0x79,0x20,0x69,0x6e,0x74,0x20,0x69,0x6d,0x61,0x67,0x65,0x49,0x64,0x3a,
  0x20,0x53,0x74,0x79,0x6c,0x65,0x2e,0x6e,0x75,0x6d,0x28,0x70,0x72,0x6f,0x70,0x73,
  0x2c,0x20,0x22,0x69,0x6d,0x61,0x67,0x65,0x22,0x2c,0x20,0x30,0x29,0xa,0x20,0x20,
  0x20,0x20,0x72,0x65,0x61,0x64,0x6f,0x6e,0x6c,0x79,0x20,0x70,0x72,0x6f,0x70,0x65,
  0x72,0x74,0x79,0x20,0x69,0x6e,0x74,0x20,0x61,0x76,0x61,0x74,0x61,0x72,0x53,0x69,
  0x7a,0x65,0x3a,0x20,0x53,0x74,0x79,0x6c,0x65,0x2e,0x6e,0x75,0x6d,0x28,0x70,0x72,
  0x6f,0x70,0x73,0x2c,0x20,0x22,0x73,0x69,0x7a,0x65,0x22,0x2c,0x20,0x34,0x30,0x29,
  0xa,0x20,0x20,0x20,0x20,0x69,0x6d,0x70,0x6c,0x69,0x63,0x69,0x74,0x57,0x69,0x64,
  0x74,0x68,0x3a,0x20,0x61,0x76,0x61,0x74,0x61,0x72,0x53,0x69,0x7a,0x65,0xa,0x20,
  0x20,0x20,0x20,0x69,0x6d,0x70,0x6c,0x69,0x63,0x69,0x74,0x48,0x65,0x69,0x67,0x68,
  0x74,0x3a,0x20,0x61,0x76,0x61,0x74,0x61,0x72,0x53,0x69,0x7a,0x65,0xa,0x20,0x20,
  0x20,0x20,0x72,0x61,0x64,0x69,0x75,0x73,0x3a,0x20,0x61,0x76,0x61,0x74,0x61,0x72,
  0x53,0x69,0x7a,0x65,0x20,0x2f,0x20,0x32,0xa,0x20,0x20,0x20,0x20,0x63,0x6f,0x6c,
  0x6f,0x72,0x3a,0x20,0x22,0x23,0x65,0x34,0x65,0x34,0x65,0x37,0x22,0xa,0x20,0x20,
  0x20,0x20,0x63,0x6c,0x69,0x70,0x3a,0x20,0x74,0x72,0x75,0x65,0xa,0xa,0x20,0x20,
  0x20,0x20,0x49,0x6d,0x61,0x67,0x65,0x20,0x7b,0xa,0x20,0x20,0x20,0x20,0x20,0x20,
  0x20,0x20,0x61,0x6e,0x63,0x68,0x6f,0x72,0x73,0x2e,0x66,0x69,0x6c,0x6c,0x3a,0x20,
  0x70,0x61,0x72,0x65,0x6e,0x74,0xa,0x20,0x20,0x20,0x20,0x20,0x20,0x20,0x20,0x73,
  0x6f,0x75,0x72,0x63,0x65,0x3a,0x20,0x61,0x76,0x61,0x74,0x61,0x72,0x2e,0x69,0x6d,
  0x61,0x67,0x65,0x49,0x64,0x20,0x3e,0x20,0x30,0xa,0x20,0x20,0x20,0x20,0x20,0x20,
  0x20,0x20,0x20,0x20,0x20,0x20,0x20,0x20,0x20,0x20,0x3f,0x20,0x22,0x69,0x6d,0x61,
  0x67,0x65,0x3a,0x2f,0x2f,0x6c,0x75,0x69,0x2f,0x69,0x6d,0x61,0x67,0x65,0x2f,0x22,
  0x20,0x2b,0x20,0x61,0x76,0x61,0x74,0x61,0x72,0x2e,0x69,0x6d,0x61,0x67,0x65,0x49,
  0x64,0x20,0x3a,0x20,0x22,0x22,0xa,0x20,0x20,0x20,0x20,0x20,0x20,0x20,0x20,0x66,
  0x69,0x6c,0x6c,0x4d,0x6f,0x64,0x65,0x3a,0x20,0x49,0x6d,0x61,0x67,0x65,0x2e,0x50,
  0x72,0x65,0x73,0x65,0x72,0x76,0x65,0x41,0x73,0x70,0x65,0x63,0x74,0x43,0x72,0x6f,
  0x70,0xa,0x20,0x20,0x20,0x20,0x20,0x20,0x20,0x20,0x76,0x69,0x73,0x69,0x62,0x6c,
  0x65,0x3a,0x20,0x61,0x76,0x61,0x74,0x61,0x72,0x2e,0x69,0x6d,0x61,0x67,0x65,0x49,
  0x64,0x20,0x3e,0x20,0x30,0xa,0x20,0x20,0x20,0x20,0x7d,0xa,0xa,0x20,0x20,0x20,
  0x20,0x54,0x65,0x78,0x74,0x20,0x7b,0xa,0x20,0x20,0x20,0x20,0x20,0x20,0x20,0x20,
  0x61,0x6e,0x63,0x68,0x6f,0x72,0x73,0x2e,0x63,0x65,0x6e,0x74,0x65,0x72,0x49,0x6e,
  0x3a,0x20,0x70,0x61,0x72,0x65,0x6e,0x74,0xa,0x20,0x20,0x20,0x20,0x20,0x20,0x20,
  0x20,0x74,0x65,0x78,0x74,0x3a,0x20,0x53,0x74,0x79,0x6c,0x65,0x2e,0x73,0x74,0x72,
  0x28,0x61,0x76,0x61,0x74,0x61,0x72,0x2e,0x70,0x72,0x6f,0x70,0x73,0x2c,0x20,0x22,
  0x74,0x65,0x78,0x74,0x22,0x2c,0x20,0x22,0x22,0x29,0xa,0x20,0x20,0x20,0x20,0x20,
  0x20,0x20,0x20,0x63,0x6f,0x6c,0x6f,0x72,0x3a,0x20,0x22,0x23,0x35,0x32,0x35,0x32,
  0x35,0x62,0x22,0xa,0x20,0x20,0x20,0x20,0x20,0x20,0x20,0x20,0x66,0x6f,0x6e,0x74,
  0x2e,0x70,0x69,0x78,0x65,0x6c,0x53,0x69,0x7a,0x65,0x3a,0x20,0x4d,0x61,0x74,0x68,
  0x2e,0x6d,0x61,0x78,0x28,0x31,0x30,0x2c,0x20,0x61,0x76,0x61,0x74,0x61,0x72,0x2e,
  0x61,0x76,0x61,0x74,0x61,0x72,0x53,0x69,0x7a,0x65,0x20,0x2a,0x20,0x30,0x2e,0x33,
  0x38,0x29,0xa,0x20,0x20,0x20,0x20,0x20,0x20,0x20,0x20,0x76,0x69,0x73,0x69,0x62,
  0x6c,0x65,0x3a,0x20,0x61,0x76,0x61,0x74,0x61,0x72,0x2e,0x69,0x6d,0x61,0x67,0x65,
  0x49,0x64,0x20,0x3c,0x3d,0x20,0x30,0xa,0x20,0x20,0x20,0x20,0x7d,0xa,0x7d,0xa,
  
    // /home/ubuntu/repos/lui/platform/qt/qml/LuiStack.qml
  0x0,0x0,0x4,0xf2,
  0x69,
  0x6d,0x70,0x6f,0x72,0x74,0x20,0x51,0x74,0x51,0x75,0x69,0x63,0x6b,0xa,0x69,0x6d,
  0x70,0x6f,0x72,0x74,0x20,0x51,0x74,0x51,0x75,0x69,0x63,0x6b,0x2e,0x4c,0x61,0x79,
  0x6f,0x75,0x74,0x73,0xa,0x69,0x6d,0x70,0x6f,0x72,0x74,0x20,0x22,0x4c,0x75,0x69,
  0x53,0x74,0x79,0x6c,0x65,0x2e,0x6a,0x73,0x22,0x20,0x61,0x73,0x20,0x53,0x74,0x79,
  0x6c,0x65,0xa,0xa,0x2f,0x2f,0x20,0x57,0x69,0x72,0x65,0x20,0x6b,0x69,0x6e,0x64,
  0x3a,0x20,0x73,0x74,0x61,0x63,0x6b,0x20,0xe2,0x80,0x94,0x20,0x7a,0x2d,0x6f,0x72,
  0x64,0x65,0x72,0x65,0x64,0x20,0x6f,0x76,0x65,0x72,0x6c,0x61,0x70,0x70,0x69,0x6e,
  0x67,0x20,0x63,0x68,0x69,0x6c,0x64,0x72,0x65,0x6e,0x2e,0x20,0x4f,0x76,0x65,0x72,
  0x6c,0x61,0x79,0x20,0x6b,0x69,0x6e,0x64,0x73,0xa,0x2f,0x2f,0x20,0x28,0x64,0x72,
  0x6f,0x70,0x64,0x6f,0x77,0x6e,0x2d,0x6d,0x65,0x6e,0x75,0x2c,0x20,0x74,0x6f,0x6f,
  0x6c,0x74,0x69,0x70,0x29,0x20,0x61,0x6e,0x63,0x68,0x6f,0x72,0x20,0x74,0x6f,0x20,
  0x74,0x68,0x65,0x20,0x70,0x72,0x65,0x63,0x65,0x64,0x69,0x6e,0x67,0x20,0x73,0x69,
  0x62,0x6c,0x69,0x6e,0x67,0x2e,0xa,0x49,0x74,0x65,0x6d,0x20,0x7b,0xa,0x20,0x20,
  0x20,0x20,0x69,0x64,0x3a,0x20,0x73,0x74,0x61,0x63,0x6b,0xa,0x20,0x20,0x20,0x20,
  0x72,0x65,0x71,0x75,0x69,0x72,0x65,0x64,0x20,0x70,0x72,0x6f,0x70,0x65,0x72,0x74,
  0x79,0x20,0x76,0x61,0x72,0x20,0x6e,0x6f,0x64,0x65,0xa,0x20,0x20,0x20,0x20,0x72,
  0x65,0x61,0x64,0x6f,0x6e,0x6c,0x79,0x20,0x70,0x72,0x6f,0x70,0x65,0x72,0x74,0x79,
  0x20,0x76,0x61,0x72,0x20,0x70,0x72,0x6f,0x70,0x73,0x3a,0x20,0x6e,0x6f,0x64,0x65,
  0x20,0x3f,0x20,0x6e,0x6f,0x64,0x65,0x2e,0x70,0x72,0x6f,0x70,0x65,0x72,0x74,0x69,
  0x65,0x73,0x20,0x3a,0x20,0x28,0x7b,0x7d,0x29,0xa,0xa,0x20,0x20,0x20,0x20,0x69,
  0x6d,0x70,0x6c,0x69,0x63,0x69,0x74,0x57,0x69,0x64,0x74,0x68,0x3a,0x20,0x63,0x68,
  0x69,0x6c,0x64,0x72,0x65,0x6e,0x52,0x65,0x63,0x74,0x2e,0x77,0x69,0x64,0x74,0x68,
  0xa,0x20,0x20,0x20,0x20,0x69,0x6d,0x70,0x6c,0x69,0x63,0x69,0x74,0x48,0x65,0x69,
  0x67,0x68,0x74,0x3a,0x20,0x63,0x68,0x69,0x6c,0x64,0x72,0x65,0x6e,0x52,0x65,0x63,
  0x74,0x2e,0x68,0x65,0x69,0x67,0x68,0x74,0xa,0xa,0x20,0x20,0x20,0x20,0x52,0x65,
  0x70,0x65,0x61,0x74,0x65,0x72,0x20,0x7b,0xa,0x20,0x20,0x20,0x20,0x20,0x20,0x20,
  0x20,0x69,0x64,0x3a,0x20,0x72,0x65,0x70,0xa,0x20,0x20,0x20,0x20,0x20,0x20,0x20,
  0x20,0x6d,0x6f,0x64,0x65,0x6c,0x3a,0x20,0x73,0x74,0x61,0x63,0x6b,0x2e,0x6e,0x6f,
  0x64,0x65,0x20,0x3f,0x20,0x73,0x74,0x61,0x63,0x6b,0x2e,0x6e,0x6f,0x64,0x65,0x2e,
  0x63,0x68,0x69,0x6c,0x64,0x72,0x65,0x6e,0x20,0x3a,0x20,0x5b,0x5d,0xa,0x20,0x20,
  0x20,0x20,0x20,0x20,0x20,0x20,0x64,0x65,0x6c,0x65,0x67,0x61,0x74,0x65,0x3a,0x20,
  0x4c,0x75,0x69,0x4e,0x6f,0x64,0x65,0x56,0x69,0x65,0x77,0x20,0x7b,0xa,0x20,0x20,
  0x20,0x20,0x20,0x20,0x20,0x20,0x20,0x20,0x20,0x20,0x72,0x65,0x71,0x75,0x69,0x72,
  0x65,0x64,0x20,0x70,0x72,0x6f,0x70,0x65,0x72,0x74,0x79,0x20,0x76,0x61,0x72,0x20,
  0x6d,0x6f,0x64,0x65,0x6c,0x44,0x61,0x74,0x61,0xa,0x20,0x20,0x20,0x20,0x20,0x20,
  0x20,0x20,0x20,0x20,0x20,0x20,0x6e,0x6f,0x64,0x65,0x3a,0x20,0x6d,0x6f,0x64,0x65,
  0x6c,0x44,0x61,0x74,0x61,0xa,0x20,0x20,0x20,0x20,0x20,0x20,0x20,0x20,0x20,0x20,
  0x20,0x20,0x2f,0x2f,0x20,0x4f,0x76,0x65,0x72,0x6c,0x61,0x79,0x20,0x6b,0x69,0x6e,
  0x64,0x73,0x20,0x28,0x64,0x72,0x6f,0x70,0x64,0x6f,0x77,0x6e,0x2d,0x6d,0x65,0x6e,
  0x75,0x2c,0x20,0x63,0x6f,0x6e,0x74,0x65,0x78,0x74,0x2d,0x6d,0x65,0x6e,0x75,0x2c,
  0x20,0x74,0x6f,0x6f,0x6c,0x74,0x69,0x70,0x29,0x20,0x70,0x72,0x65,0x73,0x65,0x6e,
  0x74,0xa,0x20,0x20,0x20,0x20,0x20,0x20,0x20,0x20,0x20,0x20,0x20,0x20,0x2f,0x2f,
  0x20,0x74,0x68,0x72,0x6f,0x75,0x67,0x68,0x20,0x74,0x68,0x65,0x69,0x72,0x20,0x6f,
  0x77,0x6e,0x20,0x50,0x6f,0x70,0x75,0x70,0x2f,0x54,0x6f,0x6f,0x6c,0x54,0x69,0x70,
  0x20,0xe2,0x80,0x94,0x20,0x74,0x68,0x65,0x79,0x20,0x73,0x74,0x61,0x79,0x20,0x76,
  0x69,0x73,0x69,0x62,0x6c,0x65,0x20,0x73,0x6f,0x20,0x74,0x68,0x65,0xa,0x20,0x20,
  0x20,0x20,0x20,0x20,0x20,0x20,0x20,0x20,0x20,0x20,0x2f,0x2f,0x20,0x6f,0x76,0x65,
  0x72,0x6c,0x61,0x79,0x20,0x63,0x6f,0x6d,0x70,0x6f,0x6e,0x65,0x6e,0x74,0x20,0x63,
  0x61,0x6e,0x20,0x73,0x68,0x6f,0x77,0x2c,0x20,0x62,0x75,0x74,0x20,0x74,0x61,0x6b,
  0x65,0x20,0x6e,0x6f,0x20,0x69,0x6e,0x2d,0x73,0x74,0x61,0x63,0x6b,0x20,0x73,0x70,
  0x61,0x63,0x65,0x2e,0xa,0x20,0x20,0x20,0x20,0x20,0x20,0x20,0x20,0x20,0x20,0x20,
  0x20,0x72,0x65,0x61,0x64,0x6f,0x6e,0x6c,0x79,0x20,0x70,0x72,0x6f,0x70,0x65,0x72,
  0x74,0x79,0x20,0x62,0x6f,0x6f,0x6c,0x20,0x5f,0x6f,0x76,0x65,0x72,0x6c,0x61,0x79,
  0x3a,0x20,0x7b,0xa,0x20,0x20,0x20,0x20,0x20,0x20,0x20,0x20,0x20,0x20,0x20,0x20,
  0x20,0x20,0x20,0x20,0x76,0x61,0x72,0x20,0x6b,0x20,0x3d,0x20,0x6e,0x6f,0x64,0x65,
  0x20,0x3f,0x20,0x6e,0x6f,0x64,0x65,0x2e,0x6b,0x69,0x6e,0x64,0x20,0x3a,0x20,0x22,
  0x22,0xa,0x20,0x20,0x20,0x20,0x20,0x20,0x20,0x20,0x20,0x20,0x20,0x20,0x20,0x20,
  0x20,0x20,0x72,0x65,0x74,0x75,0x72,0x6e,0x20,0x6b,0x20,0x3d,0x3d,0x3d,0x20,0x22,
  0x64,0x72,0x6f,0x70,0x64,0x6f,0x77,0x6e,0x2d,0x6d,0x65,0x6e,0x75,0x22,0x20,0x7c,
  0x7c,0x20,0x6b,0x20,0x3d,0x3d,0x3d,0x20,0x22,0x63,0x6f,0x6e,0x74,0x65,0x78,0x74,
  0x2d,0x6d,0x65,0x6e,0x75,0x22,0x20,0x7c,0x7c,0xa,0x20,0x20,0x20,0x20,0x20,0x20,
  0x20,0x20,0x20,0x20,0x20,0x20,0x20,0x20,0x20,0x20,0x20,0x20,0x20,0x20,0x20,0x20,
  0x20,0x6b,0x20,0x3d,0x3d,0x3d,0x20,0x22,0x74,0x6f,0x6f,0x6c,0x74,0x69,0x70,0x22,
  0xa,0x20,0x20,0x20,0x20,0x20,0x20,0x20,0x20,0x20,0x20,0x20,0x20,0x7d,0xa,0x20,
  0x20,0x20,0x20,0x20,0x20,0x20,0x20,0x20,0x20,0x20,0x20,0x77,0x69,0x64,0x74,0x68,
  0x3a,0x20,0x5f,0x6f,0x76,0x65,0x72,0x6c,0x61,0x79,0x20,0x3f,0x20,0x30,0x20,0x3a,
  0x20,0x73,0x74,0x61,0x63,0x6b,0x2e,0x77,0x69,0x64,0x74,0x68,0xa,0x20,0x20,0x20,
  0x20,0x20,0x20,0x20,0x20,0x20,0x20,0x20,0x20,0x68,0x65,0x69,0x67,0x68,0x74,0x3a,
  0x20,0x5f,0x6f,0x76,0x65,0x72,0x6c,0x61,0x79,0x20,0x3f,0x20,0x30,0x20,0x3a,0x20,
  0x73,0x74,0x61,0x63,0x6b,0x2e,0x68,0x65,0x69,0x67,0x68,0x74,0xa,0x20,0x20,0x20,
  0x20,0x20,0x20,0x20,0x20,0x7d,0xa,0x20,0x20,0x20,0x20,0x20,0x20,0x20,0x20,0x6f,
  0x6e,0x49,0x74,0x65,0x6d,0x41,0x64,0x64,0x65,0x64,0x3a,0x20,0x66,0x75,0x6e,0x63,
  0x74,0x69,0x6f,0x6e,0x28,0x69,0x6e,0x64,0x65,0x78,0x2c,0x20,0x69,0x74,0x65,0x6d,
  0x29,0x20,0x7b,0xa,0x20,0x20,0x20,0x20,0x20,0x20,0x20,0x20,0x20,0x20,0x20,0x20,
  0x69,0x74,0x65,0x6d,0x2e,0x6f,0x76,0x65,0x72,0x6c,0x61,0x79,0x41,0x6e,0x63,0x68,
  0x6f,0x72,0x20,0x3d,0x20,0x69,0x6e,0x64,0x65,0x78,0x20,0x3e,0x20,0x30,0x20,0x3f,
  0x20,0x72,0x65,0x70,0x2e,0x69,0x74,0x65,0x6d,0x41,0x74,0x28,0x69,0x6e,0x64,0x65,
  0x78,0x20,0x2d,0x20,0x31,0x29,0x20,0x3a,0x20,0x73,0x74,0x61,0x63,0x6b,0xa,0x20,
  0x20,0x20,0x20,0x20,0x20,0x20,0x20,0x7d,0xa,0x20,0x20,0x20,0x20,0x7d,0xa,0x7d,
  0xa,
    // /home/ubuntu/repos/lui/platform/qt/qml/LuiInputGroup.qml
  0x0,0x0,0x3,0x5c,
  0x69,
  0x6d,0x70,0x6f,0x72,0x74,0x20,0x51,0x74,0x51,0x75,0x69,0x63,0x6b,0xa,0x69,0x6d,
  0x70,0x6f,0x72,0x74,0x20,0x51,0x74,0x51,0x75,0x69,0x63,0x6b,0x2e,0x4c,0x61,0x79,
  0x6f,0x75,0x74,0x73,0xa,0x69,0x6d,0x70,0x6f,0x72,0x74,0x20,0x22,0x4c,0x75,0x69,
  0x53,0x74,0x79,0x6c,0x65,0x2e,0x6a,0x73,0x22,0x20,0x61,0x73,0x20,0x53,0x74,0x79,
  0x6c,0x65,0xa,0xa,0x2f,0x2f,0x20,0x57,0x69,0x72,0x65,0x20,0x6b,0x69,0x6e,0x64,
  0x3a,0x20,0x69,0x6e,0x70,0x75,0x74,0x2d,0x67,0x72,0x6f,0x75,0x70,0x20,0xe2,0x80,
  0x94,0x20,0x66,0x72,0x61,0x6d,0x65,0x64,0x20,0x63,0x6f,0x6d,0x70,0x6f,0x73,0x65,
  0x72,0x3a,0x20,0x65,0x64,0x69,0x74,0x6f,0x72,0x20,0x63,0x68,0x69,0x6c,0x64,0x20,
  0x73,0x74,0x61,0x63,0x6b,0x65,0x64,0x20,0x6f,0x76,0x65,0x72,0x20,0x61,0x6e,0xa,
  0x2f,0x2f,0x20,0x69,0x6e,0x70,0x75,0x74,0x2d,0x67,0x72,0x6f,0x75,0x70,0x2d,0x61,
  0x63,0x74,0x69,0x6f,0x6e,0x73,0x20,0x63,0x68,0x69,0x6c,0x64,0x2e,0xa,0x52,0x65,
  0x63,0x74,0x61,0x6e,0x67,0x6c,0x65,0x20,0x7b,0xa,0x20,0x20,0x20,0x20,0x69,0x64,
  0x3a,0x20,0x67,0x72,0x6f,0x75,0x70,0xa,0x20,0x20,0x20,0x20,0x72,0x65,0x71,0x75,
  0x69,0x72,0x65,0x64,0x20,0x70,0x72,0x6f,0x70,0x65,0x72,0x74,0x79,0x20,0x76,0x61,
  0x72,0x20,0x6e,0x6f,0x64,0x65,0xa,0x20,0x20,0x20,0x20,0x72,0x65,0x61,0x64,0x6f,
  0x6e,0x6c,0x79,0x20,0x70,0x72,0x6f,0x70,0x65,0x72,0x74,0x79,0x20,0x76,0x61,0x72,
  0x20,0x70,0x72,0x6f,0x70,0x73,0x3a,0x20,0x6e,0x6f,0x64,0x65,0x20,0x3f,0x20,0x6e,
  0x6f,0x64,0x65,0x2e,0x70,0x72,0x6f,0x70,0x65,0x72,0x74,0x69,0x65,0x73,0x20,0x3a,
  0x20,0x28,0x7b,0x7d,0x29,0xa,0xa,0x20,0x20,0x20,0x20,0x72,0x61,0x64,0x69,0x75,
  0x73,0x3a,0x20,0x38,0xa,0x20,0x20,0x20,0x20,0x63,0x6f,0x6c,0x6f,0x72,0x3a,0x20,
  0x22,0x23,0x66,0x66,0x66,0x66,0x66,0x66,0x22,0xa,0x20,0x20,0x20,0x20,0x62,0x6f,
  0x72,0x64,0x65,0x72,0x2e,0x63,0x6f,0x6c,0x6f,0x72,0x3a,0x20,0x22,0x23,0x64,0x34,
  0x64,0x34,0x64,0x38,0x22,0xa,0x20,0x20,0x20,0x20,0x62,0x6f,0x72,0x64,0x65,0x72,
  0x2e,0x77,0x69,0x64,0x74,0x68,0x3a,0x20,0x31,0xa,0x20,0x20,0x20,0x20,0x63,0x6c,
  0x69,0x70,0x3a,0x20,0x74,0x72,0x75,0x65,0xa,0x20,0x20,0x20,0x20,0x69,0x6d,0x70,
  0x6c,0x69,0x63,0x69,0x74,0x57,0x69,0x64,0x74,0x68,0x3a,0x20,0x62,0x6f,0x64,0x79,
  0x2e,0x69,0x6d,0x70,0x6c,0x69,0x63,0x69,0x74,0x57,0x69,0x64,0x74,0x68,0x20,0x2b,
  0x20,0x32,0xa,0x20,0x20,0x20,0x20,0x69,0x6d,0x70,0x6c,0x69,0x63,0x69,0x74,0x48,
  0x65,0x69,0x67,0x68,0x74,0x3a,0x20,0x62,0x6f,0x64,0x79,0x2e,0x69,0x6d,0x70,0x6c,
  0x69,0x63,0x69,0x74,0x48,0x65,0x69,0x67,0x68,0x74,0x20,0x2b,0x20,0x32,0xa,0xa,
  0x20,0x20,0x20,0x20,0x43,0x6f,0x6c,0x75,0x6d,0x6e,0x4c,0x61,0x79,0x6f,0x75,0x74,
  0x20,0x7b,0xa,0x20,0x20,0x20,0x20,0x20,0x20,0x20,0x20,0x69,0x64,0x3a,0x20,0x62,
  0x6f,0x64,0x79,0xa,0x20,0x20,0x20,0x20,0x20,0x20,0x20,0x20,0x61,0x6e,0x63,0x68,
  0x6f,0x72,0x73,0x2e,0x63,0x65,0x6e,0x74,0x65,0x72,0x49,0x6e,0x3a,0x20,0x70,0x61,
  0x72,0x65,0x6e,0x74,0xa,0x20,0x20,0x20,0x20,0x20,0x20,0x20,0x20,0x77,0x69,0x64,
  0x74,0x68,0x3a,0x20,0x67,0x72,0x6f,0x75,0x70,0x2e,0x77,0x69,0x64,0x74,0x68,0x20,
  0x2d,0x20,0x32,0xa,0x20,0x20,0x20,0x20,0x20,0x20,0x20,0x20,0x73,0x70,0x61,0x63,
  0x69,0x6e,0x67,0x3a,0x20,0x30,0xa,0xa,0x20,0x20,0x20,0x20,0x20,0x20,0x20,0x20,
  0x52,0x65,0x70,0x65,0x61,0x74,0x65,0x72,0x20,0x7b,0xa,0x20,0x20,0x20,0x20,0x20,
  0x20,0x20,0x20,0x20,0x20,0x20,0x20,0x6d,0x6f,0x64,0x65,0x6c,0x3a,0x20,0x67,0x72,
  0x6f,0x75,0x70,0x2e,0x6e,0x6f,0x64,0x65,0x20,0x3f,0x20,0x67,0x72,0x6f,0x75,0x70,
  0x2e,0x6e,0x6f,0x64,0x65,0x2e,0x63,0x68,0x69,0x6c,0x64,0x72,0x65,0x6e,0x20,0x3a,
  0x20,0x5b,0x5d,0xa,0x20,0x20,0x20,0x20,0x20,0x20,0x20,0x20,0x20,0x20,0x20,0x20,
  0x64,0x65,0x6c,0x65,0x67,0x61,0x74,0x65,0x3a,0x20,0x4c,0x75,0x69,0x4e,0x6f,0x64,
  0x65,0x56,0x69,0x65,0x77,0x20,0x7b,0xa,0x20,0x20,0x20,0x20,0x20,0x20,0x20,0x20,
  0x20,0x20,0x20,0x20,0x72,0x65,0x71,0x75,0x69,0x72,0x65,0x64,0x20,0x70,0x72,0x6f,
  0x70,0x65,0x72,0x74,0x79,0x20,0x76,0x61,0x72,0x20,0x6d,0x6f,0x64,0x65,0x6c,0x44,
  0x61,0x74,0x61,0xa,0x20,0x20,0x20,0x20,0x20,0x20,0x20,0x20,0x20,0x20,0x20,0x20,
  0x20,0x20,0x20,0x20,0x6e,0x6f,0x64,0x65,0x3a,0x20,0x6d,0x6f,0x64,0x65,0x6c,0x44,
  0x61,0x74,0x61,0xa,0x20,0x20,0x20,0x20,0x20,0x20,0x20,0x20,0x20,0x20,0x20,0x20,
  0x20,0x20,0x20,0x20,0x4c,0x61,0x79,0x6f,0x75,0x74,0x2e,0x66,0x69,0x6c,0x6c,0x57,
  0x69,0x64,0x74,0x68,0x3a,0x20,0x74,0x72,0x75,0x65,0xa,0x20,0x20,0x20,0x20,0x20,
  0x20,0x20,0x20,0x20,0x20,0x20,0x20,0x7d,0xa,0x20,0x20,0x20,0x20,0x20,0x20,0x20,
  0x20,0x7d,0xa,0x20,0x20,0x20,0x20,0x7d,0xa,0x7d,0xa,
    // /home/ubuntu/repos/lui/platform/qt/qml/LuiTableCell.qml
  0x0,0x0,0x3,0xd2,
  0x69,
  0x6d,0x70,0x6f,0x72,0x74,0x20,0x51,0x74,0x51,0x75,0x69,0x63,0x6b,0xa,0x69,0x6d,
  0x70,0x6f,0x72,0x74,0x20,0x51,0x74,0x51,0x75,0x69,0x63,0x6b,0x2e,0x43,0x6f,0x6e,
  0x74,0x72,0x6f,0x6c,0x73,0xa,0x69,0x6d,0x70,0x6f,0x72,0x74,0x20,0x22,0x4c,0x75,
  0x69,0x53,0x74,0x79,0x6c,0x65,0x2e,0x6a,0x73,0x22,0x20,0x61,0x73,0x20,0x53,0x74,
  0x79,0x6c,0x65,0xa,0xa,0x2f,0x2f,0x20,0x57,0x69,0x72,0x65,0x20,0x6b,0x69,0x6e,
  0x64,0x3a,0x20,0x74,0x61,0x62,0x6c,0x65,0x2d,0x63,0x65,0x6c,0x6c,0x20,0xe2,0x80,
  0x94,0x20,0x74,0x65,0x78,0x74,0x20,0x63,0x65,0x6c,0x6c,0x3b,0x20,0x70,0x72,0x65,
  0x73,0x73,0x61,0x62,0x6c,0x65,0x20,0x77,0x68,0x65,0x6e,0x20,0x70,0x72,0x65,0x73,
  0x73,0x2d,0x65,0x6e,0x61,0x62,0x6c,0x65,0x64,0x2e,0xa,0x49,0x74,0x65,0x6d,0x20,
  0x7b,0xa,0x20,0x20,0x20,0x20,0x69,0x64,0x3a,0x20,0x63,0x65,0x6c,0x6c,0xa,0x20,
  0x20,0x20,0x20,0x72,0x65,0x71,0x75,0x69,0x72,0x65,0x64,0x20,0x70,0x72,0x6f,0x70,
  0x65,0x72,0x74,0x79,0x20,0x76,0x61,0x72,0x20,0x6e,0x6f,0x64,0x65,0xa,0x20,0x20,
  0x20,0x20,0x72,0x65,0x61,0x64,0x6f,0x6e,0x6c,0x79,0x20,0x70,0x72,0x6f,0x70,0x65,
  0x72,0x74,0x79,0x20,0x76,0x61,0x72,0x20,0x70,0x72,0x6f,0x70,0x73,0x3a,0x20,0x6e,
  0x6f,0x64,0x65,0x20,0x3f,0x20,0x6e,0x6f,0x64,0x65,0x2e,0x70,0x72,0x6f,0x70,0x65,
  0x72,0x74,0x69,0x65,0x73,0x20,0x3a,0x20,0x28,0x7b,0x7d,0x29,0xa,0xa,0x20,0x20,
  0x20,0x20,0x69,0x6d,0x70,0x6c,0x69,0x63,0x69,0x74,0x57,0x69,0x64,0x74,0x68,0x3a,
  0x20,0x6c,0x61,0x62,0x65,0x6c,0x2e,0x69,0x6d,0x70,0x6c,0x69,0x63,0x69,0x74,0x57,
  0x69,0x64,0x74,0x68,0x20,0x2b,0x20,0x31,0x36,0xa,0x20,0x20,0x20,0x20,0x69,0x6d,
  0x70,0x6c,0x69,0x63,0x69,0x74,0x48,0x65,0x69,0x67,0x68,0x74,0x3a,0x20,0x6c,0x61,
  0x62,0x65,0x6c,0x2e,0x69,0x6d,0x70,0x6c,0x69,0x63,0x69,0x74,0x48,0x65,0x69,0x67,
  0x68,0x74,0x20,0x2b,0x20,0x31,0x32,0xa,0xa,0x20,0x20,0x20,0x20,0x54,0x65,0x78,
  0x74,0x20,0x7b,0xa,0x20,0x20,0x20,0x20,0x20,0x20,0x20,0x20,0x69,0x64,0x3a,0x20,
  0x6c,0x61,0x62,0x65,0x6c,0xa,0x20,0x20,0x20,0x20,0x20,0x20,0x20,0x20,0x61,0x6e,
  0x63,0x68,0x6f,0x72,0x73,0x20,0x7b,0xa,0x20,0x20,0x20,0x20,0x20,0x20,0x20,0x20,
  0x20,0x20,0x20,0x20,0x66,0x69,0x6c,0x6c,0x3a,0x20,0x70,0x61,0x72,0x65,0x6e,0x74,
  0xa,0x20,0x20,0x20,0x20,0x20,0x20,0x20,0x20,0x20,0x20,0x20,0x20,0x6c,0x65,0x66,
  0x74,0x4d,0x61,0x72,0x67,0x69,0x6e,0x3a,0x20,0x38,0xa,0x20,0x20,0x20,0x20,0x20,
  0x20,0x20,0x20,0x20,0x20,0x20,0x20,0x72,0x69,0x67,0x68,0x74,0x4d,0x61,0x72,0x67,
  0x69,0x6e,0x3a,0x20,0x38,0xa,0x20,0x20,0x20,0x20,0x20,0x20,0x20,0x20,0x7d,0xa,
  0x20,0x20,0x20,0x20,0x20,0x20,0x20,0x20,0x74,0x65,0x78,0x74,0x3a,0x20,0x53,0x74,
  0x79,0x6c,0x65,0x2e,0x73,0x74,0x72,0x28,0x63,0x65,0x6c,0x6c,0x2e,0x70,0x72,0x6f,
  0x70,0x73,0x2c,0x20,0x22,0x74,0x65,0x78,0x74,0x22,0x2c,0x20,0x22,0x22,0x29,0xa,
  0x20,0x20,0x20,0x20,0x20,0x20,0x20,0x20,0x63,0x6f,0x6c,0x6f,0x72,0x3a,0x20,0x53,
  0x74,0x79,0x6c,0x65,0x2e,0x63,0x6f,0x6c,0x6f,0x72,0x28,0x63,0x65,0x6c,0x6c,0x2e,
  0x70,0x72,0x6f,0x70,0x73,0x5b,0x22,0x66,0x6f,0x72,0x65,0x67,0x72,0x6f,0x75,0x6e,
  0x64,0x22,0x5d,0x2c,0x20,0x22,0x23,0x31,0x38,0x31,0x38,0x31,0x62,0x22,0x29,0xa,
  0x20,0x20,0x20,0x20,0x20,0x20,0x20,0x20,0x66,0x6f,0x6e,0x74,0x2e,0x70,0x69,0x78,
  0x65,0x6c,0x53,0x69,0x7a,0x65,0x3a,0x20,0x31,0x34,0xa,0x20,0x20,0x20,0x20,0x20,
  0x20,0x20,0x20,0x76,0x65,0x72,0x74,0x69,0x63,0x61,0x6c,0x41,0x6c,0x69,0x67,0x6e,
  0x6d,0x65,0x6e,0x74,0x3a,0x20,0x54,0x65,0x78,0x74,0x2e,0x41,0x6c,0x69,0x67,0x6e,
  0x56,0x43,0x65,0x6e,0x74,0x65,0x72,0xa,0x20,0x20,0x20,0x20,0x20,0x20,0x20,0x20,
  0x68,0x6f,0x72,0x69,0x7a,0x6f,0x6e,0x74,0x61,0x6c,0x41,0x6c,0x69,0x67,0x6e,0x6d,
  0x65,0x6e,0x74,0x3a,0x20,0x53,0x74,0x79,0x6c,0x65,0x2e,0x74,0x65,0x78,0x74,0x41,
  0x6c,0x69,0x67,0x6e,0x45,0x6e,0x75,0x6d,0x28,0x63,0x65,0x6c,0x6c,0x2e,0x70,0x72,
  0x6f,0x70,0x73,0x5b,0x22,0x74,0x65,0x78,0x74,0x2d,0x61,0x6c,0x69,0x67,0x6e,0x6d,
  0x65,0x6e,0x74,0x22,0x5d,0x29,0xa,0x20,0x20,0x20,0x20,0x20,0x20,0x20,0x20,0x65,
  0x6c,0x69,0x64,0x65,0x3a,0x20,0x54,0x65,0x78,0x74,0x2e,0x45,0x6c,0x69,0x64,0x65,
  0x52,0x69,0x67,0x68,0x74,0xa,0x20,0x20,0x20,0x20,0x7d,0xa,0xa,0x20,0x20,0x20,
  0x20,0x4d,0x6f,0x75,0x73,0x65,0x41,0x72,0x65,0x61,0x20,0x7b,0xa,0x20,0x20,0x20,
  0x20,0x20,0x20,0x20,0x20,0x61,0x6e,0x63,0x68,0x6f,0x72,0x73,0x2e,0x66,0x69,0x6c,
  0x6c,0x3a,0x20,0x70,0x61,0x72,0x65,0x6e,0x74,0xa,0x20,0x20,0x20,0x20,0x20,0x20,
  0x20,0x20,0x76,0x69,0x73,0x69,0x62,0x6c,0x65,0x3a,0x20,0x63,0x65,0x6c,0x6c,0x2e,
  0x70,0x72,0x6f,0x70,0x73,0x5b,0x22,0x70,0x72,0x65,0x73,0x73,0x2d,0x65,0x6e,0x61,
  0x62,0x6c,0x65,0x64,0x22,0x5d,0x20,0x3d,0x3d,0x3d,0x20,0x74,0x72,0x75,0x65,0x20,
  0x26,0x26,0xa,0x20,0x20,0x20,0x20,0x20,0x20,0x20,0x20,0x20,0x20,0x20,0x20,0x20,
  0x20,0x20,0x20,0x20,0x63,0x65,0x6c,0x6c,0x2e,0x70,0x72,0x6f,0x70,0x73,0x5b,0x22,
  0x65,0x6e,0x61,0x62,0x6c,0x65,0x64,0x22,0x5d,0x20,0x21,0x3d,0x3d,0x20,0x66,0x61,
  0x6c,0x73,0x65,0xa,0x20,0x20,0x20,0x20,0x20,0x20,0x20,0x20,0x6f,0x6e,0x43,0x6c,
  0x69,0x63,0x6b,0x65,0x64,0x3a,0x20,0x63,0x65,0x6c,0x6c,0x2e,0x6e,0x6f,0x64,0x65,
  0x2e,0x70,0x72,0x65,0x73,0x73,0x28,0x29,0xa,0x20,0x20,0x20,0x20,0x7d,0xa,0x7d,
  0xa,
    // /home/ubuntu/repos/lui/platform/qt/qml/LuiTree.qml
  0x0,0x0,0x2,0x16,
  0x69,
  0x6d,0x70,0x6f,0x72,0x74,0x20,0x51,0x74,0x51,0x75,0x69,0x63,0x6b,0xa,0x69,0x6d,
  0x70,0x6f,0x72,0x74,0x20,0x51,0x74,0x51,0x75,0x69,0x63,0x6b,0x2e,0x4c,0x61,0x79,
  0x6f,0x75,0x74,0x73,0xa,0x69,0x6d,0x70,0x6f,0x72,0x74,0x20,0x22,0x4c,0x75,0x69,
  0x53,0x74,0x79,0x6c,0x65,0x2e,0x6a,0x73,0x22,0x20,0x61,0x73,0x20,0x53,0x74,0x79,
  0x6c,0x65,0xa,0xa,0x2f,0x2f,0x20,0x57,0x69,0x72,0x65,0x20,0x6b,0x69,0x6e,0x64,
  0x3a,0x20,0x74,0x72,0x65,0x65,0x20,0xe2,0x80,0x94,0x20,0x76,0x65,0x72,0x74,0x69,
  0x63,0x61,0x6c,0x20,0x73,0x74,0x61,0x63,0x6b,0x20,0x6f,0x66,0x20,0x74,0x72,0x65,
  0x65,0x2d,0x69,0x74,0x65,0x6d,0x20,0x28,0x6c,0x69,0x73,0x74,0x2d,0x69,0x74,0x65,
  0x6d,0x20,0x72,0x6f,0x6c,0x65,0x29,0x20,0x72,0x6f,0x77,0x73,0x20,0x6f,0x72,0x20,
  0x61,0xa,0x2f,0x2f,0x20,0x76,0x69,0x72,0x74,0x75,0x61,0x6c,0x2d,0x6c,0x69,0x73,
  0x74,0x20,0x63,0x68,0x69,0x6c,0x64,0x2e,0xa,0x43,0x6f,0x6c,0x75,0x6d,0x6e,0x4c,
  0x61,0x79,0x6f,0x75,0x74,0x20,0x7b,0xa,0x20,0x20,0x20,0x20,0x72,0x65,0x71,0x75,
  0x69,0x72,0x65,0x64,0x20,0x70,0x72,0x6f,0x70,0x65,0x72,0x74,0x79,0x20,0x76,0x61,
  0x72,0x20,0x6e,0x6f,0x64,0x65,0xa,0x20,0x20,0x20,0x20,0x72,0x65,0x61,0x64,0x6f,
  0x6e,0x6c,0x79,0x20,0x70,0x72,0x6f,0x70,0x65,0x72,0x74,0x79,0x20,0x76,0x61,0x72,
  0x20,0x70,0x72,0x6f,0x70,0x73,0x3a,0x20,0x6e,0x6f,0x64,0x65,0x20,0x3f,0x20,0x6e,
  0x6f,0x64,0x65,0x2e,0x70,0x72,0x6f,0x70,0x65,0x72,0x74,0x69,0x65,0x73,0x20,0x3a,
  0x20,0x28,0x7b,0x7d,0x29,0xa,0xa,0x20,0x20,0x20,0x20,0x73,0x70,0x61,0x63,0x69,
  0x6e,0x67,0x3a,0x20,0x53,0x74,0x79,0x6c,0x65,0x2e,0x6e,0x75,0x6d,0x28,0x70,0x72,
  0x6f,0x70,0x73,0x2c,0x20,0x22,0x67,0x61,0x70,0x22,0x2c,0x20,0x30,0x29,0xa,0xa,
  0x20,0x20,0x20,0x20,0x52,0x65,0x70,0x65,0x61,0x74,0x65,0x72,0x20,0x7b,0xa,0x20,
  0x20,0x20,0x20,0x20,0x20,0x20,0x20,0x6d,0x6f,0x64,0x65,0x6c,0x3a,0x20,0x6e,0x6f,
  0x64,0x65,0x20,0x3f,0x20,0x6e,0x6f,0x64,0x65,0x2e,0x63,0x68,0x69,0x6c,0x64,0x72,
  0x65,0x6e,0x20,0x3a,0x20,0x5b,0x5d,0xa,0x20,0x20,0x20,0x20,0x20,0x20,0x20,0x20,
  0x64,0x65,0x6c,0x65,0x67,0x61,0x74,0x65,0x3a,0x20,0x4c,0x75,0x69,0x4e,0x6f,0x64,
  0x65,0x56,0x69,0x65,0x77,0x20,0x7b,0xa,0x20,0x20,0x20,0x20,0x20,0x20,0x20,0x20,
  0x20,0x20,0x20,0x20,0x72,0x65,0x71,0x75,0x69,0x72,0x65,0x64,0x20,0x70,0x72,0x6f,
  0x70,0x65,0x72,0x74,0x79,0x20,0x76,0x61,0x72,0x20,0x6d,0x6f,0x64,0x65,0x6c,0x44,
  0x61,0x74,0x61,0xa,0x20,0x20,0x20,0x20,0x20,0x20,0x20,0x20,0x20,0x20,0x20,0x20,
  0x6e,0x6f,0x64,0x65,0x3a,0x20,0x6d,0x6f,0x64,0x65,0x6c,0x44,0x61,0x74,0x61,0xa,
  0x20,0x20,0x20,0x20,0x20,0x20,0x20,0x20,0x20,0x20,0x20,0x20,0x4c,0x61,0x79,0x6f,
  0x75,0x74,0x2e,0x66,0x69,0x6c,0x6c,0x57,0x69,0x64,0x74,0x68,0x3a,0x20,0x74,0x72,
  0x75,0x65,0xa,0x20,0x20,0x20,0x20,0x20,0x20,0x20,0x20,0x7d,0xa,0x20,0x20,0x20,
  0x20,0x7d,0xa,0x7d,0xa,
    // /home/ubuntu/repos/lui/platform/qt/qml/LuiToast.qml
  0x0,0x0,0x4,0x5a,
  0x69,
  0x6d,0x70,0x6f,0x72,0x74,0x20,0x51,0x74,0x51,0x75,0x69,0x63,0x6b,0xa,0x69,0x6d,
  0x70,0x6f,0x72,0x74,0x20,0x51,0x74,0x51,0x75,0x69,0x63,0x6b,0x2e,0x43,0x6f,0x6e,
  0x74,0x72,0x6f,0x6c,0x73,0xa,0x69,0x6d,0x70,0x6f,0x72,0x74,0x20,0x51,0x74,0x51,
  0x75,0x69,0x63,0x6b,0x2e,0x4c,0x61,0x79,0x6f,0x75,0x74,0x73,0xa,0x69,0x6d,0x70,
  0x6f,0x72,0x74,0x20,0x22,0x4c,0x75,0x69,0x53,0x74,0x79,0x6c,0x65,0x2e,0x6a,0x73,
  0x22,0x20,0x61,0x73,0x20,0x53,0x74,0x79,0x6c,0x65,0xa,0xa,0x2f,0x2f,0x20,0x57,
  0x69,0x72,0x65,0x20,0x6b,0x69,0x6e,0x64,0x3a,0x20,0x74,0x6f,0x61,0x73,0x74,0x20,
  0xe2,0x80,0x94,0x20,0x74,0x72,0x61,0x6e,0x73,0x69,0x65,0x6e,0x74,0x20,0x6e,0x6f,
  0x74,0x69,0x66,0x69,0x63,0x61,0x74,0x69,0x6f,0x6e,0x20,0x63,0x61,0x72,0x64,0x3b,
  0x20,0x61,0x75,0x74,0x6f,0x2d,0x64,0x69,0x73,0x6d,0x69,0x73,0x73,0x65,0x73,0x20,
  0x61,0x66,0x74,0x65,0x72,0xa,0x2f,0x2f,0x20,0x22,0x64,0x75,0x72,0x61,0x74,0x69,
  0x6f,0x6e,0x22,0x20,0x6d,0x73,0x20,0x28,0x30,0x20,0x3d,0x20,0x6d,0x61,0x6e,0x75,
  0x61,0x6c,0x29,0x2e,0xa,0x49,0x74,0x65,0x6d,0x20,0x7b,0xa,0x20,0x20,0x20,0x20,
  0x69,0x64,0x3a,0x20,0x74,0x6f,0x61,0x73,0x74,0xa,0x20,0x20,0x20,0x20,0x72,0x65,
  0x71,0x75,0x69,0x72,0x65,0x64,0x20,0x70,0x72,0x6f,0x70,0x65,0x72,0x74,0x79,0x20,
  0x76,0x61,0x72,0x20,0x6e,0x6f,0x64,0x65,0xa,0x20,0x20,0x20,0x20,0x72,0x65,0x61,
  0x64,0x6f,0x6e,0x6c,0x79,0x20,0x70,0x72,0x6f,0x70,0x65,0x72,0x74,0x79,0x20,0x76,
  0x61,0x72,0x20,0x70,0x72,0x6f,0x70,0x73,0x3a,0x20,0x6e,0x6f,0x64,0x65,0x20,0x3f,
  0x20,0x6e,0x6f,0x64,0x65,0x2e,0x70,0x72,0x6f,0x70,0x65,0x72,0x74,0x69,0x65,0x73,
  0x20,0x3a,0x20,0x28,0x7b,0x7d,0x29,0xa,0xa,0x20,0x20,0x20,0x20,0x69,0x6d,0x70,
  0x6c,0x69,0x63,0x69,0x74,0x57,0x69,0x64,0x74,0x68,0x3a,0x20,0x63,0x61,0x72,0x64,
  0x2e,0x69,0x6d,0x70,0x6c,0x69,0x63,0x69,0x74,0x57,0x69,0x64,0x74,0x68,0xa,0x20,
  0x20,0x20,0x20,0x69,0x6d,0x70,0x6c,0x69,0x63,0x69,0x74,0x48,0x65,0x69,0x67,0x68,
  0x74,0x3a,0x20,0x63,0x61,0x72,0x64,0x2e,0x69,0x6d,0x70,0x6c,0x69,0x63,0x69,0x74,
  0x48,0x65,0x69,0x67,0x68,0x74,0xa,0xa,0x20,0x20,0x20,0x20,0x52,0x65,0x63,0x74,
  0x61,0x6e,0x67,0x6c,0x65,0x20,0x7b,0xa,0x20,0x20,0x20,0x20,0x20,0x20,0x20,0x20,
  0x69,0x64,0x3a,0x20,0x63,0x61,0x72,0x64,0xa,0x20,0x20,0x20,0x20,0x20,0x20,0x20,
  0x20,0x69,0x6d,0x70,0x6c,0x69,0x63,0x69,0x74,0x57,0x69,0x64,0x74,0x68,0x3a,0x20,
  0x72,0x6f,0x77,0x2e,0x69,0x6d,0x70,0x6c,0x69,0x63,0x69,0x74,0x57,0x69,0x64,0x74,
  0x68,0x20,0x2b,0x20,0x33,0x32,0xa,0x20,0x20,0x20,0x20,0x20,0x20,0x20,0x20,0x69,
  0x6d,0x70,0x6c,0x69,0x63,0x69,0x74,0x48,0x65,0x69,0x67,0x68,0x74,0x3a,0x20,0x72,
  0x6f,0x77,0x2e,0x69,0x6d,0x70,0x6c,0x69,0x63,0x69,0x74,0x48,0x65,0x69,0x67,0x68,
  0x74,0x20,0x2b,0x20,0x33,0x32,0xa,0x20,0x20,0x20,0x20,0x20,0x20,0x20,0x20,0x72,
  0x61,0x64,0x69,0x75,0x73,0x3a,0x20,0x38,0xa,0x20,0x20,0x20,0x20,0x20,0x20,0x20,
  0x20,0x63,0x6f,0x6c,0x6f,0x72,0x3a,0x20,0x22,0x23,0x66,0x66,0x66,0x66,0x66,0x66,
  0x22,0xa,0x20,0x20,0x20,0x20,0x20,0x20,0x20,0x20,0x62,0x6f,0x72,0x64,0x65,0x72,
  0x2e,0x63,0x6f,0x6c,0x6f,0x72,0x3a,0x20,0x22,0x23,0x65,0x34,0x65,0x34,0x65,0x37,
  0x22,0xa,0x20,0x20,0x20,0x20,0x20,0x20,0x20,0x20,0x62,0x6f,0x72,0x64,0x65,0x72,
  0x2e,0x77,0x69,0x64,0x74,0x68,0x3a,0x20,0x31,0xa,0xa,0x20,0x20,0x20,0x20,0x20,
  0x20,0x20,0x20,0x52,0x6f,0x77,0x4c,0x61,0x79,0x6f,0x75,0x74,0x20,0x7b,0xa,0x20,
  0x20,0x20,0x20,0x20,0x20,0x20,0x20,0x20,0x20,0x20,0x20,0x69,0x64,0x3a,0x20,0x72,
  0x6f,0x77,0xa,0x20,0x20,0x20,0x20,0x20,0x20,0x20,0x20,0x20,0x20,0x20,0x20,0x61,
  0x6e,0x63,0x68,0x6f,0x72,0x73,0x2e,0x63,0x65,0x6e,0x74,0x65,0x72,0x49,0x6e,0x3a,
  0x20,0x70,0x61,0x72,0x65,0x6e,0x74,0xa,0x20,0x20,0x20,0x20,0x20,0x20,0x20,0x20,
  0x20,0x20,0x20,0x20,0x73,0x70,0x61,0x63,0x69,0x6e,0x67,0x3a,0x20,0x31,0x32,0xa,
  0x20,0x20,0x20,0x20,0x20,0x20,0x20,0x20,0x20,0x20,0x20,0x20,0x52,0x65,0x70,0x65,
  0x61,0x74,0x65,0x72,0x20,0x7b,0xa,0x20,0x20,0x20,0x20,0x20,0x20,0x20,0x20,0x20,
  0x20,0x20,0x20,0x20,0x20,0x20,0x20,0x6d,0x6f,0x64,0x65,0x6c,0x3a,0x20,0x74,0x6f,
  0x61,0x73,0x74,0x2e,0x6e,0x6f,0x64,0x65,0x20,0x3f,0x20,0x74,0x6f,0x61,0x73,0x74,
  0x2e,0x6e,0x6f,0x64,0x65,0x2e,0x63,0x68,0x69,0x6c,0x64,0x72,0x65,0x6e,0x20,0x3a,
  0x20,0x5b,0x5d,0xa,0x20,0x20,0x20,0x20,0x20,0x20,0x20,0x20,0x20,0x20,0x20,0x20,
  0x20,0x20,0x20,0x20,0x64,0x65,0x6c,0x65,0x67,0x61,0x74,0x65,0x3a,0x20,0x4c,0x75,
  0x69,0x4e,0x6f,0x64,0x65,0x56,0x69,0x65,0x77,0x20,0x7b,0xa,0x20,0x20,0x20,0x20,
  0x20,0x20,0x20,0x20,0x20,0x20,0x20,0x20,0x72,0x65,0x71,0x75,0x69,0x72,0x65,0x64,
  0x20,0x70,0x72,0x6f,0x70,0x65,0x72,0x74,0x79,0x20,0x76,0x61,0x72,0x20,0x6d,0x6f,
  0x64,0x65,0x6c,0x44,0x61,0x74,0x61,0xa,0x20,0x20,0x20,0x20,0x20,0x20,0x20,0x20,
  0x20,0x20,0x20,0x20,0x6e,0x6f,0x64,0x65,0x3a,0x20,0x6d,0x6f,0x64,0x65,0x6c,0x44,
  0x61,0x74,0x61,0x20,0x7d,0xa,0x20,0x20,0x20,0x20,0x20,0x20,0x20,0x20,0x20,0x20,
  0x20,0x20,0x7d,0xa,0x20,0x20,0x20,0x20,0x20,0x20,0x20,0x20,0x7d,0xa,0x20,0x20,
  0x20,0x20,0x7d,0xa,0xa,0x20,0x20,0x20,0x20,0x54,0x69,0x6d,0x65,0x72,0x20,0x7b,
  0xa,0x20,0x20,0x20,0x20,0x20,0x20,0x20,0x20,0x69,0x6e,0x74,0x65,0x72,0x76,0x61,
  0x6c,0x3a,0x20,0x53,0x74,0x79,0x6c,0x65,0x2e,0x6e,0x75,0x6d,0x28,0x74,0x6f,0x61,
  0x73,0x74,0x2e,0x70,0x72,0x6f,0x70,0x73,0x2c,0x20,0x22,0x64,0x75,0x72,0x61,0x74,
  0x69,0x6f,0x6e,0x22,0x2c,0x20,0x30,0x29,0xa,0x20,0x20,0x20,0x20,0x20,0x20,0x20,
  0x20,0x72,0x75,0x6e,0x6e,0x69,0x6e,0x67,0x3a,0x20,0x69,0x6e,0x74,0x65,0x72,0x76,
  0x61,0x6c,0x20,0x3e,0x20,0x30,0xa,0x20,0x20,0x20,0x20,0x20,0x20,0x20,0x20,0x6f,
  0x6e,0x54,0x72,0x69,0x67,0x67,0x65,0x72,0x65,0x64,0x3a,0x20,0x69,0x66,0x20,0x28,
  0x74,0x6f,0x61,0x73,0x74,0x2e,0x6e,0x6f,0x64,0x65,0x29,0x20,0x74,0x6f,0x61,0x73,
  0x74,0x2e,0x6e,0x6f,0x64,0x65,0x2e,0x64,0x69,0x73,0x6d,0x69,0x73,0x73,0x28,0x29,
  0xa,0x20,0x20,0x20,0x20,0x7d,0xa,0x7d,0xa,
    // /home/ubuntu/repos/lui/platform/qt/qml/LuiNodeView.qml
  0x0,0x0,0x17,0xc1,
  0x2f,
  0x2f,0x20,0x47,0x65,0x6e,0x65,0x72,0x69,0x63,0x20,0x72,0x65,0x74,0x61,0x69,0x6e,
  0x65,0x64,0x2d,0x6e,0x6f,0x64,0x65,0x20,0x72,0x65,0x6e,0x64,0x65,0x72,0x65,0x72,
  0x3a,0x20,0x6c,0x6f,0x61,0x64,0x73,0x20,0x74,0x68,0x65,0x20,0x63,0x6f,0x6d,0x70,
  0x6f,0x6e,0x65,0x6e,0x74,0x20,0x66,0x6f,0x72,0x20,0x6e,0x6f,0x64,0x65,0x2e,0x6b,
  0x69,0x6e,0x64,0x20,0x28,0x6f,0x72,0x20,0x74,0x68,0x65,0xa,0x2f,0x2f,0x20,0x72,
  0x65,0x67,0x69,0x73,0x74,0x65,0x72,0x65,0x64,0x20,0x51,0x4d,0x4c,0x20,0x73,0x6f,
  0x75,0x72,0x63,0x65,0x20,0x66,0x6f,0x72,0x20,0x65,0x78,0x74,0x65,0x6e,0x73,0x69,
  0x6f,0x6e,0x20,0x6e,0x6f,0x64,0x65,0x73,0x29,0x20,0x61,0x6e,0x64,0x20,0x61,0x70,
  0x70,0x6c,0x69,0x65,0x73,0x20,0x74,0x68,0x65,0x20,0x63,0x6f,0x6d,0x6d,0x6f,0x6e,
  0x20,0x63,0x68,0x72,0x6f,0x6d,0x65,0x20,0xe2,0x80,0x94,0xa,0x2f,0x2f,0x20,0x73,
  0x69,0x7a,0x69,0x6e,0x67,0x2c,0x20,0x62,0x61,0x63,0x6b,0x67,0x72,0x6f,0x75,0x6e,
  0x64,0x2f,0x62,0x6f,0x72,0x64,0x65,0x72,0x2c,0x20,0x70,0x61,0x64,0x64,0x69,0x6e,
  0x67,0x2c,0x20,0x63,0x6f,0x6e,0x74,0x65,0x78,0x74,0x20,0x6d,0x65,0x6e,0x75,0x73,
  0x2c,0x20,0x61,0x6e,0x64,0x20,0x74,0x68,0x65,0x20,0x61,0x70,0x70,0x65,0x61,0x72,
  0x20,0x65,0x76,0x65,0x6e,0x74,0x2e,0xa,0x69,0x6d,0x70,0x6f,0x72,0x74,0x20,0x51,
  0x74,0x51,0x75,0x69,0x63,0x6b,0xa,0x69,0x6d,0x70,0x6f,0x72,0x74,0x20,0x51,0x74,
  0x51,0x75,0x69,0x63,0x6b,0x2e,0x43,0x6f,0x6e,0x74,0x72,0x6f,0x6c,0x73,0xa,0x69,
  0x6d,0x70,0x6f,0x72,0x74,0x20,0x51,0x74,0x51,0x75,0x69,0x63,0x6b,0x2e,0x4c,0x61,
  0x79,0x6f,0x75,0x74,0x73,0xa,0x69,0x6d,0x70,0x6f,0x72,0x74,0x20,0x22,0x4c,0x75,
  0x69,0x53,0x74,0x79,0x6c,0x65,0x2e,0x6a,0x73,0x22,0x20,0x61,0x73,0x20,0x53,0x74,
  0x79,0x6c,0x65,0xa,0xa,0x49,0x74,0x65,0x6d,0x20,0x7b,0xa,0x20,0x20,0x20,0x20,
  0x69,0x64,0x3a,0x20,0x76,0x69,0x65,0x77,0xa,0x20,0x20,0x20,0x20,0x72,0x65,0x71,
  0x75,0x69,0x72,0x65,0x64,0x20,0x70,0x72,0x6f,0x70,0x65,0x72,0x74,0x79,0x20,0x76,
  0x61,0x72,0x20,0x6e,0x6f,0x64,0x65,0xa,0xa,0x20,0x20,0x20,0x20,0x2f,0x2f,0x20,
  0x53,0x65,0x74,0x20,0x62,0x79,0x20,0x4c,0x75,0x69,0x53,0x74,0x61,0x63,0x6b,0x20,
  0x66,0x6f,0x72,0x20,0x6f,0x76,0x65,0x72,0x6c,0x61,0x79,0x20,0x63,0x68,0x69,0x6c,
  0x64,0x72,0x65,0x6e,0x20,0x28,0x64,0x72,0x6f,0x70,0x64,0x6f,0x77,0x6e,0x2d,0x6d,
  0x65,0x6e,0x75,0x2c,0x20,0x74,0x6f,0x6f,0x6c,0x74,0x69,0x70,0x29,0x20,0x73,0x6f,
  0x20,0x74,0x68,0x65,0xa,0x20,0x20,0x20,0x20,0x2f,0x2f,0x20,0x70,0x6f,0x70,0x75,
  0x70,0x20,0x61,0x6e,0x63,0x68,0x6f,0x72,0x73,0x20,0x74,0x6f,0x20,0x74,0x68,0x65,
  0x20,0x70,0x72,0x65,0x63,0x65,0x64,0x69,0x6e,0x67,0x20,0x73,0x69,0x62,0x6c,0x69,
  0x6e,0x67,0x2e,0xa,0x20,0x20,0x20,0x20,0x70,0x72,0x6f,0x70,0x65,0x72,0x74,0x79,
  0x20,0x49,0x74,0x65,0x6d,0x20,0x6f,0x76,0x65,0x72,0x6c,0x61,0x79,0x41,0x6e,0x63,
  0x68,0x6f,0x72,0x3a,0x20,0x6e,0x75,0x6c,0x6c,0xa,0xa,0x20,0x20,0x20,0x20,0x72,
  0x65,0x61,0x64,0x6f,0x6e,0x6c,0x79,0x20,0x70,0x72,0x6f,0x70,0x65,0x72,0x74,0x79,
  0x20,0x76,0x61,0x72,0x20,0x70,0x72,0x6f,0x70,0x73,0x3a,0x20,0x6e,0x6f,0x64,0x65,
  0x20,0x26,0x26,0x20,0x6e,0x6f,0x64,0x65,0x2e,0x70,0x72,0x6f,0x70,0x65,0x72,0x74,
  0x69,0x65,0x73,0x20,0x3f,0x20,0x6e,0x6f,0x64,0x65,0x2e,0x70,0x72,0x6f,0x70,0x65,
  0x72,0x74,0x69,0x65,0x73,0x20,0x3a,0x20,0x28,0x7b,0x7d,0x29,0xa,0xa,0x20,0x20,
  0x20,0x20,0x66,0x75,0x6e,0x63,0x74,0x69,0x6f,0x6e,0x20,0x70,0x72,0x6f,0x70,0x28,
  0x6e,0x61,0x6d,0x65,0x2c,0x20,0x66,0x61,0x6c,0x6c,0x62,0x61,0x63,0x6b,0x29,0x20,
  0x7b,0xa,0x20,0x20,0x20,0x20,0x20,0x20,0x20,0x20,0x76,0x61,0x72,0x20,0x76,0x20,
  0x3d,0x20,0x70,0x72,0x6f,0x70,0x73,0x5b,0x6e,0x61,0x6d,0x65,0x5d,0xa,0x20,0x20,
  0x20,0x20,0x20,0x20,0x20,0x20,0x72,0x65,0x74,0x75,0x72,0x6e,0x20,0x76,0x20,0x21,
  0x3d,0x3d,0x20,0x75,0x6e,0x64,0x65,0x66,0x69,0x6e,0x65,0x64,0x20,0x26,0x26,0x20,
  0x76,0x20,0x21,0x3d,0x3d,0x20,0x6e,0x75,0x6c,0x6c,0x20,0x3f,0x20,0x76,0x20,0x3a,
  0x20,0x66,0x61,0x6c,0x6c,0x62,0x61,0x63,0x6b,0xa,0x20,0x20,0x20,0x20,0x7d,0xa,
  0xa,0x20,0x20,0x20,0x20,0x66,0x75,0x6e,0x63,0x74,0x69,0x6f,0x6e,0x20,0x63,0x6f,
  0x6d,0x70,0x6f,0x6e,0x65,0x6e,0x74,0x46,0x6f,0x72,0x28,0x6b,0x69,0x6e,0x64,0x29,
  0x20,0x7b,0xa,0x20,0x20,0x20,0x20,0x20,0x20,0x20,0x20,0x76,0x61,0x72,0x20,0x70,
  0x61,0x73,0x63,0x61,0x6c,0x20,0x3d,0x20,0x53,0x74,0x72,0x69,0x6e,0x67,0x28,0x6b,
  0x69,0x6e,0x64,0x29,0x2e,0x73,0x70,0x6c,0x69,0x74,0x28,0x22,0x2d,0x22,0x29,0x2e,
  0x6d,0x61,0x70,0x28,0x66,0x75,0x6e,0x63,0x74,0x69,0x6f,0x6e,0x28,0x70,0x61,0x72,
  0x74,0x29,0x20,0x7b,0xa,0x20,0x20,0x20,0x20,0x20,0x20,0x20,0x20,0x20,0x20,0x20,
  0x20,0x72,0x65,0x74,0x75,0x72,0x6e,0x20,0x70,0x61,0x72,0x74,0x2e,0x6c,0x65,0x6e,
  0x67,0x74,0x68,0x20,0x3d,0x3d,0x3d,0x20,0x30,0x20,0x3f,0x20,0x22,0x22,0x20,0x3a,
  0x20,0x70,0x61,0x72,0x74,0x5b,0x30,0x5d,0x2e,0x74,0x6f,0x55,0x70,0x70,0x65,0x72,
  0x43,0x61,0x73,0x65,0x28,0x29,0x20,0x2b,0x20,0x70,0x61,0x72,0x74,0x2e,0x73,0x6c,
  0x69,0x63,0x65,0x28,0x31,0x29,0xa,0x20,0x20,0x20,0x20,0x20,0x20,0x20,0x20,0x7d,
  0x29,0x2e,0x6a,0x6f,0x69,0x6e,0x28,0x22,0x22,0x29,0xa,0x20,0x20,0x20,0x20,0x20,
  0x20,0x20,0x20,0x72,0x65,0x74,0x75,0x72,0x6e,0x20,0x22,0x4c,0x75,0x69,0x22,0x20,
  0x2b,0x20,0x70,0x61,0x73,0x63,0x61,0x6c,0x20,0x2b,0x20,0x22,0x2e,0x71,0x6d,0x6c,
  0x22,0xa,0x20,0x20,0x20,0x20,0x7d,0xa,0xa,0x20,0x20,0x20,0x20,0x72,0x65,0x61,
  0x64,0x6f,0x6e,0x6c,0x79,0x20,0x70,0x72,0x6f,0x70,0x65,0x72,0x74,0x79,0x20,0x76,
  0x61,0x72,0x20,0x63,0x6f,0x6e,0x74,0x65,0x78,0x74,0x4d,0x65,0x6e,0x75,0x4e,0x6f,
  0x64,0x65,0x3a,0x20,0x7b,0xa,0x20,0x20,0x20,0x20,0x20,0x20,0x20,0x20,0x76,0x61,
  0x72,0x20,0x6b,0x69,0x64,0x73,0x20,0x3d,0x20,0x6e,0x6f,0x64,0x65,0x20,0x3f,0x20,
  0x6e,0x6f,0x64,0x65,0x2e,0x63,0x68,0x69,0x6c,0x64,0x72,0x65,0x6e,0x20,0x3a,0x20,
  0x5b,0x5d,0xa,0x20,0x20,0x20,0x20,0x20,0x20,0x20,0x20,0x66,0x6f,0x72,0x20,0x28,
  0x76,0x61,0x72,0x20,0x69,0x20,0x3d,0x20,0x30,0x3b,0x20,0x69,0x20,0x3c,0x20,0x6b,
  0x69,0x64,0x73,0x2e,0x6c,0x65,0x6e,0x67,0x74,0x68,0x3b,0x20,0x2b,0x2b,0x69,0x29,
  0xa,0x20,0x20,0x20,0x20,0x20,0x20,0x20,0x20,0x20,0x20,0x20,0x20,0x69,0x66,0x20,
  0x28,0x6b,0x69,0x64,0x73,0x5b,0x69,0x5d,0x20,0x26,0x26,0x20,0x6b,0x69,0x64,0x73,
  0x5b,0x69,0x5d,0x2e,0x6b,0x69,0x6e,0x64,0x20,0x3d,0x3d,0x3d,0x20,0x22,0x63,0x6f,
  0x6e,0x74,0x65,0x78,0x74,0x2d,0x6d,0x65,0x6e,0x75,0x22,0x29,0x20,0x72,0x65,0x74,
  0x75,0x72,0x6e,0x20,0x6b,0x69,0x64,0x73,0x5b,0x69,0x5d,0xa,0x20,0x20,0x20,0x20,
  0x20,0x20,0x20,0x20,0x72,0x65,0x74,0x75,0x72,0x6e,0x20,0x6e,0x75,0x6c,0x6c,0xa,
  0x20,0x20,0x20,0x20,0x7d,0xa,0xa,0x20,0x20,0x20,0x20,0x69,0x6d,0x70,0x6c,0x69,
  0x63,0x69,0x74,0x57,0x69,0x64,0x74,0x68,0x3a,0x20,0x63,0x6f,0x6e,0x74,0x65,0x6e,
  0x74,0x2e,0x69,0x6d,0x70,0x6c,0x69,0x63,0x69,0x74,0x57,0x69,0x64,0x74,0x68,0xa,
  0x20,0x20,0x20,0x20,0x69,0x6d,0x70,0x6c,0x69,0x63,0x69,0x74,0x48,0x65,0x69,0x67,
  0x68,0x74,0x3a,0x20,0x63,0x6f,0x6e,0x74,0x65,0x6e,0x74,0x2e,0x69,0x6d,0x70,0x6c,
  0x69,0x63,0x69,0x74,0x48,0x65,0x69,0x67,0x68,0x74,0xa,0xa,0x20,0x20,0x20,0x20,
  0x70,0x72,0x6f,0x70,0x65,0x72,0x74,0x79,0x20,0x72,0x65,0x61,0x6c,0x20,0x5f,0x77,
  0x3a,0x20,0x4e,0x75,0x6d,0x62,0x65,0x72,0x28,0x70,0x72,0x6f,0x70,0x28,0x22,0x77,
  0x69,0x64,0x74,0x68,0x22,0x2c,0x20,0x30,0x29,0x29,0xa,0x20,0x20,0x20,0x20,0x70,
  0x72,0x6f,0x70,0x65,0x72,0x74,0x79,0x20,0x72,0x65,0x61,0x6c,0x20,0x5f,0x68,0x3a,
  0x20,0x4e,0x75,0x6d,0x62,0x65,0x72,0x28,0x70,0x72,0x6f,0x70,0x28,0x22,0x68,0x65,
  0x69,0x67,0x68,0x74,0x22,0x2c,0x20,0x30,0x29,0x29,0xa,0x20,0x20,0x20,0x20,0x77,
  0x69,0x64,0x74,0x68,0x3a,0x20,0x5f,0x77,0x20,0x3e,0x20,0x30,0x20,0x3f,0x20,0x5f,
  0x77,0x20,0x3a,0x20,0x69,0x6d,0x70,0x6c,0x69,0x63,0x69,0x74,0x57,0x69,0x64,0x74,
  0x68,0xa,0x20,0x20,0x20,0x20,0x68,0x65,0x69,0x67,0x68,0x74,0x3a,0x20,0x5f,0x68,
  0x20,0x3e,0x20,0x30,0x20,0x3f,0x20,0x5f,0x68,0x20,0x3a,0x20,0x69,0x6d,0x70,0x6c,
  0x69,0x63,0x69,0x74,0x48,0x65,0x69,0x67,0x68,0x74,0xa,0xa,0x20,0x20,0x20,0x20,
  0x4c,0x61,0x79,0x6f,0x75,0x74,0x2e,0x66,0x69,0x6c,0x6c,0x57,0x69,0x64,0x74,0x68,
  0x3a,0x20,0x4e,0x75,0x6d,0x62,0x65,0x72,0x28,0x70,0x72,0x6f,0x70,0x28,0x22,0x67,
  0x72,0x6f,0x77,0x22,0x2c,0x20,0x30,0x29,0x29,0x20,0x3e,0x20,0x30,0x20,0x7c,0x7c,
  0xa,0x20,0x20,0x20,0x20,0x20,0x20,0x20,0x20,0x20,0x20,0x20,0x20,0x20,0x20,0x20,
  0x20,0x20,0x20,0x20,0x20,0x20,0x20,0x70,0x72,0x6f,0x70,0x28,0x22,0x63,0x6f,0x6e,
  0x74,0x61,0x69,0x6e,0x65,0x72,0x2d,0x72,0x65,0x6c,0x61,0x74,0x69,0x76,0x65,0x2d,
  0x66,0x72,0x61,0x6d,0x65,0x22,0x2c,0x20,0x22,0x22,0x29,0x20,0x3d,0x3d,0x3d,0x20,
  0x22,0x68,0x6f,0x72,0x69,0x7a,0x6f,0x6e,0x74,0x61,0x6c,0x22,0x20,0x7c,0x7c,0xa,
  0x20,0x20,0x20,0x20,0x20,0x20,0x20,0x20,0x20,0x20,0x20,0x20,0x20,0x20,0x20,0x20,
  0x20,0x20,0x20,0x20,0x20,0x20,0x70,0x72,0x6f,0x70,0x28,0x22,0x63,0x6f,0x6e,0x74,
  0x61,0x69,0x6e,0x65,0x72,0x2d,0x72,0x65,0x6c,0x61,0x74,0x69,0x76,0x65,0x2d,0x66,
  0x72,0x61,0x6d,0x65,0x22,0x2c,0x20,0x22,0x22,0x29,0x20,0x3d,0x3d,0x3d,0x20,0x22,
  0x62,0x6f,0x74,0x68,0x22,0xa,0x20,0x20,0x20,0x20,0x4c,0x61,0x79,0x6f,0x75,0x74,
  0x2e,0x66,0x69,0x6c,0x6c,0x48,0x65,0x69,0x67,0x68,0x74,0x3a,0x20,0x4e,0x75,0x6d,
  0x62,0x65,0x72,0x28,0x70,0x72,0x6f,0x70,0x28,0x22,0x67,0x72,0x6f,0x77,0x22,0x2c,
  0x20,0x30,0x29,0x29,0x20,0x3e,0x20,0x30,0x20,0x7c,0x7c,0xa,0x20,0x20,0x20,0x20,
  0x20,0x20,0x20,0x20,0x20,0x20,0x20,0x20,0x20,0x20,0x20,0x20,0x20,0x20,0x20,0x20,
  0x20,0x20,0x20,0x70,0x72,0x6f,0x70,0x28,0x22,0x63,0x6f,0x6e,0x74,0x61,0x69,0x6e,
  0x65,0x72,0x2d,0x72,0x65,0x6c,0x61,0x74,0x69,0x76,0x65,0x2d,0x66,0x72,0x61,0x6d,
  0x65,0x22,0x2c,0x20,0x22,0x22,0x29,0x20,0x3d,0x3d,0x3d,0x20,0x22,0x76,0x65,0x72,
  0x74,0x69,0x63,0x61,0x6c,0x22,0x20,0x7c,0x7c,0xa,0x20,0x20,0x20,0x20,0x20,0x20,
  0x20,0x20,0x20,0x20,0x20,0x20,0x20,0x20,0x20,0x20,0x20,0x20,0x20,0x20,0x20,0x20,
  0x20,0x70,0x72,0x6f,0x70,0x28,0x22,0x63,0x6f,0x6e,0x74,0x61,0x69,0x6e,0x65,0x72,
  0x2d,0x72,0x65,0x6c,0x61,0x74,0x69,0x76,0x65,0x2d,0x66,0x72,0x61,0x6d,0x65,0x22,
  0x2c,0x20,0x22,0x22,0x29,0x20,0x3d,0x3d,0x3d,0x20,0x22,0x62,0x6f,0x74,0x68,0x22,
  0xa,0x20,0x20,0x20,0x20,0x4c,0x61,0x79,0x6f,0x75,0x74,0x2e,0x6d,0x69,0x6e,0x69,
  0x6d,0x75,0x6d,0x57,0x69,0x64,0x74,0x68,0x3a,0x20,0x4e,0x75,0x6d,0x62,0x65,0x72,
  0x28,0x70,0x72,0x6f,0x70,0x28,0x22,0x6d,0x69,0x6e,0x2d,0x77,0x69,0x64,0x74,0x68,
  0x22,0x2c,0x20,0x30,0x29,0x29,0xa,0x20,0x20,0x20,0x20,0x4c,0x61,0x79,0x6f,0x75,
  0x74,0x2e,0x6d,0x69,0x6e,0x69,0x6d,0x75,0x6d,0x48,0x65,0x69,0x67,0x68,0x74,0x3a,
  0x20,0x4e,0x75,0x6d,0x62,0x65,0x72,0x28,0x70,0x72,0x6f,0x70,0x28,0x22,0x6d,0x69,
  0x6e,0x2d,0x68,0x65,0x69,0x67,0x68,0x74,0x22,0x2c,0x20,0x30,0x29,0x29,0xa,0x20,
  0x20,0x20,0x20,0x4c,0x61,0x79,0x6f,0x75,0x74,0x2e,0x6d,0x61,0x78,0x69,0x6d,0x75,
  0x6d,0x57,0x69,0x64,0x74,0x68,0x3a,0x20,0x4e,0x75,0x6d,0x62,0x65,0x72,0x28,0x70,
  0x72,0x6f,0x70,0x28,0x22,0x6d,0x61,0x78,0x2d,0x77,0x69,0x64,0x74,0x68,0x22,0x2c,
  0x20,0x30,0x29,0x29,0x20,0x3e,0x20,0x30,0xa,0x20,0x20,0x20,0x20,0x20,0x20,0x20,
  0x20,0x20,0x20,0x20,0x20,0x20,0x20,0x20,0x20,0x20,0x20,0x20,0x20,0x20,0x20,0x20,
  0x20,0x20,0x3f,0x20,0x4e,0x75,0x6d,0x62,0x65,0x72,0x28,0x70,0x72,0x6f,0x70,0x28,
  0x22,0x6d,0x61,0x78,0x2d,0x77,0x69,0x64,0x74,0x68,0x22,0x2c,0x20,0x30,0x29,0x29,
  0x20,0x3a,0x20,0x49,0x6e,0x66,0x69,0x6e,0x69,0x74,0x79,0xa,0x20,0x20,0x20,0x20,
  0x4c,0x61,0x79,0x6f,0x75,0x74,0x2e,0x6d,0x61,0x78,0x69,0x6d,0x75,0x6d,0x48,0x65,
  0x69,0x67,0x68,0x74,0x3a,0x20,0x4e,0x75,0x6d,0x62,0x65,0x72,0x28,0x70,0x72,0x6f,
  0x70,0x28,0x22,0x6d,0x61,0x78,0x2d,0x68,0x65,0x69,0x67,0x68,0x74,0x22,0x2c,0x20,
  0x30,0x29,0x29,0x20,0x3e,0x20,0x30,0xa,0x20,0x20,0x20,0x20,0x20,0x20,0x20,0x20,
  0x20,0x20,0x20,0x20,0x20,0x20,0x20,0x20,0x20,0x20,0x20,0x20,0x20,0x20,0x20,0x20,
  0x20,0x20,0x3f,0x20,0x4e,0x75,0x6d,0x62,0x65,0x72,0x28,0x70,0x72,0x6f,0x70,0x28,
  0x22,0x6d,0x61,0x78,0x2d,0x68,0x65,0x69,0x67,0x68,0x74,0x22,0x2c,0x20,0x30,0x29,
  0x29,0x20,0x3a,0x20,0x49,0x6e,0x66,0x69,0x6e,0x69,0x74,0x79,0xa,0xa,0x20,0x20,
  0x20,0x20,0x6f,0x62,0x6a,0x65,0x63,0x74,0x4e,0x61,0x6d,0x65,0x3a,0x20,0x70,0x72,
  0x6f,0x70,0x28,0x22,0x61,0x63,0x63,0x65,0x73,0x73,0x69,0x62,0x69,0x6c,0x69,0x74,
  0x79,0x2d,0x69,0x64,0x65,0x6e,0x74,0x69,0x66,0x69,0x65,0x72,0x22,0x2c,0x20,0x22,
  0x22,0x29,0x20,0x21,0x3d,0x3d,0x20,0x22,0x22,0xa,0x20,0x20,0x20,0x20,0x20,0x20,
  0x20,0x20,0x20,0x20,0x20,0x20,0x20,0x20,0x20,0x20,0x3f,0x20,0x22,0x6c,0x75,0x69,
  0x2d,0x22,0x20,0x2b,0x20,0x70,0x72,0x6f,0x70,0x28,0x22,0x61,0x63,0x63,0x65,0x73,
  0x73,0x69,0x62,0x69,0x6c,0x69,0x74,0x79,0x2d,0x69,0x64,0x65,0x6e,0x74,0x69,0x66,
  0x69,0x65,0x72,0x22,0x2c,0x20,0x22,0x22,0x29,0xa,0x20,0x20,0x20,0x20,0x20,0x20,
  0x20,0x20,0x20,0x20,0x20,0x20,0x20,0x20,0x20,0x20,0x3a,0x20,0x28,0x6e,0x6f,0x64,
  0x65,0x20,0x3f,0x20,0x22,0x6c,0x75,0x69,0x2d,0x6e,0x6f,0x64,0x65,0x2d,0x22,0x20,
  0x2b,0x20,0x6e,0x6f,0x64,0x65,0x2e,0x6e,0x6f,0x64,0x65,0x49,0x64,0x20,0x3a,0x20,
  0x22,0x6c,0x75,0x69,0x2d,0x6e,0x6f,0x64,0x65,0x22,0x29,0xa,0xa,0x20,0x20,0x20,
  0x20,0x41,0x63,0x63,0x65,0x73,0x73,0x69,0x62,0x6c,0x65,0x2e,0x72,0x6f,0x6c,0x65,
  0x3a,0x20,0x41,0x63,0x63,0x65,0x73,0x73,0x69,0x62,0x6c,0x65,0x2e,0x43,0x6c,0x69,
  0x65,0x6e,0x74,0xa,0x20,0x20,0x20,0x20,0x41,0x63,0x63,0x65,0x73,0x73,0x69,0x62,
  0x6c,0x65,0x2e,0x6e,0x61,0x6d,0x65,0x3a,0x20,0x70,0x72,0x6f,0x70,0x28,0x22,0x61,
  0x63,0x63,0x65,0x73,0x73,0x69,0x62,0x69,0x6c,0x69,0x74,0x79,0x2d,0x6c,0x61,0x62,
  0x65,0x6c,0x22,0x2c,0x20,0x22,0x22,0x29,0xa,0xa,0x20,0x20,0x20,0x20,0x52,0x65,
  0x63,0x74,0x61,0x6e,0x67,0x6c,0x65,0x20,0x7b,0xa,0x20,0x20,0x20,0x20,0x20,0x20,
  0x20,0x20,0x69,0x64,0x3a,0x20,0x62,0x61,0x63,0x6b,0x64,0x72,0x6f,0x70,0xa,0x20,
  0x20,0x20,0x20,0x20,0x20,0x20,0x20,0x61,0x6e,0x63,0x68,0x6f,0x72,0x73,0x2e,0x66,
  0x69,0x6c,0x6c,0x3a,0x20,0x70,0x61,0x72,0x65,0x6e,0x74,0xa,0x20,0x20,0x20,0x20,
  0x20,0x20,0x20,0x20,0x76,0x69,0x73,0x69,0x62,0x6c,0x65,0x3a,0x20,0x63,0x6f,0x6c,
  0x6f,0x72,0x20,0x21,0x3d,0x3d,0x20,0x22,0x74,0x72,0x61,0x6e,0x73,0x70,0x61,0x72,
  0x65,0x6e,0x74,0x22,0x20,0x7c,0x7c,0x20,0x62,0x6f,0x72,0x64,0x65,0x72,0x2e,0x77,
  0x69,0x64,0x74,0x68,0x20,0x3e,0x20,0x30,0xa,0x20,0x20,0x20,0x20,0x20,0x20,0x20,
  0x20,0x63,0x6f,0x6c,0x6f,0x72,0x3a,0x20,0x53,0x74,0x79,0x6c,0x65,0x2e,0x63,0x6f,
  0x6c,0x6f,0x72,0x28,0x76,0x69,0x65,0x77,0x2e,0x70,0x72,0x6f,0x70,0x28,0x22,0x62,
  0x61,0x63,0x6b,0x67,0x72,0x6f,0x75,0x6e,0x64,0x22,0x2c,0x20,0x22,0x22,0x29,0x2c,
  0x20,0x22,0x74,0x72,0x61,0x6e,0x73,0x70,0x61,0x72,0x65,0x6e,0x74,0x22,0x29,0xa,
  0x20,0x20,0x20,0x20,0x20,0x20,0x20,0x20,0x62,0x6f,0x72,0x64,0x65,0x72,0x2e,0x63,
  0x6f,0x6c,0x6f,0x72,0x3a,0x20,0x53,0x74,0x79,0x6c,0x65,0x2e,0x63,0x6f,0x6c,0x6f,
  0x72,0x28,0x76,0x69,0x65,0x77,0x2e,0x70,0x72,0x6f,0x70,0x28,0x22,0x62,0x6f,0x72,
  0x64,0x65,0x72,0x2d,0x63,0x6f,0x6c,0x6f,0x72,0x22,0x2c,0x20,0x22,0x22,0x29,0x2c,
  0x20,0x22,0x74,0x72,0x61,0x6e,0x73,0x70,0x61,0x72,0x65,0x6e,0x74,0x22,0x29,0xa,
  0x20,0x20,0x20,0x20,0x20,0x20,0x20,0x20,0x62,0x6f,0x72,0x64,0x65,0x72,0x2e,0x77,
  0x69,0x64,0x74,0x68,0x3a,0x20,0x4e,0x75,0x6d,0x62,0x65,0x72,0x28,0x76,0x69,0x65,
  0x77,0x2e,0x70,0x72,0x6f,0x70,0x28,0x22,0x62,0x6f,0x72,0x64,0x65,0x72,0x2d,0x77,
  0x69,0x64,0x74,0x68,0x22,0x2c,0x20,0x30,0x29,0x29,0xa,0x20,0x20,0x20,0x20,0x20,
  0x20,0x20,0x20,0x72,0x61,0x64,0x69,0x75,0x73,0x3a,0x20,0x4e,0x75,0x6d,0x62,0x65,
  0x72,0x28,0x76,0x69,0x65,0x77,0x2e,0x70,0x72,0x6f,0x70,0x28,0x22,0x63,0x6f,0x72,
  0x6e,0x65,0x72,0x2d,0x72,0x61,0x64,0x69,0x75,0x73,0x22,0x2c,0x20,0x30,0x29,0x29,
  0xa,0x20,0x20,0x20,0x20,0x7d,0xa,0xa,0x20,0x20,0x20,0x20,0x72,0x65,0x61,0x64,
  0x6f,0x6e,0x6c,0x79,0x20,0x70,0x72,0x6f,0x70,0x65,0x72,0x74,0x79,0x20,0x72,0x65,
  0x61,0x6c,0x20,0x5f,0x70,0x61,0x64,0x41,0x6c,0x6c,0x3a,0x20,0x4e,0x75,0x6d,0x62,
  0x65,0x72,0x28,0x70,0x72,0x6f,0x70,0x28,0x22,0x70,0x61,0x64,0x64,0x69,0x6e,0x67,
  0x22,0x2c,0x20,0x30,0x29,0x29,0xa,0x20,0x20,0x20,0x20,0x72,0x65,0x61,0x64,0x6f,
  0x6e,0x6c,0x79,0x20,0x70,0x72,0x6f,0x70,0x65,0x72,0x74,0x79,0x20,0x72,0x65,0x61,
  0x6c,0x20,0x5f,0x70,0x61,0x64,0x48,0x3a,0x20,0x4d,0x61,0x74,0x68,0x2e,0x6d,0x61,
  0x78,0x28,0x5f,0x70,0x61,0x64,0x41,0x6c,0x6c,0x2c,0xa,0x20,0x20,0x20,0x20,0x20,
  0x20,0x20,0x20,0x4e,0x75,0x6d,0x62,0x65,0x72,0x28,0x70,0x72,0x6f,0x70,0x28,0x22,
  0x70,0x61,0x64,0x64,0x69,0x6e,0x67,0x2d,0x68,0x6f,0x72,0x69,0x7a,0x6f,0x6e,0x74,
  0x61,0x6c,0x22,0x2c,0x20,0x30,0x29,0x29,0x29,0xa,0x20,0x20,0x20,0x20,0x72,0x65,
  0x61,0x64,0x6f,0x6e,0x6c,0x79,0x20,0x70,0x72,0x6f,0x70,0x65,0x72,0x74,0x79,0x20,
  0x72,0x65,0x61,0x6c,0x20,0x5f,0x70,0x61,0x64,0x56,0x3a,0x20,0x4d,0x61,0x74,0x68,
  0x2e,0x6d,0x61,0x78,0x28,0x5f,0x70,0x61,0x64,0x41,0x6c,0x6c,0x2c,0xa,0x20,0x20,
  0x20,0x20,0x20,0x20,0x20,0x20,0x4e,0x75,0x6d,0x62,0x65,0x72,0x28,0x70,0x72,0x6f,
  0x70,0x28,0x22,0x70,0x61,0x64,0x64,0x69,0x6e,0x67,0x2d,0x76,0x65,0x72,0x74,0x69,
  0x63,0x61,0x6c,0x22,0x2c,0x20,0x30,0x29,0x29,0x29,0xa,0xa,0x20,0x20,0x20,0x20,
  0x4c,0x6f,0x61,0x64,0x65,0x72,0x20,0x7b,0xa,0x20,0x20,0x20,0x20,0x20,0x20,0x20,
  0x20,0x69,0x64,0x3a,0x20,0x63,0x6f,0x6e,0x74,0x65,0x6e,0x74,0xa,0x20,0x20,0x20,
  0x20,0x20,0x20,0x20,0x20,0x61,0x6e,0x63,0x68,0x6f,0x72,0x73,0x20,0x7b,0xa,0x20,
  0x20,0x20,0x20,0x20,0x20,0x20,0x20,0x20,0x20,0x20,0x20,0x66,0x69,0x6c,0x6c,0x3a,
  0x20,0x70,0x61,0x72,0x65,0x6e,0x74,0xa,0x20,0x20,0x20,0x20,0x20,0x20,0x20,0x20,
  0x20,0x20,0x20,0x20,0x6c,0x65,0x66,0x74,0x4d,0x61,0x72,0x67,0x69,0x6e,0x3a,0x20,
  0x76,0x69,0x65,0x77,0x2e,0x5f,0x70,0x61,0x64,0x48,0xa,0x20,0x20,0x20,0x20,0x20,
  0x20,0x20,0x20,0x20,0x20,0x20,0x20,0x72,0x69,0x67,0x68,0x74,0x4d,0x61,0x72,0x67,
  0x69,0x6e,0x3a,0x20,0x76,0x69,0x65,0x77,0x2e,0x5f,0x70,0x61,0x64,0x48,0xa,0x20,
  0x20,0x20,0x20,0x20,0x20,0x20,0x20,0x20,0x20,0x20,0x20,0x74,0x6f,0x70,0x4d,0x61,
  0x72,0x67,0x69,0x6e,0x3a,0x20,0x76,0x69,0x65,0x77,0x2e,0x5f,0x70,0x61,0x64,0x56,
  0xa,0x20,0x20,0x20,0x20,0x20,0x20,0x20,0x20,0x20,0x20,0x20,0x20,0x62,0x6f,0x74,
  0x74,0x6f,0x6d,0x4d,0x61,0x72,0x67,0x69,0x6e,0x3a,0x20,0x76,0x69,0x65,0x77,0x2e,
  0x5f,0x70,0x61,0x64,0x56,0xa,0x20,0x20,0x20,0x20,0x20,0x20,0x20,0x20,0x7d,0xa,
  0x20,0x20,0x20,0x20,0x20,0x20,0x20,0x20,0x72,0x65,0x61,0x64,0x6f,0x6e,0x6c,0x79,
  0x20,0x70,0x72,0x6f,0x70,0x65,0x72,0x74,0x79,0x20,0x73,0x74,0x72,0x69,0x6e,0x67,
  0x20,0x63,0x6f,0x6d,0x70,0x6f,0x6e,0x65,0x6e,0x74,0x55,0x72,0x6c,0x3a,0x20,0x76,
  0x69,0x65,0x77,0x2e,0x6e,0x6f,0x64,0x65,0xa,0x20,0x20,0x20,0x20,0x20,0x20,0x20,
  0x20,0x20,0x20,0x20,0x20,0x3f,0x20,0x28,0x76,0x69,0x65,0x77,0x2e,0x6e,0x6f,0x64,
  0x65,0x2e,0x65,0x78,0x74,0x65,0x6e,0x73,0x69,0x6f,0x6e,0xa,0x20,0x20,0x20,0x20,
  0x20,0x20,0x20,0x20,0x20,0x20,0x20,0x20,0x20,0x20,0x20,0x3f,0x20,0x53,0x74,0x72,
  0x69,0x6e,0x67,0x28,0x76,0x69,0x65,0x77,0x2e,0x6e,0x6f,0x64,0x65,0x2e,0x63,0x6f,
  0x6d,0x70,0x6f,0x6e,0x65,0x6e,0x74,0x53,0x6f,0x75,0x72,0x63,0x65,0x29,0xa,0x20,
  0x20,0x20,0x20,0x20,0x20,0x20,0x20,0x20,0x20,0x20,0x20,0x20,0x20,0x20,0x3a,0x20,
  0x76,0x69,0x65,0x77,0x2e,0x63,0x6f,0x6d,0x70,0x6f,0x6e,0x65,0x6e,0x74,0x46,0x6f,
  0x72,0x28,0x76,0x69,0x65,0x77,0x2e,0x6e,0x6f,0x64,0x65,0x2e,0x6b,0x69,0x6e,0x64,
  0x29,0x29,0xa,0x20,0x20,0x20,0x20,0x20,0x20,0x20,0x20,0x20,0x20,0x20,0x20,0x3a,
  0x20,0x22,0x22,0xa,0x20,0x20,0x20,0x20,0x20,0x20,0x20,0x20,0x6f,0x6e,0x43,0x6f,
  0x6d,0x70,0x6f,0x6e,0x65,0x6e,0x74,0x55,0x72,0x6c,0x43,0x68,0x61,0x6e,0x67,0x65,
  0x64,0x3a,0x20,0x72,0x65,0x6c,0x6f,0x61,0x64,0x28,0x29,0xa,0x20,0x20,0x20,0x20,
  0x20,0x20,0x20,0x20,0x66,0x75,0x6e,0x63,0x74,0x69,0x6f,0x6e,0x20,0x72,0x65,0x6c,
  0x6f,0x61,0x64,0x28,0x29,0x20,0x7b,0xa,0x20,0x20,0x20,0x20,0x20,0x20,0x20,0x20,
  0x20,0x20,0x20,0x20,0x69,0x66,0x20,0x28,0x21,0x76,0x69,0x65,0x77,0x2e,0x6e,0x6f,
  0x64,0x65,0x20,0x7c,0x7c,0x20,0x63,0x6f,0x6d,0x70,0x6f,0x6e,0x65,0x6e,0x74,0x55,
  0x72,0x6c,0x20,0x3d,0x3d,0x3d,0x20,0x22,0x22,0x29,0x20,0x7b,0xa,0x20,0x20,0x20,
  0x20,0x20,0x20,0x20,0x20,0x20,0x20,0x20,0x20,0x20,0x20,0x20,0x20,0x73,0x65,0x74,
  0x53,0x6f,0x75,0x72,0x63,0x65,0x28,0x22,0x22,0x29,0xa,0x20,0x20,0x20,0x20,0x20,
  0x20,0x20,0x20,0x20,0x20,0x20,0x20,0x20,0x20,0x20,0x20,0x72,0x65,0x74,0x75,0x72,
  0x6e,0xa,0x20,0x20,0x20,0x20,0x20,0x20,0x20,0x20,0x20,0x20,0x20,0x20,0x7d,0xa,
  0x20,0x20,0x20,0x20,0x20,0x20,0x20,0x20,0x20,0x20,0x20,0x20,0x73,0x65,0x74,0x53,
  0x6f,0x75,0x72,0x63,0x65,0x28,0x63,0x6f,0x6d,0x70,0x6f,0x6e,0x65,0x6e,0x74,0x55,
  0x72,0x6c,0x2c,0x20,0x7b,0x22,0x6e,0x6f,0x64,0x65,0x22,0x3a,0x20,0x76,0x69,0x65,
  0x77,0x2e,0x6e,0x6f,0x64,0x65,0x7d,0x29,0xa,0x20,0x20,0x20,0x20,0x20,0x20,0x20,
  0x20,0x7d,0xa,0x20,0x20,0x20,0x20,0x20,0x20,0x20,0x20,0x6f,0x6e,0x4c,0x6f,0x61,
  0x64,0x65,0x64,0x3a,0x20,0x7b,0xa,0x20,0x20,0x20,0x20,0x20,0x20,0x20,0x20,0x20,
  0x20,0x20,0x20,0x69,0x66,0x20,0x28,0x22,0x61,0x6e,0x63,0x68,0x6f,0x72,0x49,0x74,
  0x65,0x6d,0x22,0x20,0x69,0x6e,0x20,0x69,0x74,0x65,0x6d,0x29,0xa,0x20,0x20,0x20,
  0x20,0x20,0x20,0x20,0x20,0x20,0x20,0x20,0x20,0x20,0x20,0x20,0x20,0x69,0x74,0x65,
  0x6d,0x2e,0x61,0x6e,0x63,0x68,0x6f,0x72,0x49,0x74,0x65,0x6d,0x20,0x3d,0x20,0x51,
  0x74,0x2e,0x62,0x69,0x6e,0x64,0x69,0x6e,0x67,0x28,0x66,0x75,0x6e,0x63,0x74,0x69,
  0x6f,0x6e,0x28,0x29,0x20,0x7b,0x20,0x72,0x65,0x74,0x75,0x72,0x6e,0x20,0x76,0x69,
  0x65,0x77,0x2e,0x6f,0x76,0x65,0x72,0x6c,0x61,0x79,0x41,0x6e,0x63,0x68,0x6f,0x72,
  0x20,0x7d,0x29,0xa,0x20,0x20,0x20,0x20,0x20,0x20,0x20,0x20,0x7d,0xa,0x20,0x20,
  0x20,0x20,0x7d,0xa,0xa,0x20,0x20,0x20,0x20,0x2f,0x2f,0x20,0x54,0x68,0x65,0x20,
  0x73,0x61,0x6d,0x65,0x20,0x63,0x6f,0x6d,0x70,0x6f,0x6e,0x65,0x6e,0x74,0x20,0x55,
  0x52,0x4c,0x20,0x63,0x61,0x6e,0x20,0x73,0x65,0x72,0x76,0x65,0x20,0x61,0x20,0x64,
  0x69,0x66,0x66,0x65,0x72,0x65,0x6e,0x74,0x20,0x6e,0x6f,0x64,0x65,0x20,0x6f,0x62,
  0x6a,0x65,0x63,0x74,0x20,0x77,0x68,0x65,0x6e,0x20,0x61,0xa,0x20,0x20,0x20,0x20,
  0x2f,0x2f,0x20,0x64,0x65,0x6c,0x65,0x67,0x61,0x74,0x65,0x20,0x69,0x73,0x20,0x72,
  0x65,0x75,0x73,0x65,0x64,0x3b,0x20,0x72,0x65,0x2d,0x69,0x6e,0x6a,0x65,0x63,0x74,
  0x20,0x74,0x68,0x65,0x20,0x6e,0x6f,0x64,0x65,0x20,0x69,0x6e,0x20,0x74,0x68,0x61,
  0x74,0x20,0x63,0x61,0x73,0x65,0x2e,0xa,0x20,0x20,0x20,0x20,0x43,0x6f,0x6e,0x6e,
  0x65,0x63,0x74,0x69,0x6f,0x6e,0x73,0x20,0x7b,0xa,0x20,0x20,0x20,0x20,0x20,0x20,
  0x20,0x20,0x74,0x61,0x72,0x67,0x65,0x74,0x3a,0x20,0x76,0x69,0x65,0x77,0xa,0x20,
  0x20,0x20,0x20,0x20,0x20,0x20,0x20,0x66,0x75,0x6e,0x63,0x74,0x69,0x6f,0x6e,0x20,
  0x6f,0x6e,0x4e,0x6f,0x64,0x65,0x43,0x68,0x61,0x6e,0x67,0x65,0x64,0x28,0x29,0x20,
  0x7b,0x20,0x63,0x6f,0x6e,0x74,0x65,0x6e,0x74,0x2e,0x72,0x65,0x6c,0x6f,0x61,0x64,
  0x28,0x29,0x20,0x7d,0xa,0x20,0x20,0x20,0x20,0x7d,0xa,0xa,0x20,0x20,0x20,0x20,
  0x2f,0x2f,0x20,0x43,0x6f,0x6e,0x74,0x65,0x78,0x74,0x20,0x6d,0x65,0x6e,0x75,0x73,
  0x20,0x6f,0x70,0x65,0x6e,0x20,0x6f,0x6e,0x20,0x72,0x69,0x67,0x68,0x74,0x2d,0x63,
  0x6c,0x69,0x63,0x6b,0x20,0x6f,0x72,0x20,0x6c,0x6f,0x6e,0x67,0x2d,0x70,0x72,0x65,
  0x73,0x73,0x20,0x6f,0x6e,0x20,0x74,0x68,0x65,0x69,0x72,0x20,0x68,0x6f,0x73,0x74,
  0x2e,0xa,0x20,0x20,0x20,0x20,0x4d,0x6f,0x75,0x73,0x65,0x41,0x72,0x65,0x61,0x20,
  0x7b,0xa,0x20,0x20,0x20,0x20,0x20,0x20,0x20,0x20,0x61,0x6e,0x63,0x68,0x6f,0x72,
  0x73,0x2e,0x66,0x69,0x6c,0x6c,0x3a,0x20,0x70,0x61,0x72,0x65,0x6e,0x74,0xa,0x20,
  0x20,0x20,0x20,0x20,0x20,0x20,0x20,0x7a,0x3a,0x20,0x31,0x30,0xa,0x20,0x20,0x20,
  0x20,0x20,0x20,0x20,0x20,0x61,0x63,0x63,0x65,0x70,0x74,0x65,0x64,0x42,0x75,0x74,
  0x74,0x6f,0x6e,0x73,0x3a,0x20,0x51,0x74,0x2e,0x52,0x69,0x67,0x68,0x74,0x42,0x75,
  0x74,0x74,0x6f,0x6e,0xa,0x20,0x20,0x20,0x20,0x20,0x20,0x20,0x20,0x65,0x6e,0x61,
  0x62,0x6c,0x65,0x64,0x3a,0x20,0x76,0x69,0x65,0x77,0x2e,0x63,0x6f,0x6e,0x74,0x65,
  0x78,0x74,0x4d,0x65,0x6e,0x75,0x4e,0x6f,0x64,0x65,0x20,0x21,0x3d,0x3d,0x20,0x6e,
  0x75,0x6c,0x6c,0xa,0x20,0x20,0x20,0x20,0x20,0x20,0x20,0x20,0x6f,0x6e,0x43,0x6c,
  0x69,0x63,0x6b,0x65,0x64,0x3a,0x20,0x66,0x75,0x6e,0x63,0x74,0x69,0x6f,0x6e,0x28,
  0x6d,0x6f,0x75,0x73,0x65,0x29,0x20,0x7b,0xa,0x20,0x20,0x20,0x20,0x20,0x20,0x20,
  0x20,0x20,0x20,0x20,0x20,0x63,0x74,0x78,0x4d,0x65,0x6e,0x75,0x2e,0x70,0x6f,0x70,
  0x75,0x70,0x28,0x76,0x69,0x65,0x77,0x2c,0x20,0x6d,0x6f,0x75,0x73,0x65,0x2e,0x78,
  0x2c,0x20,0x6d,0x6f,0x75,0x73,0x65,0x2e,0x79,0x29,0xa,0x20,0x20,0x20,0x20,0x20,
  0x20,0x20,0x20,0x7d,0xa,0x20,0x20,0x20,0x20,0x20,0x20,0x20,0x20,0x6f,0x6e,0x50,
  0x72,0x65,0x73,0x73,0x41,0x6e,0x64,0x48,0x6f,0x6c,0x64,0x3a,0x20,0x66,0x75,0x6e,
  0x63,0x74,0x69,0x6f,0x6e,0x28,0x6d,0x6f,0x75,0x73,0x65,0x29,0x20,0x7b,0xa,0x20,
  0x20,0x20,0x20,0x20,0x20,0x20,0x20,0x20,0x20,0x20,0x20,0x63,0x74,0x78,0x4d,0x65,
  0x6e,0x75,0x2e,0x70,0x6f,0x70,0x75,0x70,0x28,0x76,0x69,0x65,0x77,0x2c,0x20,0x6d,
  0x6f,0x75,0x73,0x65,0x2e,0x78,0x2c,0x20,0x6d,0x6f,0x75,0x73,0x65,0x2e,0x79,0x29,
  0xa,0x20,0x20,0x20,0x20,0x20,0x20,0x20,0x20,0x7d,0xa,0x20,0x20,0x20,0x20,0x7d,
  0xa,0xa,0x20,0x20,0x20,0x20,0x4d,0x65,0x6e,0x75,0x20,0x7b,0xa,0x20,0x20,0x20,
  0x20,0x20,0x20,0x20,0x20,0x69,0x64,0x3a,0x20,0x63,0x74,0x78,0x4d,0x65,0x6e,0x75,
  0xa,0x20,0x20,0x20,0x20,0x20,0x20,0x20,0x20,0x49,0x6e,0x73,0x74,0x61,0x6e,0x74,
  0x69,0x61,0x74,0x6f,0x72,0x20,0x7b,0xa,0x20,0x20,0x20,0x20,0x20,0x20,0x20,0x20,
  0x20,0x20,0x20,0x20,0x6d,0x6f,0x64,0x65,0x6c,0x3a,0x20,0x76,0x69,0x65,0x77,0x2e,
  0x63,0x6f,0x6e,0x74,0x65,0x78,0x74,0x4d,0x65,0x6e,0x75,0x4e,0x6f,0x64,0x65,0x20,
  0x3f,0x20,0x76,0x69,0x65,0x77,0x2e,0x63,0x6f,0x6e,0x74,0x65,0x78,0x74,0x4d,0x65,
  0x6e,0x75,0x4e,0x6f,0x64,0x65,0x2e,0x63,0x68,0x69,0x6c,0x64,0x72,0x65,0x6e,0x20,
  0x3a,0x20,0x5b,0x5d,0xa,0x20,0x20,0x20,0x20,0x20,0x20,0x20,0x20,0x20,0x20,0x20,
  0x20,0x64,0x65,0x6c,0x65,0x67,0x61,0x74,0x65,0x3a,0x20,0x4c,0x6f,0x61,0x64,0x65,
  0x72,0x20,0x7b,0xa,0x20,0x20,0x20,0x20,0x20,0x20,0x20,0x20,0x20,0x20,0x20,0x20,
  0x20,0x20,0x20,0x20,0x72,0x65,0x71,0x75,0x69,0x72,0x65,0x64,0x20,0x70,0x72,0x6f,
  0x70,0x65,0x72,0x74,0x79,0x20,0x76,0x61,0x72,0x20,0x6d,0x6f,0x64,0x65,0x6c,0x44,
  0x61,0x74,0x61,0xa,0x20,0x20,0x20,0x20,0x20,0x20,0x20,0x20,0x20,0x20,0x20,0x20,
  0x20,0x20,0x20,0x20,0x70,0x72,0x6f,0x70,0x65,0x72,0x74,0x79,0x20,0x76,0x61,0x72,
  0x20,0x63,0x68,0x69,0x6c,0x64,0x4e,0x6f,0x64,0x65,0x3a,0x20,0x6d,0x6f,0x64,0x65,
  0x6c,0x44,0x61,0x74,0x61,0xa,0x20,0x20,0x20,0x20,0x20,0x20,0x20,0x20,0x20,0x20,
  0x20,0x20,0x20,0x20,0x20,0x20,0x73,0x6f,0x75,0x72,0x63,0x65,0x43,0x6f,0x6d,0x70,
  0x6f,0x6e,0x65,0x6e,0x74,0x3a,0x20,0x63,0x68,0x69,0x6c,0x64,0x4e,0x6f,0x64,0x65,
  0x20,0x26,0x26,0x20,0x63,0x68,0x69,0x6c,0x64,0x4e,0x6f,0x64,0x65,0x2e,0x6b,0x69,
  0x6e,0x64,0x20,0x3d,0x3d,0x3d,0x20,0x22,0x64,0x69,0x76,0x69,0x64,0x65,0x72,0x22,
  0xa,0x20,0x20,0x20,0x20,0x20,0x20,0x20,0x20,0x20,0x20,0x20,0x20,0x20,0x20,0x20,
  0x20,0x20,0x20,0x20,0x20,0x20,0x20,0x20,0x20,0x20,0x20,0x20,0x20,0x20,0x20,0x20,
  0x20,0x20,0x3f,0x20,0x73,0x65,0x70,0x43,0x6f,0x6d,0x70,0x6f,0x6e,0x65,0x6e,0x74,
  0x20,0x3a,0x20,0x69,0x74,0x65,0x6d,0x43,0x6f,0x6d,0x70,0x6f,0x6e,0x65,0x6e,0x74,
  0xa,0x20,0x20,0x20,0x20,0x20,0x20,0x20,0x20,0x20,0x20,0x20,0x20,0x20,0x20,0x20,
  0x20,0x6f,0x6e,0x4c,0x6f,0x61,0x64,0x65,0x64,0x3a,0x20,0x69,0x74,0x65,0x6d,0x2e,
  0x63,0x68,0x69,0x6c,0x64,0x4e,0x6f,0x64,0x65,0x20,0x3d,0x20,0x63,0x68,0x69,0x6c,
  0x64,0x4e,0x6f,0x64,0x65,0xa,0x20,0x20,0x20,0x20,0x20,0x20,0x20,0x20,0x20,0x20,
  0x20,0x20,0x7d,0xa,0x20,0x20,0x20,0x20,0x20,0x20,0x20,0x20,0x20,0x20,0x20,0x20,
  0x6f,0x6e,0x4f,0x62,0x6a,0x65,0x63,0x74,0x41,0x64,0x64,0x65,0x64,0x3a,0x20,0x66,
  0x75,0x6e,0x63,0x74,0x69,0x6f,0x6e,0x28,0x69,0x6e,0x64,0x65,0x78,0x2c,0x20,0x6f,
  0x62,0x6a,0x65,0x63,0x74,0x29,0x20,0x7b,0xa,0x20,0x20,0x20,0x20,0x20,0x20,0x20,
  0x20,0x20,0x20,0x20,0x20,0x20,0x20,0x20,0x20,0x63,0x74,0x78,0x4d,0x65,0x6e,0x75,
  0x2e,0x69,0x6e,0x73,0x65,0x72,0x74,0x49,0x74,0x65,0x6d,0x28,0x69,0x6e,0x64,0x65,
  0x78,0x2c,0x20,0x6f,0x62,0x6a,0x65,0x63,0x74,0x2e,0x69,0x74,0x65,0x6d,0x29,0xa,
  0x20,0x20,0x20,0x20,0x20,0x20,0x20,0x20,0x20,0x20,0x20,0x20,0x7d,0xa,0x20,0x20,
  0x20,0x20,0x20,0x20,0x20,0x20,0x20,0x20,0x20,0x20,0x6f,0x6e,0x4f,0x62,0x6a,0x65,
  0x63,0x74,0x52,0x65,0x6d,0x6f,0x76,0x65,0x64,0x3a,0x20,0x66,0x75,0x6e,0x63,0x74,
  0x69,0x6f,0x6e,0x28,0x69,0x6e,0x64,0x65,0x78,0x2c,0x20,0x6f,0x62,0x6a,0x65,0x63,
  0x74,0x29,0x20,0x7b,0xa,0x20,0x20,0x20,0x20,0x20,0x20,0x20,0x20,0x20,0x20,0x20,
  0x20,0x20,0x20,0x20,0x20,0x63,0x74,0x78,0x4d,0x65,0x6e,0x75,0x2e,0x72,0x65,0x6d,
  0x6f,0x76,0x65,0x49,0x74,0x65,0x6d,0x28,0x6f,0x62,0x6a,0x65,0x63,0x74,0x2e,0x69,
  0x74,0x65,0x6d,0x29,0xa,0x20,0x20,0x20,0x20,0x20,0x20,0x20,0x20,0x20,0x20,0x20,
  0x20,0x7d,0xa,0x20,0x20,0x20,0x20,0x20,0x20,0x20,0x20,0x7d,0xa,0x20,0x20,0x20,
  0x20,0x7d,0xa,0xa,0x20,0x20,0x20,0x20,0x43,0x6f,0x6d,0x70,0x6f,0x6e,0x65,0x6e,
  0x74,0x20,0x7b,0xa,0x20,0x20,0x20,0x20,0x20,0x20,0x20,0x20,0x69,0x64,0x3a,0x20,
  0x73,0x65,0x70,0x43,0x6f,0x6d,0x70,0x6f,0x6e,0x65,0x6e,0x74,0xa,0x20,0x20,0x20,
  0x20,0x20,0x20,0x20,0x20,0x4d,0x65,0x6e,0x75,0x53,0x65,0x70,0x61,0x72,0x61,0x74,
  0x6f,0x72,0x20,0x7b,0xa,0x20,0x20,0x20,0x20,0x20,0x20,0x20,0x20,0x20,0x20,0x20,
  0x20,0x70,0x72,0x6f,0x70,0x65,0x72,0x74,0x79,0x20,0x76,0x61,0x72,0x20,0x63,0x68,
  0x69,0x6c,0x64,0x4e,0x6f,0x64,0x65,0xa,0x20,0x20,0x20,0x20,0x20,0x20,0x20,0x20,
  0x7d,0xa,0x20,0x20,0x20,0x20,0x7d,0xa,0x20,0x20,0x20,0x20,0x43,0x6f,0x6d,0x70,
  0x6f,0x6e,0x65,0x6e,0x74,0x20,0x7b,0xa,0x20,0x20,0x20,0x20,0x20,0x20,0x20,0x20,
  0x69,0x64,0x3a,0x20,0x69,0x74,0x65,0x6d,0x43,0x6f,0x6d,0x70,0x6f,0x6e,0x65,0x6e,
  0x74,0xa,0x20,0x20,0x20,0x20,0x20,0x20,0x20,0x20,0x4d,0x65,0x6e,0x75,0x49,0x74,
  0x65,0x6d,0x20,0x7b,0xa,0x20,0x20,0x20,0x20,0x20,0x20,0x20,0x20,0x20,0x20,0x20,
  0x20,0x70,0x72,0x6f,0x70,0x65,0x72,0x74,0x79,0x20,0x76,0x61,0x72,0x20,0x63,0x68,
  0x69,0x6c,0x64,0x4e,0x6f,0x64,0x65,0xa,0x20,0x20,0x20,0x20,0x20,0x20,0x20,0x20,
  0x20,0x20,0x20,0x20,0x74,0x65,0x78,0x74,0x3a,0x20,0x63,0x68,0x69,0x6c,0x64,0x4e,
  0x6f,0x64,0x65,0x20,0x3f,0x20,0x53,0x74,0x72,0x69,0x6e,0x67,0x28,0x63,0x68,0x69,
  0x6c,0x64,0x4e,0x6f,0x64,0x65,0x2e,0x70,0x72,0x6f,0x70,0x65,0x72,0x74,0x69,0x65,
  0x73,0x5b,0x22,0x74,0x65,0x78,0x74,0x22,0x5d,0x20,0x7c,0x7c,0x20,0x22,0x22,0x29,
  0x20,0x3a,0x20,0x22,0x22,0xa,0x20,0x20,0x20,0x20,0x20,0x20,0x20,0x20,0x20,0x20,
  0x20,0x20,0x65,0x6e,0x61,0x62,0x6c,0x65,0x64,0x3a,0x20,0x21,0x63,0x68,0x69,0x6c,
  0x64,0x4e,0x6f,0x64,0x65,0x20,0x7c,0x7c,0x20,0x63,0x68,0x69,0x6c,0x64,0x4e,0x6f,
  0x64,0x65,0x2e,0x70,0x72,0x6f,0x70,0x65,0x72,0x74,0x69,0x65,0x73,0x5b,0x22,0x65,
  0x6e,0x61,0x62,0x6c,0x65,0x64,0x22,0x5d,0x20,0x21,0x3d,0x3d,0x20,0x66,0x61,0x6c,
  0x73,0x65,0xa,0x20,0x20,0x20,0x20,0x20,0x20,0x20,0x20,0x20,0x20,0x20,0x20,0x6f,
  0x6e,0x54,0x72,0x69,0x67,0x67,0x65,0x72,0x65,0x64,0x3a,0x20,0x69,0x66,0x20,0x28,
  0x63,0x68,0x69,0x6c,0x64,0x4e,0x6f,0x64,0x65,0x29,0x20,0x63,0x68,0x69,0x6c,0x64,
  0x4e,0x6f,0x64,0x65,0x2e,0x70,0x72,0x65,0x73,0x73,0x28,0x29,0xa,0x20,0x20,0x20,
  0x20,0x20,0x20,0x20,0x20,0x7d,0xa,0x20,0x20,0x20,0x20,0x7d,0xa,0xa,0x20,0x20,
  0x20,0x20,0x43,0x6f,0x6d,0x70,0x6f,0x6e,0x65,0x6e,0x74,0x2e,0x6f,0x6e,0x43,0x6f,
  0x6d,0x70,0x6c,0x65,0x74,0x65,0x64,0x3a,0x20,0x7b,0xa,0x20,0x20,0x20,0x20,0x20,
  0x20,0x20,0x20,0x69,0x66,0x20,0x28,0x76,0x69,0x65,0x77,0x2e,0x6e,0x6f,0x64,0x65,
  0x20,0x26,0x26,0x20,0x21,0x76,0x69,0x65,0x77,0x2e,0x6e,0x6f,0x64,0x65,0x2e,0x65,
  0x78,0x74,0x65,0x6e,0x73,0x69,0x6f,0x6e,0x20,0x26,0x26,0xa,0x20,0x20,0x20,0x20,
  0x20,0x20,0x20,0x20,0x20,0x20,0x20,0x20,0x20,0x20,0x20,0x20,0x76,0x69,0x65,0x77,
  0x2e,0x6e,0x6f,0x64,0x65,0x2e,0x70,0x72,0x6f,0x70,0x65,0x72,0x74,0x69,0x65,0x73,
  0x5b,0x22,0x61,0x70,0x70,0x65,0x61,0x72,0x2d,0x65,0x6e,0x61,0x62,0x6c,0x65,0x64,
  0x22,0x5d,0x20,0x3d,0x3d,0x3d,0x20,0x74,0x72,0x75,0x65,0x29,0x20,0x7b,0xa,0x20,
  0x20,0x20,0x20,0x20,0x20,0x20,0x20,0x20,0x20,0x20,0x20,0x76,0x69,0x65,0x77,0x2e,
  0x6e,0x6f,0x64,0x65,0x2e,0x61,0x70,0x70,0x65,0x61,0x72,0x28,0x29,0xa,0x20,0x20,
  0x20,0x20,0x20,0x20,0x20,0x20,0x7d,0xa,0x20,0x20,0x20,0x20,0x7d,0xa,0x7d,0xa,
  
    // /home/ubuntu/repos/lui/platform/qt/qml/LuiLabel.qml
  0x0,0x0,0x1,0x63,
  0x69,
  0x6d,0x70,0x6f,0x72,0x74,0x20,0x51,0x74,0x51,0x75,0x69,0x63,0x6b,0xa,0x69,0x6d,
  0x70,0x6f,0x72,0x74,0x20,0x22,0x4c,0x75,0x69,0x53,0x74,0x79,0x6c,0x65,0x2e,0x6a,
  0x73,0x22,0x20,0x61,0x73,0x20,0x53,0x74,0x79,0x6c,0x65,0xa,0xa,0x2f,0x2f,0x20,
  0x57,0x69,0x72,0x65,0x20,0x6b,0x69,0x6e,0x64,0x3a,0x20,0x6c,0x61,0x62,0x65,0x6c,
  0x20,0xe2,0x80,0x94,0x20,0x73,0x6d,0x61,0x6c,0x6c,0x20,0x73,0x65,0x63,0x6f,0x6e,
  0x64,0x61,0x72,0x79,0x20,0x74,0x65,0x78,0x74,0x2e,0xa,0x54,0x65,0x78,0x74,0x20,
  0x7b,0xa,0x20,0x20,0x20,0x20,0x69,0x64,0x3a,0x20,0x6c,0x61,0x62,0x65,0x6c,0xa,
  0x20,0x20,0x20,0x20,0x72,0x65,0x71,0x75,0x69,0x72,0x65,0x64,0x20,0x70,0x72,0x6f,
  0x70,0x65,0x72,0x74,0x79,0x20,0x76,0x61,0x72,0x20,0x6e,0x6f,0x64,0x65,0xa,0x20,
  0x20,0x20,0x20,0x72,0x65,0x61,0x64,0x6f,0x6e,0x6c,0x79,0x20,0x70,0x72,0x6f,0x70,
  0x65,0x72,0x74,0x79,0x20,0x76,0x61,0x72,0x20,0x70,0x72,0x6f,0x70,0x73,0x3a,0x20,
  0x6e,0x6f,0x64,0x65,0x20,0x3f,0x20,0x6e,0x6f,0x64,0x65,0x2e,0x70,0x72,0x6f,0x70,
  0x65,0x72,0x74,0x69,0x65,0x73,0x20,0x3a,0x20,0x28,0x7b,0x7d,0x29,0xa,0xa,0x20,
  0x20,0x20,0x20,0x74,0x65,0x78,0x74,0x3a,0x20,0x53,0x74,0x79,0x6c,0x65,0x2e,0x73,
  0x74,0x72,0x28,0x70,0x72,0x6f,0x70,0x73,0x2c,0x20,0x22,0x74,0x65,0x78,0x74,0x22,
  0x2c,0x20,0x22,0x22,0x29,0xa,0x20,0x20,0x20,0x20,0x63,0x6f,0x6c,0x6f,0x72,0x3a,
  0x20,0x53,0x74,0x79,0x6c,0x65,0x2e,0x63,0x6f,0x6c,0x6f,0x72,0x28,0x70,0x72,0x6f,
  0x70,0x73,0x5b,0x22,0x66,0x6f,0x72,0x65,0x67,0x72,0x6f,0x75,0x6e,0x64,0x22,0x5d,
  0x2c,0x20,0x22,0x23,0x35,0x32,0x35,0x32,0x35,0x62,0x22,0x29,0xa,0x20,0x20,0x20,
  0x20,0x66,0x6f,0x6e,0x74,0x2e,0x70,0x69,0x78,0x65,0x6c,0x53,0x69,0x7a,0x65,0x3a,
  0x20,0x31,0x32,0xa,0x20,0x20,0x20,0x20,0x77,0x72,0x61,0x70,0x4d,0x6f,0x64,0x65,
  0x3a,0x20,0x54,0x65,0x78,0x74,0x2e,0x57,0x6f,0x72,0x64,0x57,0x72,0x61,0x70,0xa,
  0x7d,0xa,
    // /home/ubuntu/repos/lui/platform/qt/qml/LuiParagraph.qml
  0x0,0x0,0x1,0x77,
  0x69,
  0x6d,0x70,0x6f,0x72,0x74,0x20,0x51,0x74,0x51,0x75,0x69,0x63,0x6b,0xa,0x69,0x6d,
  0x70,0x6f,0x72,0x74,0x20,0x22,0x4c,0x75,0x69,0x53,0x74,0x79,0x6c,0x65,0x2e,0x6a,
  0x73,0x22,0x20,0x61,0x73,0x20,0x53,0x74,0x79,0x6c,0x65,0xa,0xa,0x2f,0x2f,0x20,
  0x57,0x69,0x72,0x65,0x20,0x6b,0x69,0x6e,0x64,0x3a,0x20,0x70,0x61,0x72,0x61,0x67,
  0x72,0x61,0x70,0x68,0x20,0xe2,0x80,0x94,0x20,0x77,0x72,0x61,0x70,0x70,0x65,0x64,
  0x20,0x62,0x6f,0x64,0x79,0x20,0x74,0x65,0x78,0x74,0x2e,0xa,0x54,0x65,0x78,0x74,
  0x20,0x7b,0xa,0x20,0x20,0x20,0x20,0x69,0x64,0x3a,0x20,0x70,0x61,0x72,0x61,0xa,
  0x20,0x20,0x20,0x20,0x72,0x65,0x71,0x75,0x69,0x72,0x65,0x64,0x20,0x70,0x72,0x6f,
  0x70,0x65,0x72,0x74,0x79,0x20,0x76,0x61,0x72,0x20,0x6e,0x6f,0x64,0x65,0xa,0x20,
  0x20,0x20,0x20,0x72,0x65,0x61,0x64,0x6f,0x6e,0x6c,0x79,0x20,0x70,0x72,0x6f,0x70,
  0x65,0x72,0x74,0x79,0x20,0x76,0x61,0x72,0x20,0x70,0x72,0x6f,0x70,0x73,0x3a,0x20,
  0x6e,0x6f,0x64,0x65,0x20,0x3f,0x20,0x6e,0x6f,0x64,0x65,0x2e,0x70,0x72,0x6f,0x70,
  0x65,0x72,0x74,0x69,0x65,0x73,0x20,0x3a,0x20,0x28,0x7b,0x7d,0x29,0xa,0xa,0x20,
  0x20,0x20,0x20,0x74,0x65,0x78,0x74,0x3a,0x20,0x53,0x74,0x79,0x6c,0x65,0x2e,0x73,
  0x74,0x72,0x28,0x70,0x72,0x6f,0x70,0x73,0x2c,0x20,0x22,0x74,0x65,0x78,0x74,0x22,
  0x2c,0x20,0x22,0x22,0x29,0xa,0x20,0x20,0x20,0x20,0x63,0x6f,0x6c,0x6f,0x72,0x3a,
  0x20,0x53,0x74,0x79,0x6c,0x65,0x2e,0x63,0x6f,0x6c,0x6f,0x72,0x28,0x70,0x72,0x6f,
  0x70,0x73,0x5b,0x22,0x66,0x6f,0x72,0x65,0x67,0x72,0x6f,0x75,0x6e,0x64,0x22,0x5d,
  0x2c,0x20,0x22,0x23,0x33,0x66,0x33,0x66,0x34,0x36,0x22,0x29,0xa,0x20,0x20,0x20,
  0x20,0x66,0x6f,0x6e,0x74,0x2e,0x70,0x69,0x78,0x65,0x6c,0x53,0x69,0x7a,0x65,0x3a,
  0x20,0x31,0x34,0xa,0x20,0x20,0x20,0x20,0x6c,0x69,0x6e,0x65,0x48,0x65,0x69,0x67,
  0x68,0x74,0x3a,0x20,0x31,0x2e,0x34,0xa,0x20,0x20,0x20,0x20,0x77,0x72,0x61,0x70,
  0x4d,0x6f,0x64,0x65,0x3a,0x20,0x54,0x65,0x78,0x74,0x2e,0x57,0x6f,0x72,0x64,0x57,
  0x72,0x61,0x70,0xa,0x7d,0xa,
    // /home/ubuntu/repos/lui/platform/qt/qml/LuiAlert.qml
  0x0,0x0,0x7,0x90,
  0x69,
  0x6d,0x70,0x6f,0x72,0x74,0x20,0x51,0x74,0x51,0x75,0x69,0x63,0x6b,0xa,0x69,0x6d,
  0x70,0x6f,0x72,0x74,0x20,0x51,0x74,0x51,0x75,0x69,0x63,0x6b,0x2e,0x4c,0x61,0x79,
  0x6f,0x75,0x74,0x73,0xa,0x69,0x6d,0x70,0x6f,0x72,0x74,0x20,0x22,0x4c,0x75,0x69,
  0x53,0x74,0x79,0x6c,0x65,0x2e,0x6a,0x73,0x22,0x20,0x61,0x73,0x20,0x53,0x74,0x79,
  0x6c,0x65,0xa,0xa,0x2f,0x2f,0x20,0x57,0x69,0x72,0x65,0x20,0x6b,0x69,0x6e,0x64,
  0x3a,0x20,0x61,0x6c,0x65,0x72,0x74,0x20,0xe2,0x80,0x94,0x20,0x73,0x74,0x61,0x74,
  0x75,0x73,0x20,0x63,0x61,0x6c,0x6c,0x6f,0x75,0x74,0x20,0x74,0x69,0x6e,0x74,0x65,
  0x64,0x20,0x62,0x79,0x20,0x76,0x61,0x72,0x69,0x61,0x6e,0x74,0xa,0x2f,0x2f,0x20,
  0x28,0x64,0x65,0x66,0x61,0x75,0x6c,0x74,0x2f,0x70,0x72,0x69,0x6d,0x61,0x72,0x79,
  0x2f,0x73,0x65,0x63,0x6f,0x6e,0x64,0x61,0x72,0x79,0x2f,0x6f,0x75,0x74,0x6c,0x69,
  0x6e,0x65,0x2f,0x67,0x68,0x6f,0x73,0x74,0x2f,0x64,0x65,0x73,0x74,0x72,0x75,0x63,
  0x74,0x69,0x76,0x65,0x29,0x2e,0xa,0x52,0x65,0x63,0x74,0x61,0x6e,0x67,0x6c,0x65,
  0x20,0x7b,0xa,0x20,0x20,0x20,0x20,0x69,0x64,0x3a,0x20,0x61,0x6c,0x65,0x72,0x74,
  0xa,0x20,0x20,0x20,0x20,0x72,0x65,0x71,0x75,0x69,0x72,0x65,0x64,0x20,0x70,0x72,
  0x6f,0x70,0x65,0x72,0x74,0x79,0x20,0x76,0x61,0x72,0x20,0x6e,0x6f,0x64,0x65,0xa,
  0x20,0x20,0x20,0x20,0x72,0x65,0x61,0x64,0x6f,0x6e,0x6c,0x79,0x20,0x70,0x72,0x6f,
  0x70,0x65,0x72,0x74,0x79,0x20,0x76,0x61,0x72,0x20,0x70,0x72,0x6f,0x70,0x73,0x3a,
  0x20,0x6e,0x6f,0x64,0x65,0x20,0x3f,0x20,0x6e,0x6f,0x64,0x65,0x2e,0x70,0x72,0x6f,
  0x70,0x65,0x72,0x74,0x69,0x65,0x73,0x20,0x3a,0x20,0x28,0x7b,0x7d,0x29,0xa,0xa,
  0x20,0x20,0x20,0x20,0x66,0x75,0x6e,0x63,0x74,0x69,0x6f,0x6e,0x20,0x76,0x61,0x72,
  0x69,0x61,0x6e,0x74,0x43,0x6f,0x6c,0x6f,0x72,0x73,0x28,0x29,0x20,0x7b,0xa,0x20,
  0x20,0x20,0x20,0x20,0x20,0x20,0x20,0x73,0x77,0x69,0x74,0x63,0x68,0x20,0x28,0x53,
  0x74,0x79,0x6c,0x65,0x2e,0x73,0x74,0x72,0x28,0x70,0x72,0x6f,0x70,0x73,0x2c,0x20,
  0x22,0x76,0x61,0x72,0x69,0x61,0x6e,0x74,0x22,0x2c,0x20,0x22,0x64,0x65,0x66,0x61,
  0x75,0x6c,0x74,0x22,0x29,0x29,0x20,0x7b,0xa,0x20,0x20,0x20,0x20,0x20,0x20,0x20,
  0x20,0x63,0x61,0x73,0x65,0x20,0x22,0x70,0x72,0x69,0x6d,0x61,0x72,0x79,0x22,0x3a,
  0x20,0x72,0x65,0x74,0x75,0x72,0x6e,0x20,0x5b,0x22,0x23,0x65,0x38,0x66,0x32,0x66,
  0x66,0x22,0x2c,0x20,0x22,0x23,0x30,0x30,0x37,0x61,0x66,0x66,0x22,0x2c,0x20,0x22,
  0x23,0x30,0x66,0x34,0x61,0x38,0x61,0x22,0x5d,0xa,0x20,0x20,0x20,0x20,0x20,0x20,
  0x20,0x20,0x63,0x61,0x73,0x65,0x20,0x22,0x73,0x65,0x63,0x6f,0x6e,0x64,0x61,0x72,
  0x79,0x22,0x3a,0x20,0x72,0x65,0x74,0x75,0x72,0x6e,0x20,0x5b,0x22,0x23,0x66,0x34,
  0x66,0x34,0x66,0x35,0x22,0x2c,0x20,0x22,0x23,0x65,0x34,0x65,0x34,0x65,0x37,0x22,
  0x2c,0x20,0x22,0x23,0x31,0x38,0x31,0x38,0x31,0x62,0x22,0x5d,0xa,0x20,0x20,0x20,
  0x20,0x20,0x20,0x20,0x20,0x63,0x61,0x73,0x65,0x20,0x22,0x6f,0x75,0x74,0x6c,0x69,
  0x6e,0x65,0x22,0x3a,0x20,0x72,0x65,0x74,0x75,0x72,0x6e,0x20,0x5b,0x22,0x74,0x72,
  0x61,0x6e,0x73,0x70,0x61,0x72,0x65,0x6e,0x74,0x22,0x2c,0x20,0x22,0x23,0x65,0x34,
  0x65,0x34,0x65,0x37,0x22,0x2c,0x20,0x22,0x23,0x31,0x38,0x31,0x38,0x31,0x62,0x22,
  0x5d,0xa,0x20,0x20,0x20,0x20,0x20,0x20,0x20,0x20,0x63,0x61,0x73,0x65,0x20,0x22,
  0x67,0x68,0x6f,0x73,0x74,0x22,0x3a,0x20,0x72,0x65,0x74,0x75,0x72,0x6e,0x20,0x5b,
  0x22,0x74,0x72,0x61,0x6e,0x73,0x70,0x61,0x72,0x65,0x6e,0x74,0x22,0x2c,0x20,0x22,
  0x74,0x72,0x61,0x6e,0x73,0x70,0x61,0x72,0x65,0x6e,0x74,0x22,0x2c,0x20,0x22,0x23,
  0x31,0x38,0x31,0x38,0x31,0x62,0x22,0x5d,0xa,0x20,0x20,0x20,0x20,0x20,0x20,0x20,
  0x20,0x63,0x61,0x73,0x65,0x20,0x22,0x64,0x65,0x73,0x74,0x72,0x75,0x63,0x74,0x69,
  0x76,0x65,0x22,0x3a,0x20,0x72,0x65,0x74,0x75,0x72,0x6e,0x20,0x5b,0x22,0x23,0x66,
  0x65,0x65,0x32,0x65,0x32,0x22,0x2c,0x20,0x22,0x23,0x65,0x66,0x34,0x34,0x34,0x34,
  0x22,0x2c,0x20,0x22,0x23,0x39,0x39,0x31,0x62,0x31,0x62,0x22,0x5d,0xa,0x20,0x20,
  0x20,0x20,0x20,0x20,0x20,0x20,0x64,0x65,0x66,0x61,0x75,0x6c,0x74,0x3a,0x20,0x72,
  0x65,0x74,0x75,0x72,0x6e,0x20,0x5b,0x22,0x23,0x66,0x34,0x66,0x34,0x66,0x35,0x22,
  0x2c,0x20,0x22,0x23,0x65,0x34,0x65,0x34,0x65,0x37,0x22,0x2c,0x20,0x22,0x23,0x31,
  0x38,0x31,0x38,0x31,0x62,0x22,0x5d,0xa,0x20,0x20,0x20,0x20,0x20,0x20,0x20,0x20,
  0x7d,0xa,0x20,0x20,0x20,0x20,0x7d,0xa,0xa,0x20,0x20,0x20,0x20,0x72,0x65,0x61,
  0x64,0x6f,0x6e,0x6c,0x79,0x20,0x70,0x72,0x6f,0x70,0x65,0x72,0x74,0x79,0x20,0x76,
  0x61,0x72,0x20,0x5f,0x63,0x6f,0x6c,0x6f,0x72,0x73,0x3a,0x20,0x76,0x61,0x72,0x69,
  0x61,0x6e,0x74,0x43,0x6f,0x6c,0x6f,0x72,0x73,0x28,0x29,0xa,0x20,0x20,0x20,0x20,
  0x63,0x6f,0x6c,0x6f,0x72,0x3a,0x20,0x5f,0x63,0x6f,0x6c,0x6f,0x72,0x73,0x5b,0x30,
  0x5d,0xa,0x20,0x20,0x20,0x20,0x62,0x6f,0x72,0x64,0x65,0x72,0x2e,0x63,0x6f,0x6c,
  0x6f,0x72,0x3a,0x20,0x53,0x74,0x79,0x6c,0x65,0x2e,0x63,0x6f,0x6c,0x6f,0x72,0x28,
  0x70,0x72,0x6f,0x70,0x73,0x5b,0x22,0x62,0x6f,0x72,0x64,0x65,0x72,0x2d,0x63,0x6f,
  0x6c,0x6f,0x72,0x22,0x5d,0x2c,0x20,0x5f,0x63,0x6f,0x6c,0x6f,0x72,0x73,0x5b,0x31,
  0x5d,0x29,0xa,0x20,0x20,0x20,0x20,0x62,0x6f,0x72,0x64,0x65,0x72,0x2e,0x77,0x69,
  0x64,0x74,0x68,0x3a,0x20,0x53,0x74,0x79,0x6c,0x65,0x2e,0x6e,0x75,0x6d,0x28,0x70,
  0x72,0x6f,0x70,0x73,0x2c,0x20,0x22,0x62,0x6f,0x72,0x64,0x65,0x72,0x2d,0x77,0x69,
  0x64,0x74,0x68,0x22,0x2c,0x20,0x31,0x29,0xa,0x20,0x20,0x20,0x20,0x72,0x61,0x64,
  0x69,0x75,0x73,0x3a,0x20,0x53,0x74,0x79,0x6c,0x65,0x2e,0x6e,0x75,0x6d,0x28,0x70,
  0x72,0x6f,0x70,0x73,0x2c,0x20,0x22,0x63,0x6f,0x72,0x6e,0x65,0x72,0x2d,0x72,0x61,
  0x64,0x69,0x75,0x73,0x22,0x2c,0x20,0x38,0x29,0xa,0xa,0x20,0x20,0x20,0x20,0x69,
  0x6d,0x70,0x6c,0x69,0x63,0x69,0x74,0x57,0x69,0x64,0x74,0x68,0x3a,0x20,0x63,0x6f,
  0x6c,0x2e,0x69,0x6d,0x70,0x6c,0x69,0x63,0x69,0x74,0x57,0x69,0x64,0x74,0x68,0x20,
  0x2b,0x20,0x32,0x20,0x2a,0x20,0x70,0x61,0x64,0xa,0x20,0x20,0x20,0x20,0x69,0x6d,
  0x70,0x6c,0x69,0x63,0x69,0x74,0x48,0x65,0x69,0x67,0x68,0x74,0x3a,0x20,0x63,0x6f,
  0x6c,0x2e,0x69,0x6d,0x70,0x6c,0x69,0x63,0x69,0x74,0x48,0x65,0x69,0x67,0x68,0x74,
  0x20,0x2b,0x20,0x32,0x20,0x2a,0x20,0x70,0x61,0x64,0xa,0x20,0x20,0x20,0x20,0x70,
  0x72,0x6f,0x70,0x65,0x72,0x74,0x79,0x20,0x72,0x65,0x61,0x6c,0x20,0x70,0x61,0x64,
  0x3a,0x20,0x31,0x32,0xa,0xa,0x20,0x20,0x20,0x20,0x43,0x6f,0x6c,0x75,0x6d,0x6e,
  0x4c,0x61,0x79,0x6f,0x75,0x74,0x20,0x7b,0xa,0x20,0x20,0x20,0x20,0x20,0x20,0x20,
  0x20,0x69,0x64,0x3a,0x20,0x63,0x6f,0x6c,0xa,0x20,0x20,0x20,0x20,0x20,0x20,0x20,
  0x20,0x61,0x6e,0x63,0x68,0x6f,0x72,0x73,0x2e,0x66,0x69,0x6c,0x6c,0x3a,0x20,0x70,
  0x61,0x72,0x65,0x6e,0x74,0xa,0x20,0x20,0x20,0x20,0x20,0x20,0x20,0x20,0x61,0x6e,
  0x63,0x68,0x6f,0x72,0x73,0x2e,0x6d,0x61,0x72,0x67,0x69,0x6e,0x73,0x3a,0x20,0x61,
  0x6c,0x65,0x72,0x74,0x2e,0x70,0x61,0x64,0xa,0x20,0x20,0x20,0x20,0x20,0x20,0x20,
  0x20,0x73,0x70,0x61,0x63,0x69,0x6e,0x67,0x3a,0x20,0x53,0x74,0x79,0x6c,0x65,0x2e,
  0x6e,0x75,0x6d,0x28,0x70,0x72,0x6f,0x70,0x73,0x2c,0x20,0x22,0x67,0x61,0x70,0x22,
  0x2c,0x20,0x36,0x29,0xa,0xa,0x20,0x20,0x20,0x20,0x20,0x20,0x20,0x20,0x54,0x65,
  0x78,0x74,0x20,0x7b,0xa,0x20,0x20,0x20,0x20,0x20,0x20,0x20,0x20,0x20,0x20,0x20,
  0x20,0x76,0x69,0x73,0x69,0x62,0x6c,0x65,0x3a,0x20,0x53,0x74,0x79,0x6c,0x65,0x2e,
  0x73,0x74,0x72,0x28,0x61,0x6c,0x65,0x72,0x74,0x2e,0x70,0x72,0x6f,0x70,0x73,0x2c,
  0x20,0x22,0x74,0x65,0x78,0x74,0x22,0x2c,0x20,0x22,0x22,0x29,0x20,0x21,0x3d,0x3d,
  0x20,0x22,0x22,0xa,0x20,0x20,0x20,0x20,0x20,0x20,0x20,0x20,0x20,0x20,0x20,0x20,
  0x74,0x65,0x78,0x74,0x3a,0x20,0x53,0x74,0x79,0x6c,0x65,0x2e,0x73,0x74,0x72,0x28,
  0x61,0x6c,0x65,0x72,0x74,0x2e,0x70,0x72,0x6f,0x70,0x73,0x2c,0x20,0x22,0x74,0x65,
  0x78,0x74,0x22,0x2c,0x20,0x22,0x22,0x29,0xa,0x20,0x20,0x20,0x20,0x20,0x20,0x20,
  0x20,0x20,0x20,0x20,0x20,0x63,0x6f,0x6c,0x6f,0x72,0x3a,0x20,0x53,0x74,0x79,0x6c,
  0x65,0x2e,0x63,0x6f,0x6c,0x6f,0x72,0x28,0x61,0x6c,0x65,0x72,0x74,0x2e,0x70,0x72,
  0x6f,0x70,0x73,0x5b,0x22,0x66,0x6f,0x72,0x65,0x67,0x72,0x6f,0x75,0x6e,0x64,0x22,
  0x5d,0x2c,0x20,0x61,0x6c,0x65,0x72,0x74,0x2e,0x5f,0x63,0x6f,0x6c,0x6f,0x72,0x73,
  0x5b,0x32,0x5d,0x29,0xa,0x20,0x20,0x20,0x20,0x20,0x20,0x20,0x20,0x20,0x20,0x20,
  0x20,0x66,0x6f,0x6e,0x74,0x2e,0x70,0x69,0x78,0x65,0x6c,0x53,0x69,0x7a,0x65,0x3a,
  0x20,0x31,0x34,0xa,0x20,0x20,0x20,0x20,0x20,0x20,0x20,0x20,0x20,0x20,0x20,0x20,
  0x66,0x6f,0x6e,0x74,0x2e,0x77,0x65,0x69,0x67,0x68,0x74,0x3a,0x20,0x46,0x6f,0x6e,
  0x74,0x2e,0x44,0x65,0x6d,0x69,0x42,0x6f,0x6c,0x64,0xa,0x20,0x20,0x20,0x20,0x20,
  0x20,0x20,0x20,0x20,0x20,0x20,0x20,0x77,0x72,0x61,0x70,0x4d,0x6f,0x64,0x65,0x3a,
  0x20,0x54,0x65,0x78,0x74,0x2e,0x57,0x6f,0x72,0x64,0x57,0x72,0x61,0x70,0xa,0x20,
  0x20,0x20,0x20,0x20,0x20,0x20,0x20,0x20,0x20,0x20,0x20,0x4c,0x61,0x79,0x6f,0x75,
  0x74,0x2e,0x66,0x69,0x6c,0x6c,0x57,0x69,0x64,0x74,0x68,0x3a,0x20,0x74,0x72,0x75,
  0x65,0xa,0x20,0x20,0x20,0x20,0x20,0x20,0x20,0x20,0x7d,0xa,0x20,0x20,0x20,0x20,
  0x20,0x20,0x20,0x20,0x52,0x65,0x70,0x65,0x61,0x74,0x65,0x72,0x20,0x7b,0xa,0x20,
  0x20,0x20,0x20,0x20,0x20,0x20,0x20,0x20,0x20,0x20,0x20,0x6d,0x6f,0x64,0x65,0x6c,
  0x3a,0x20,0x61,0x6c,0x65,0x72,0x74,0x2e,0x6e,0x6f,0x64,0x65,0x20,0x3f,0x20,0x61,
  0x6c,0x65,0x72,0x74,0x2e,0x6e,0x6f,0x64,0x65,0x2e,0x63,0x68,0x69,0x6c,0x64,0x72,
  0x65,0x6e,0x20,0x3a,0x20,0x5b,0x5d,0xa,0x20,0x20,0x20,0x20,0x20,0x20,0x20,0x20,
  0x20,0x20,0x20,0x20,0x64,0x65,0x6c,0x65,0x67,0x61,0x74,0x65,0x3a,0x20,0x4c,0x75,
  0x69,0x4e,0x6f,0x64,0x65,0x56,0x69,0x65,0x77,0x20,0x7b,0xa,0x20,0x20,0x20,0x20,
  0x20,0x20,0x20,0x20,0x20,0x20,0x20,0x20,0x72,0x65,0x71,0x75,0x69,0x72,0x65,0x64,
  0x20,0x70,0x72,0x6f,0x70,0x65,0x72,0x74,0x79,0x20,0x76,0x61,0x72,0x20,0x6d,0x6f,
  0x64,0x65,0x6c,0x44,0x61,0x74,0x61,0xa,0x20,0x20,0x20,0x20,0x20,0x20,0x20,0x20,
  0x20,0x20,0x20,0x20,0x20,0x20,0x20,0x20,0x6e,0x6f,0x64,0x65,0x3a,0x20,0x6d,0x6f,
  0x64,0x65,0x6c,0x44,0x61,0x74,0x61,0xa,0x20,0x20,0x20,0x20,0x20,0x20,0x20,0x20,
  0x20,0x20,0x20,0x20,0x20,0x20,0x20,0x20,0x4c,0x61,0x79,0x6f,0x75,0x74,0x2e,0x66,
  0x69,0x6c,0x6c,0x57,0x69,0x64,0x74,0x68,0x3a,0x20,0x74,0x72,0x75,0x65,0xa,0x20,
  0x20,0x20,0x20,0x20,0x20,0x20,0x20,0x20,0x20,0x20,0x20,0x7d,0xa,0x20,0x20,0x20,
  0x20,0x20,0x20,0x20,0x20,0x7d,0xa,0x20,0x20,0x20,0x20,0x7d,0xa,0x7d,0xa,
    // /home/ubuntu/repos/lui/platform/qt/qml/LuiCombobox.qml
  0x0,0x0,0x6,0x2b,
  0x69,
  0x6d,0x70,0x6f,0x72,0x74,0x20,0x51,0x74,0x51,0x75,0x69,0x63,0x6b,0xa,0x69,0x6d,
  0x70,0x6f,0x72,0x74,0x20,0x51,0x74,0x51,0x75,0x69,0x63,0x6b,0x2e,0x43,0x6f,0x6e,
  0x74,0x72,0x6f,0x6c,0x73,0xa,0x69,0x6d,0x70,0x6f,0x72,0x74,0x20,0x22,0x4c,0x75,
  0x69,0x53,0x74,0x79,0x6c,0x65,0x2e,0x6a,0x73,0x22,0x20,0x61,0x73,0x20,0x53,0x74,
  0x79,0x6c,0x65,0xa,0xa,0x2f,0x2f,0x20,0x57,0x69,0x72,0x65,0x20,0x6b,0x69,0x6e,
  0x64,0x3a,0x20,0x63,0x6f,0x6d,0x62,0x6f,0x62,0x6f,0x78,0x20,0xe2,0x80,0x94,0x20,
  0x65,0x64,0x69,0x74,0x61,0x62,0x6c,0x65,0x20,0x74,0x65,0x78,0x74,0x20,0x69,0x6e,
  0x70,0x75,0x74,0x20,0x77,0x68,0x6f,0x73,0x65,0x20,0x61,0x72,0x72,0x6f,0x77,0x20,
  0x6f,0x70,0x65,0x6e,0x73,0x20,0x74,0x68,0x65,0x20,0x70,0x69,0x63,0x6b,0x65,0x72,
  0xa,0x2f,0x2f,0x20,0x28,0x70,0x72,0x65,0x73,0x73,0x20,0x65,0x76,0x65,0x6e,0x74,
  0x20,0x73,0x6f,0x20,0x74,0x68,0x65,0x20,0x72,0x75,0x6e,0x74,0x69,0x6d,0x65,0x20,
  0x63,0x61,0x6e,0x20,0x61,0x74,0x74,0x61,0x63,0x68,0x20,0x61,0x20,0x64,0x72,0x6f,
  0x70,0x64,0x6f,0x77,0x6e,0x2d,0x6d,0x65,0x6e,0x75,0x20,0x63,0x68,0x69,0x6c,0x64,
  0x29,0x2e,0xa,0x54,0x65,0x78,0x74,0x46,0x69,0x65,0x6c,0x64,0x20,0x7b,0xa,0x20,
  0x20,0x20,0x20,0x69,0x64,0x3a,0x20,0x66,0x69,0x65,0x6c,0x64,0xa,0x20,0x20,0x20,
  0x20,0x72,0x65,0x71,0x75,0x69,0x72,0x65,0x64,0x20,0x70,0x72,0x6f,0x70,0x65,0x72,
  0x74,0x79,0x20,0x76,0x61,0x72,0x20,0x6e,0x6f,0x64,0x65,0xa,0x20,0x20,0x20,0x20,
  0x72,0x65,0x61,0x64,0x6f,0x6e,0x6c,0x79,0x20,0x70,0x72,0x6f,0x70,0x65,0x72,0x74,
  0x79,0x20,0x76,0x61,0x72,0x20,0x70,0x72,0x6f,0x70,0x73,0x3a,0x20,0x6e,0x6f,0x64,
  0x65,0x20,0x3f,0x20,0x6e,0x6f,0x64,0x65,0x2e,0x70,0x72,0x6f,0x70,0x65,0x72,0x74,
  0x69,0x65,0x73,0x20,0x3a,0x20,0x28,0x7b,0x7d,0x29,0xa,0xa,0x20,0x20,0x20,0x20,
  0x70,0x6c,0x61,0x63,0x65,0x68,0x6f,0x6c,0x64,0x65,0x72,0x54,0x65,0x78,0x74,0x3a,
  0x20,0x53,0x74,0x79,0x6c,0x65,0x2e,0x73,0x74,0x72,0x28,0x70,0x72,0x6f,0x70,0x73,
  0x2c,0x20,0x22,0x70,0x6c,0x61,0x63,0x65,0x68,0x6f,0x6c,0x64,0x65,0x72,0x22,0x2c,
  0x20,0x22,0x22,0x29,0xa,0x20,0x20,0x20,0x20,0x65,0x6e,0x61,0x62,0x6c,0x65,0x64,
  0x3a,0x20,0x70,0x72,0x6f,0x70,0x73,0x5b,0x22,0x65,0x6e,0x61,0x62,0x6c,0x65,0x64,
  0x22,0x5d,0x20,0x21,0x3d,0x3d,0x20,0x66,0x61,0x6c,0x73,0x65,0xa,0x20,0x20,0x20,
  0x20,0x63,0x6f,0x6c,0x6f,0x72,0x3a,0x20,0x53,0x74,0x79,0x6c,0x65,0x2e,0x63,0x6f,
  0x6c,0x6f,0x72,0x28,0x70,0x72,0x6f,0x70,0x73,0x5b,0x22,0x66,0x6f,0x72,0x65,0x67,
  0x72,0x6f,0x75,0x6e,0x64,0x22,0x5d,0x2c,0x20,0x22,0x23,0x31,0x38,0x31,0x38,0x31,
  0x62,0x22,0x29,0xa,0x20,0x20,0x20,0x20,0x69,0x6d,0x70,0x6c,0x69,0x63,0x69,0x74,
  0x57,0x69,0x64,0x74,0x68,0x3a,0x20,0x32,0x30,0x30,0xa,0x20,0x20,0x20,0x20,0x72,
  0x69,0x67,0x68,0x74,0x50,0x61,0x64,0x64,0x69,0x6e,0x67,0x3a,0x20,0x32,0x38,0xa,
  0x20,0x20,0x20,0x20,0x43,0x6f,0x6d,0x70,0x6f,0x6e,0x65,0x6e,0x74,0x2e,0x6f,0x6e,
  0x43,0x6f,0x6d,0x70,0x6c,0x65,0x74,0x65,0x64,0x3a,0x20,0x73,0x79,0x6e,0x63,0x28,
  0x29,0xa,0xa,0x20,0x20,0x20,0x20,0x54,0x65,0x78,0x74,0x20,0x7b,0xa,0x20,0x20,
  0x20,0x20,0x20,0x20,0x20,0x20,0x74,0x65,0x78,0x74,0x3a,0x20,0x22,0xe2,0x96,0xbe,
  0x22,0xa,0x20,0x20,0x20,0x20,0x20,0x20,0x20,0x20,0x63,0x6f,0x6c,0x6f,0x72,0x3a,
  0x20,0x22,0x23,0x37,0x31,0x37,0x31,0x37,0x61,0x22,0xa,0x20,0x20,0x20,0x20,0x20,
  0x20,0x20,0x20,0x61,0x6e,0x63,0x68,0x6f,0x72,0x73,0x20,0x7b,0xa,0x20,0x20,0x20,
  0x20,0x20,0x20,0x20,0x20,0x20,0x20,0x20,0x20,0x72,0x69,0x67,0x68,0x74,0x3a,0x20,
  0x70,0x61,0x72,0x65,0x6e,0x74,0x2e,0x72,0x69,0x67,0x68,0x74,0xa,0x20,0x20,0x20,
  0x20,0x20,0x20,0x20,0x20,0x20,0x20,0x20,0x20,0x72,0x69,0x67,0x68,0x74,0x4d,0x61,
  0x72,0x67,0x69,0x6e,0x3a,0x20,0x38,0xa,0x20,0x20,0x20,0x20,0x20,0x20,0x20,0x20,
  0x20,0x20,0x20,0x20,0x76,0x65,0x72,0x74,0x69,0x63,0x61,0x6c,0x43,0x65,0x6e,0x74,
  0x65,0x72,0x3a,0x20,0x70,0x61,0x72,0x65,0x6e,0x74,0x2e,0x76,0x65,0x72,0x74,0x69,
  0x63,0x61,0x6c,0x43,0x65,0x6e,0x74,0x65,0x72,0xa,0x20,0x20,0x20,0x20,0x20,0x20,
  0x20,0x20,0x7d,0xa,0x20,0x20,0x20,0x20,0x7d,0xa,0x20,0x20,0x20,0x20,0x4d,0x6f,
  0x75,0x73,0x65,0x41,0x72,0x65,0x61,0x20,0x7b,0xa,0x20,0x20,0x20,0x20,0x20,0x20,
  0x20,0x20,0x61,0x6e,0x63,0x68,0x6f,0x72,0x73,0x20,0x7b,0xa,0x20,0x20,0x20,0x20,
  0x20,0x20,0x20,0x20,0x20,0x20,0x20,0x20,0x72,0x69,0x67,0x68,0x74,0x3a,0x20,0x70,
  0x61,0x72,0x65,0x6e,0x74,0x2e,0x72,0x69,0x67,0x68,0x74,0xa,0x20,0x20,0x20,0x20,
  0x20,0x20,0x20,0x20,0x20,0x20,0x20,0x20,0x74,0x6f,0x70,0x3a,0x20,0x70,0x61,0x72,
  0x65,0x6e,0x74,0x2e,0x74,0x6f,0x70,0xa,0x20,0x20,0x20,0x20,0x20,0x20,0x20,0x20,
  0x20,0x20,0x20,0x20,0x62,0x6f,0x74,0x74,0x6f,0x6d,0x3a,0x20,0x70,0x61,0x72,0x65,
  0x6e,0x74,0x2e,0x62,0x6f,0x74,0x74,0x6f,0x6d,0xa,0x20,0x20,0x20,0x20,0x20,0x20,
  0x20,0x20,0x7d,0xa,0x20,0x20,0x20,0x20,0x20,0x20,0x20,0x20,0x77,0x69,0x64,0x74,
  0x68,0x3a,0x20,0x32,0x38,0xa,0x20,0x20,0x20,0x20,0x20,0x20,0x20,0x20,0x6f,0x6e,
  0x43,0x6c,0x69,0x63,0x6b,0x65,0x64,0x3a,0x20,0x66,0x69,0x65,0x6c,0x64,0x2e,0x6e,
  0x6f,0x64,0x65,0x2e,0x70,0x72,0x65,0x73,0x73,0x28,0x29,0xa,0x20,0x20,0x20,0x20,
  0x7d,0xa,0xa,0x20,0x20,0x20,0x20,0x70,0x72,0x6f,0x70,0x65,0x72,0x74,0x79,0x20,
  0x73,0x74,0x72,0x69,0x6e,0x67,0x20,0x77,0x69,0x72,0x65,0x54,0x65,0x78,0x74,0x3a,
  0x20,0x53,0x74,0x79,0x6c,0x65,0x2e,0x73,0x74,0x72,0x28,0x70,0x72,0x6f,0x70,0x73,
  0x2c,0x20,0x22,0x74,0x65,0x78,0x74,0x22,0x2c,0x20,0x22,0x22,0x29,0xa,0x20,0x20,
  0x20,0x20,0x70,0x72,0x6f,0x70,0x65,0x72,0x74,0x79,0x20,0x62,0x6f,0x6f,0x6c,0x20,
  0x75,0x70,0x64,0x61,0x74,0x69,0x6e,0x67,0x3a,0x20,0x66,0x61,0x6c,0x73,0x65,0xa,
  0x20,0x20,0x20,0x20,0x66,0x75,0x6e,0x63,0x74,0x69,0x6f,0x6e,0x20,0x73,0x79,0x6e,
  0x63,0x28,0x29,0x20,0x7b,0xa,0x20,0x20,0x20,0x20,0x20,0x20,0x20,0x20,0x69,0x66,
  0x20,0x28,0x74,0x65,0x78,0x74,0x20,0x21,0x3d,0x3d,0x20,0x77,0x69,0x72,0x65,0x54,
  0x65,0x78,0x74,0x29,0x20,0x7b,0xa,0x20,0x20,0x20,0x20,0x20,0x20,0x20,0x20,0x20,
  0x20,0x20,0x20,0x75,0x70,0x64,0x61,0x74,0x69,0x6e,0x67,0x20,0x3d,0x20,0x74,0x72,
  0x75,0x65,0xa,0x20,0x20,0x20,0x20,0x20,0x20,0x20,0x20,0x20,0x20,0x20,0x20,0x74,
  0x65,0x78,0x74,0x20,0x3d,0x20,0x77,0x69,0x72,0x65,0x54,0x65,0x78,0x74,0xa,0x20,
  0x20,0x20,0x20,0x20,0x20,0x20,0x20,0x20,0x20,0x20,0x20,0x75,0x70,0x64,0x61,0x74,
  0x69,0x6e,0x67,0x20,0x3d,0x20,0x66,0x61,0x6c,0x73,0x65,0xa,0x20,0x20,0x20,0x20,
  0x20,0x20,0x20,0x20,0x7d,0xa,0x20,0x20,0x20,0x20,0x7d,0xa,0x20,0x20,0x20,0x20,
  0x6f,0x6e,0x57,0x69,0x72,0x65,0x54,0x65,0x78,0x74,0x43,0x68,0x61,0x6e,0x67,0x65,
  0x64,0x3a,0x20,0x73,0x79,0x6e,0x63,0x28,0x29,0xa,0x20,0x20,0x20,0x20,0x6f,0x6e,
  0x54,0x65,0x78,0x74,0x43,0x68,0x61,0x6e,0x67,0x65,0x64,0x3a,0x20,0x69,0x66,0x20,
  0x28,0x21,0x75,0x70,0x64,0x61,0x74,0x69,0x6e,0x67,0x29,0x20,0x6e,0x6f,0x64,0x65,
  0x2e,0x74,0x65,0x78,0x74,0x43,0x68,0x61,0x6e,0x67,0x65,0x64,0x28,0x74,0x65,0x78,
  0x74,0x29,0xa,0x20,0x20,0x20,0x20,0x6f,0x6e,0x41,0x63,0x63,0x65,0x70,0x74,0x65,
  0x64,0x3a,0x20,0x6e,0x6f,0x64,0x65,0x2e,0x70,0x72,0x65,0x73,0x73,0x28,0x29,0xa,
  0xa,0x20,0x20,0x20,0x20,0x62,0x61,0x63,0x6b,0x67,0x72,0x6f,0x75,0x6e,0x64,0x3a,
  0x20,0x52,0x65,0x63,0x74,0x61,0x6e,0x67,0x6c,0x65,0x20,0x7b,0xa,0x20,0x20,0x20,
  0x20,0x20,0x20,0x20,0x20,0x69,0x6d,0x70,0x6c,0x69,0x63,0x69,0x74,0x57,0x69,0x64,
  0x74,0x68,0x3a,0x20,0x32,0x30,0x30,0xa,0x20,0x20,0x20,0x20,0x20,0x20,0x20,0x20,
  0x69,0x6d,0x70,0x6c,0x69,0x63,0x69,0x74,0x48,0x65,0x69,0x67,0x68,0x74,0x3a,0x20,
  0x33,0x34,0xa,0x20,0x20,0x20,0x20,0x20,0x20,0x20,0x20,0x72,0x61,0x64,0x69,0x75,
  0x73,0x3a,0x20,0x36,0xa,0x20,0x20,0x20,0x20,0x20,0x20,0x20,0x20,0x63,0x6f,0x6c,
  0x6f,0x72,0x3a,0x20,0x66,0x69,0x65,0x6c,0x64,0x2e,0x65,0x6e,0x61,0x62,0x6c,0x65,
  0x64,0x20,0x3f,0x20,0x22,0x23,0x66,0x66,0x66,0x66,0x66,0x66,0x22,0x20,0x3a,0x20,
  0x22,0x23,0x66,0x34,0x66,0x34,0x66,0x35,0x22,0xa,0x20,0x20,0x20,0x20,0x20,0x20,
  0x20,0x20,0x62,0x6f,0x72,0x64,0x65,0x72,0x2e,0x63,0x6f,0x6c,0x6f,0x72,0x3a,0x20,
  0x66,0x69,0x65,0x6c,0x64,0x2e,0x61,0x63,0x74,0x69,0x76,0x65,0x46,0x6f,0x63,0x75,
  0x73,0x20,0x3f,0x20,0x22,0x23,0x30,0x30,0x37,0x61,0x66,0x66,0x22,0x20,0x3a,0x20,
  0x22,0x23,0x64,0x34,0x64,0x34,0x64,0x38,0x22,0xa,0x20,0x20,0x20,0x20,0x20,0x20,
  0x20,0x20,0x62,0x6f,0x72,0x64,0x65,0x72,0x2e,0x77,0x69,0x64,0x74,0x68,0x3a,0x20,
  0x31,0xa,0x20,0x20,0x20,0x20,0x7d,0xa,0x7d,0xa,
    // /home/ubuntu/repos/lui/platform/qt/qml/LuiButtonGroup.qml
  0x0,0x0,0x1,0xc7,
  0x69,
  0x6d,0x70,0x6f,0x72,0x74,0x20,0x51,0x74,0x51,0x75,0x69,0x63,0x6b,0xa,0x69,0x6d,
  0x70,0x6f,0x72,0x74,0x20,0x51,0x74,0x51,0x75,0x69,0x63,0x6b,0x2e,0x4c,0x61,0x79,
  0x6f,0x75,0x74,0x73,0xa,0x69,0x6d,0x70,0x6f,0x72,0x74,0x20,0x22,0x4c,0x75,0x69,
  0x53,0x74,0x79,0x6c,0x65,0x2e,0x6a,0x73,0x22,0x20,0x61,0x73,0x20,0x53,0x74,0x79,
  0x6c,0x65,0xa,0xa,0x2f,0x2f,0x20,0x57,0x69,0x72,0x65,0x20,0x6b,0x69,0x6e,0x64,
  0x3a,0x20,0x62,0x75,0x74,0x74,0x6f,0x6e,0x2d,0x67,0x72,0x6f,0x75,0x70,0x20,0xe2,
  0x80,0x94,0x20,0x68,0x6f,0x72,0x69,0x7a,0x6f,0x6e,0x74,0x61,0x6c,0x20,0x67,0x72,
  0x6f,0x75,0x70,0x20,0x6f,0x66,0x20,0x62,0x75,0x74,0x74,0x6f,0x6e,0x20,0x63,0x68,
  0x69,0x6c,0x64,0x72,0x65,0x6e,0x2e,0xa,0x52,0x6f,0x77,0x4c,0x61,0x79,0x6f,0x75,
  0x74,0x20,0x7b,0xa,0x20,0x20,0x20,0x20,0x72,0x65,0x71,0x75,0x69,0x72,0x65,0x64,
  0x20,0x70,0x72,0x6f,0x70,0x65,0x72,0x74,0x79,0x20,0x76,0x61,0x72,0x20,0x6e,0x6f,
  0x64,0x65,0xa,0x20,0x20,0x20,0x20,0x72,0x65,0x61,0x64,0x6f,0x6e,0x6c,0x79,0x20,
  0x70,0x72,0x6f,0x70,0x65,0x72,0x74,0x79,0x20,0x76,0x61,0x72,0x20,0x70,0x72,0x6f,
  0x70,0x73,0x3a,0x20,0x6e,0x6f,0x64,0x65,0x20,0x3f,0x20,0x6e,0x6f,0x64,0x65,0x2e,
  0x70,0x72,0x6f,0x70,0x65,0x72,0x74,0x69,0x65,0x73,0x20,0x3a,0x20,0x28,0x7b,0x7d,
  0x29,0xa,0xa,0x20,0x20,0x20,0x20,0x73,0x70,0x61,0x63,0x69,0x6e,0x67,0x3a,0x20,
  0x53,0x74,0x79,0x6c,0x65,0x2e,0x6e,0x75,0x6d,0x28,0x70,0x72,0x6f,0x70,0x73,0x2c,
  0x20,0x22,0x67,0x61,0x70,0x22,0x2c,0x20,0x34,0x29,0xa,0xa,0x20,0x20,0x20,0x20,
  0x52,0x65,0x70,0x65,0x61,0x74,0x65,0x72,0x20,0x7b,0xa,0x20,0x20,0x20,0x20,0x20,
  0x20,0x20,0x20,0x6d,0x6f,0x64,0x65,0x6c,0x3a,0x20,0x6e,0x6f,0x64,0x65,0x20,0x3f,
  0x20,0x6e,0x6f,0x64,0x65,0x2e,0x63,0x68,0x69,0x6c,0x64,0x72,0x65,0x6e,0x20,0x3a,
  0x20,0x5b,0x5d,0xa,0x20,0x20,0x20,0x20,0x20,0x20,0x20,0x20,0x64,0x65,0x6c,0x65,
  0x67,0x61,0x74,0x65,0x3a,0x20,0x4c,0x75,0x69,0x4e,0x6f,0x64,0x65,0x56,0x69,0x65,
  0x77,0x20,0x7b,0xa,0x20,0x20,0x20,0x20,0x20,0x20,0x20,0x20,0x20,0x20,0x20,0x20,
  0x72,0x65,0x71,0x75,0x69,0x72,0x65,0x64,0x20,0x70,0x72,0x6f,0x70,0x65,0x72,0x74,
  0x79,0x20,0x76,0x61,0x72,0x20,0x6d,0x6f,0x64,0x65,0x6c,0x44,0x61,0x74,0x61,0xa,
  0x20,0x20,0x20,0x20,0x20,0x20,0x20,0x20,0x20,0x20,0x20,0x20,0x6e,0x6f,0x64,0x65,
  0x3a,0x20,0x6d,0x6f,0x64,0x65,0x6c,0x44,0x61,0x74,0x61,0x20,0x7d,0xa,0x20,0x20,
  0x20,0x20,0x7d,0xa,0x7d,0xa,
    // /home/ubuntu/repos/lui/platform/qt/qml/LuiStatusBar.qml
  0x0,0x0,0x3,0x5e,
  0x69,
  0x6d,0x70,0x6f,0x72,0x74,0x20,0x51,0x74,0x51,0x75,0x69,0x63,0x6b,0xa,0x69,0x6d,
  0x70,0x6f,0x72,0x74,0x20,0x51,0x74,0x51,0x75,0x69,0x63,0x6b,0x2e,0x4c,0x61,0x79,
  0x6f,0x75,0x74,0x73,0xa,0x69,0x6d,0x70,0x6f,0x72,0x74,0x20,0x22,0x4c,0x75,0x69,
  0x53,0x74,0x79,0x6c,0x65,0x2e,0x6a,0x73,0x22,0x20,0x61,0x73,0x20,0x53,0x74,0x79,
  0x6c,0x65,0xa,0xa,0x2f,0x2f,0x20,0x57,0x69,0x72,0x65,0x20,0x6b,0x69,0x6e,0x64,
  0x3a,0x20,0x73,0x74,0x61,0x74,0x75,0x73,0x2d,0x62,0x61,0x72,0x20,0xe2,0x80,0x94,
  0x20,0x62,0x6f,0x74,0x74,0x6f,0x6d,0x20,0x62,0x61,0x72,0x20,0x73,0x68,0x6f,0x77,
  0x69,0x6e,0x67,0x20,0x74,0x65,0x78,0x74,0x2e,0xa,0x52,0x65,0x63,0x74,0x61,0x6e,
  0x67,0x6c,0x65,0x20,0x7b,0xa,0x20,0x20,0x20,0x20,0x69,0x64,0x3a,0x20,0x62,0x61,
  0x72,0xa,0x20,0x20,0x20,0x20,0x72,0x65,0x71,0x75,0x69,0x72,0x65,0x64,0x20,0x70,
  0x72,0x6f,0x70,0x65,0x72,0x74,0x79,0x20,0x76,0x61,0x72,0x20,0x6e,0x6f,0x64,0x65,
  0xa,0x20,0x20,0x20,0x20,0x72,0x65,0x61,0x64,0x6f,0x6e,0x6c,0x79,0x20,0x70,0x72,
  0x6f,0x70,0x65,0x72,0x74,0x79,0x20,0x76,0x61,0x72,0x20,0x70,0x72,0x6f,0x70,0x73,
  0x3a,0x20,0x6e,0x6f,0x64,0x65,0x20,0x3f,0x20,0x6e,0x6f,0x64,0x65,0x2e,0x70,0x72,
  0x6f,0x70,0x65,0x72,0x74,0x69,0x65,0x73,0x20,0x3a,0x20,0x28,0x7b,0x7d,0x29,0xa,
  0xa,0x20,0x20,0x20,0x20,0x63,0x6f,0x6c,0x6f,0x72,0x3a,0x20,0x53,0x74,0x79,0x6c,
  0x65,0x2e,0x63,0x6f,0x6c,0x6f,0x72,0x28,0x70,0x72,0x6f,0x70,0x73,0x5b,0x22,0x62,
  0x61,0x63,0x6b,0x67,0x72,0x6f,0x75,0x6e,0x64,0x22,0x5d,0x2c,0x20,0x22,0x23,0x66,
  0x34,0x66,0x34,0x66,0x35,0x22,0x29,0xa,0x20,0x20,0x20,0x20,0x62,0x6f,0x72,0x64,
  0x65,0x72,0x2e,0x63,0x6f,0x6c,0x6f,0x72,0x3a,0x20,0x53,0x74,0x79,0x6c,0x65,0x2e,
  0x63,0x6f,0x6c,0x6f,0x72,0x28,0x70,0x72,0x6f,0x70,0x73,0x5b,0x22,0x62,0x6f,0x72,
  0x64,0x65,0x72,0x2d,0x63,0x6f,0x6c,0x6f,0x72,0x22,0x5d,0x2c,0x20,0x22,0x23,0x65,
  0x34,0x65,0x34,0x65,0x37,0x22,0x29,0xa,0x20,0x20,0x20,0x20,0x62,0x6f,0x72,0x64,
  0x65,0x72,0x2e,0x77,0x69,0x64,0x74,0x68,0x3a,0x20,0x53,0x74,0x79,0x6c,0x65,0x2e,
  0x6e,0x75,0x6d,0x28,0x70,0x72,0x6f,0x70,0x73,0x2c,0x20,0x22,0x62,0x6f,0x72,0x64,
  0x65,0x72,0x2d,0x77,0x69,0x64,0x74,0x68,0x22,0x2c,0x20,0x30,0x29,0xa,0x20,0x20,
  0x20,0x20,0x69,0x6d,0x70,0x6c,0x69,0x63,0x69,0x74,0x48,0x65,0x69,0x67,0x68,0x74,
  0x3a,0x20,0x32,0x36,0xa,0x20,0x20,0x20,0x20,0x69,0x6d,0x70,0x6c,0x69,0x63,0x69,
  0x74,0x57,0x69,0x64,0x74,0x68,0x3a,0x20,0x31,0x36,0x30,0xa,0xa,0x20,0x20,0x20,
  0x20,0x54,0x65,0x78,0x74,0x20,0x7b,0xa,0x20,0x20,0x20,0x20,0x20,0x20,0x20,0x20,
  0x61,0x6e,0x63,0x68,0x6f,0x72,0x73,0x20,0x7b,0xa,0x20,0x20,0x20,0x20,0x20,0x20,
  0x20,0x20,0x20,0x20,0x20,0x20,0x66,0x69,0x6c,0x6c,0x3a,0x20,0x70,0x61,0x72,0x65,
  0x6e,0x74,0xa,0x20,0x20,0x20,0x20,0x20,0x20,0x20,0x20,0x20,0x20,0x20,0x20,0x6c,
  0x65,0x66,0x74,0x4d,0x61,0x72,0x67,0x69,0x6e,0x3a,0x20,0x31,0x30,0xa,0x20,0x20,
  0x20,0x20,0x20,0x20,0x20,0x20,0x20,0x20,0x20,0x20,0x72,0x69,0x67,0x68,0x74,0x4d,
  0x61,0x72,0x67,0x69,0x6e,0x3a,0x20,0x31,0x30,0xa,0x20,0x20,0x20,0x20,0x20,0x20,
  0x20,0x20,0x7d,0xa,0x20,0x20,0x20,0x20,0x20,0x20,0x20,0x20,0x74,0x65,0x78,0x74,
  0x3a,0x20,0x53,0x74,0x79,0x6c,0x65,0x2e,0x73,0x74,0x72,0x28,0x62,0x61,0x72,0x2e,
  0x70,0x72,0x6f,0x70,0x73,0x2c,0x20,0x22,0x74,0x65,0x78,0x74,0x22,0x2c,0x20,0x22,
  0x22,0x29,0xa,0x20,0x20,0x20,0x20,0x20,0x20,0x20,0x20,0x63,0x6f,0x6c,0x6f,0x72,
  0x3a,0x20,0x53,0x74,0x79,0x6c,0x65,0x2e,0x63,0x6f,0x6c,0x6f,0x72,0x28,0x62,0x61,
  0x72,0x2e,0x70,0x72,0x6f,0x70,0x73,0x5b,0x22,0x66,0x6f,0x72,0x65,0x67,0x72,0x6f,
  0x75,0x6e,0x64,0x22,0x5d,0x2c,0x20,0x22,0x23,0x35,0x32,0x35,0x32,0x35,0x62,0x22,
  0x29,0xa,0x20,0x20,0x20,0x20,0x20,0x20,0x20,0x20,0x66,0x6f,0x6e,0x74,0x2e,0x70,
  0x69,0x78,0x65,0x6c,0x53,0x69,0x7a,0x65,0x3a,0x20,0x31,0x32,0xa,0x20,0x20,0x20,
  0x20,0x20,0x20,0x20,0x20,0x68,0x6f,0x72,0x69,0x7a,0x6f,0x6e,0x74,0x61,0x6c,0x41,
  0x6c,0x69,0x67,0x6e,0x6d,0x65,0x6e,0x74,0x3a,0x20,0x53,0x74,0x79,0x6c,0x65,0x2e,
  0x74,0x65,0x78,0x74,0x41,0x6c,0x69,0x67,0x6e,0x45,0x6e,0x75,0x6d,0x28,0x62,0x61,
  0x72,0x2e,0x70,0x72,0x6f,0x70,0x73,0x29,0xa,0x20,0x20,0x20,0x20,0x20,0x20,0x20,
  0x20,0x76,0x65,0x72,0x74,0x69,0x63,0x61,0x6c,0x41,0x6c,0x69,0x67,0x6e,0x6d,0x65,
  0x6e,0x74,0x3a,0x20,0x54,0x65,0x78,0x74,0x2e,0x41,0x6c,0x69,0x67,0x6e,0x56,0x43,
  0x65,0x6e,0x74,0x65,0x72,0xa,0x20,0x20,0x20,0x20,0x20,0x20,0x20,0x20,0x65,0x6c,
  0x69,0x64,0x65,0x3a,0x20,0x54,0x65,0x78,0x74,0x2e,0x45,0x6c,0x69,0x64,0x65,0x52,
  0x69,0x67,0x68,0x74,0xa,0x20,0x20,0x20,0x20,0x7d,0xa,0x7d,0xa,
    // /home/ubuntu/repos/lui/platform/qt/qml/LuiSwitch.qml
  0x0,0x0,0x1,0xd1,
  0x69,
  0x6d,0x70,0x6f,0x72,0x74,0x20,0x51,0x74,0x51,0x75,0x69,0x63,0x6b,0xa,0x69,0x6d,
  0x70,0x6f,0x72,0x74,0x20,0x51,0x74,0x51,0x75,0x69,0x63,0x6b,0x2e,0x43,0x6f,0x6e,
  0x74,0x72,0x6f,0x6c,0x73,0xa,0x69,0x6d,0x70,0x6f,0x72,0x74,0x20,0x22,0x4c,0x75,
  0x69,0x53,0x74,0x79,0x6c,0x65,0x2e,0x6a,0x73,0x22,0x20,0x61,0x73,0x20,0x53,0x74,
  0x79,0x6c,0x65,0xa,0xa,0x2f,0x2f,0x20,0x57,0x69,0x72,0x65,0x20,0x6b,0x69,0x6e,
  0x64,0x3a,0x20,0x73,0x77,0x69,0x74,0x63,0x68,0x20,0xe2,0x80,0x94,0x20,0x70,0x6c,
  0x61,0x74,0x66,0x6f,0x72,0x6d,0x20,0x73,0x77,0x69,0x74,0x63,0x68,0x20,0x63,0x6f,
  0x6e,0x74,0x72,0x6f,0x6c,0x2e,0xa,0x53,0x77,0x69,0x74,0x63,0x68,0x20,0x7b,0xa,
  0x20,0x20,0x20,0x20,0x69,0x64,0x3a,0x20,0x63,0x6f,0x6e,0x74,0x72,0x6f,0x6c,0xa,
  0x20,0x20,0x20,0x20,0x72,0x65,0x71,0x75,0x69,0x72,0x65,0x64,0x20,0x70,0x72,0x6f,
  0x70,0x65,0x72,0x74,0x79,0x20,0x76,0x61,0x72,0x20,0x6e,0x6f,0x64,0x65,0xa,0x20,
  0x20,0x20,0x20,0x72,0x65,0x61,0x64,0x6f,0x6e,0x6c,0x79,0x20,0x70,0x72,0x6f,0x70,
  0x65,0x72,0x74,0x79,0x20,0x76,0x61,0x72,0x20,0x70,0x72,0x6f,0x70,0x73,0x3a,0x20,
  0x6e,0x6f,0x64,0x65,0x20,0x3f,0x20,0x6e,0x6f,0x64,0x65,0x2e,0x70,0x72,0x6f,0x70,
  0x65,0x72,0x74,0x69,0x65,0x73,0x20,0x3a,0x20,0x28,0x7b,0x7d,0x29,0xa,0xa,0x20,
  0x20,0x20,0x20,0x74,0x65,0x78,0x74,0x3a,0x20,0x53,0x74,0x79,0x6c,0x65,0x2e,0x73,
  0x74,0x72,0x28,0x70,0x72,0x6f,0x70,0x73,0x2c,0x20,0x22,0x74,0x65,0x78,0x74,0x22,
  0x2c,0x20,0x22,0x22,0x29,0xa,0x20,0x20,0x20,0x20,0x63,0x68,0x65,0x63,0x6b,0x65,
  0x64,0x3a,0x20,0x70,0x72,0x6f,0x70,0x73,0x5b,0x22,0x63,0x68,0x65,0x63,0x6b,0x65,
  0x64,0x22,0x5d,0x20,0x3d,0x3d,0x3d,0x20,0x74,0x72,0x75,0x65,0xa,0x20,0x20,0x20,
  0x20,0x65,0x6e,0x61,0x62,0x6c,0x65,0x64,0x3a,0x20,0x70,0x72,0x6f,0x70,0x73,0x5b,
  0x22,0x65,0x6e,0x61,0x62,0x6c,0x65,0x64,0x22,0x5d,0x20,0x21,0x3d,0x3d,0x20,0x66,
  0x61,0x6c,0x73,0x65,0xa,0x20,0x20,0x20,0x20,0x63,0x68,0x65,0x63,0x6b,0x61,0x62,
  0x6c,0x65,0x3a,0x20,0x66,0x61,0x6c,0x73,0x65,0x20,0x2f,0x2f,0x20,0x63,0x68,0x65,
  0x63,0x6b,0x65,0x64,0x20,0x73,0x74,0x61,0x74,0x65,0x20,0x69,0x73,0x20,0x6f,0x77,
  0x6e,0x65,0x64,0x20,0x62,0x79,0x20,0x74,0x68,0x65,0x20,0x77,0x69,0x72,0x65,0xa,
  0xa,0x20,0x20,0x20,0x20,0x6f,0x6e,0x43,0x6c,0x69,0x63,0x6b,0x65,0x64,0x3a,0x20,
  0x6e,0x6f,0x64,0x65,0x2e,0x74,0x6f,0x67,0x67,0x6c,0x65,0x28,0x21,0x63,0x6f,0x6e,
  0x74,0x72,0x6f,0x6c,0x2e,0x63,0x68,0x65,0x63,0x6b,0x65,0x64,0x29,0xa,0x7d,0xa,
  
    // /home/ubuntu/repos/lui/platform/qt/qml/LuiRoot.qml
  0x0,0x0,0x1,0x8d,
  0x69,
  0x6d,0x70,0x6f,0x72,0x74,0x20,0x51,0x74,0x51,0x75,0x69,0x63,0x6b,0xa,0xa,0x2f,
  0x2f,0x20,0x57,0x69,0x72,0x65,0x20,0x6b,0x69,0x6e,0x64,0x3a,0x20,0x72,0x6f,0x6f,
  0x74,0x2e,0x20,0x4f,0x77,0x6e,0x73,0x20,0x65,0x78,0x61,0x63,0x74,0x6c,0x79,0x20,
  0x6f,0x6e,0x65,0x20,0x63,0x68,0x69,0x6c,0x64,0x20,0x61,0x6e,0x64,0x20,0x73,0x74,
  0x72,0x65,0x74,0x63,0x68,0x65,0x73,0x20,0x69,0x74,0x2e,0xa,0x49,0x74,0x65,0x6d,
  0x20,0x7b,0xa,0x20,0x20,0x20,0x20,0x69,0x64,0x3a,0x20,0x72,0x6f,0x6f,0x74,0xa,
  0x20,0x20,0x20,0x20,0x72,0x65,0x71,0x75,0x69,0x72,0x65,0x64,0x20,0x70,0x72,0x6f,
  0x70,0x65,0x72,0x74,0x79,0x20,0x76,0x61,0x72,0x20,0x6e,0x6f,0x64,0x65,0xa,0xa,
  0x20,0x20,0x20,0x20,0x69,0x6d,0x70,0x6c,0x69,0x63,0x69,0x74,0x57,0x69,0x64,0x74,
  0x68,0x3a,0x20,0x63,0x68,0x69,0x6c,0x64,0x56,0x69,0x65,0x77,0x2e,0x69,0x6d,0x70,
  0x6c,0x69,0x63,0x69,0x74,0x57,0x69,0x64,0x74,0x68,0xa,0x20,0x20,0x20,0x20,0x69,
  0x6d,0x70,0x6c,0x69,0x63,0x69,0x74,0x48,0x65,0x69,0x67,0x68,0x74,0x3a,0x20,0x63,
  0x68,0x69,0x6c,0x64,0x56,0x69,0x65,0x77,0x2e,0x69,0x6d,0x70,0x6c,0x69,0x63,0x69,
  0x74,0x48,0x65,0x69,0x67,0x68,0x74,0xa,0xa,0x20,0x20,0x20,0x20,0x4c,0x75,0x69,
  0x4e,0x6f,0x64,0x65,0x56,0x69,0x65,0x77,0x20,0x7b,0xa,0x20,0x20,0x20,0x20,0x20,
  0x20,0x20,0x20,0x69,0x64,0x3a,0x20,0x63,0x68,0x69,0x6c,0x64,0x56,0x69,0x65,0x77,
  0xa,0x20,0x20,0x20,0x20,0x20,0x20,0x20,0x20,0x61,0x6e,0x63,0x68,0x6f,0x72,0x73,
  0x2e,0x66,0x69,0x6c,0x6c,0x3a,0x20,0x70,0x61,0x72,0x65,0x6e,0x74,0xa,0x20,0x20,
  0x20,0x20,0x20,0x20,0x20,0x20,0x6e,0x6f,0x64,0x65,0x3a,0x20,0x72,0x6f,0x6f,0x74,
  0x2e,0x6e,0x6f,0x64,0x65,0x20,0x26,0x26,0x20,0x72,0x6f,0x6f,0x74,0x2e,0x6e,0x6f,
  0x64,0x65,0x2e,0x63,0x68,0x69,0x6c,0x64,0x72,0x65,0x6e,0x2e,0x6c,0x65,0x6e,0x67,
  0x74,0x68,0x20,0x3e,0x20,0x30,0xa,0x20,0x20,0x20,0x20,0x20,0x20,0x20,0x20,0x20,
  0x20,0x20,0x20,0x20,0x20,0x3f,0x20,0x72,0x6f,0x6f,0x74,0x2e,0x6e,0x6f,0x64,0x65,
  0x2e,0x63,0x68,0x69,0x6c,0x64,0x72,0x65,0x6e,0x5b,0x30,0x5d,0x20,0x3a,0x20,0x6e,
  0x75,0x6c,0x6c,0xa,0x20,0x20,0x20,0x20,0x7d,0xa,0x7d,0xa,
    // /home/ubuntu/repos/lui/platform/qt/qml/LuiSearchField.qml
  0x0,0x0,0x5,0x54,
  0x69,
  0x6d,0x70,0x6f,0x72,0x74,0x20,0x51,0x74,0x51,0x75,0x69,0x63,0x6b,0xa,0x69,0x6d,
  0x70,0x6f,0x72,0x74,0x20,0x51,0x74,0x51,0x75,0x69,0x63,0x6b,0x2e,0x43,0x6f,0x6e,
  0x74,0x72,0x6f,0x6c,0x73,0xa,0x69,0x6d,0x70,0x6f,0x72,0x74,0x20,0x51,0x74,0x51,
  0x75,0x69,0x63,0x6b,0x2e,0x4c,0x61,0x79,0x6f,0x75,0x74,0x73,0xa,0x69,0x6d,0x70,
  0x6f,0x72,0x74,0x20,0x22,0x4c,0x75,0x69,0x53,0x74,0x79,0x6c,0x65,0x2e,0x6a,0x73,
  0x22,0x20,0x61,0x73,0x20,0x53,0x74,0x79,0x6c,0x65,0xa,0xa,0x2f,0x2f,0x20,0x57,
  0x69,0x72,0x65,0x20,0x6b,0x69,0x6e,0x64,0x3a,0x20,0x73,0x65,0x61,0x72,0x63,0x68,
  0x2d,0x66,0x69,0x65,0x6c,0x64,0x20,0xe2,0x80,0x94,0x20,0x73,0x65,0x61,0x72,0x63,
  0x68,0x20,0x69,0x6e,0x70,0x75,0x74,0x20,0x77,0x69,0x74,0x68,0x20,0x61,0x20,0x6c,
  0x65,0x61,0x64,0x69,0x6e,0x67,0x20,0x67,0x6c,0x79,0x70,0x68,0x2e,0xa,0x54,0x65,
  0x78,0x74,0x46,0x69,0x65,0x6c,0x64,0x20,0x7b,0xa,0x20,0x20,0x20,0x20,0x69,0x64,
  0x3a,0x20,0x66,0x69,0x65,0x6c,0x64,0xa,0x20,0x20,0x20,0x20,0x72,0x65,0x71,0x75,
  0x69,0x72,0x65,0x64,0x20,0x70,0x72,0x6f,0x70,0x65,0x72,0x74,0x79,0x20,0x76,0x61,
  0x72,0x20,0x6e,0x6f,0x64,0x65,0xa,0x20,0x20,0x20,0x20,0x72,0x65,0x61,0x64,0x6f,
  0x6e,0x6c,0x79,0x20,0x70,0x72,0x6f,0x70,0x65,0x72,0x74,0x79,0x20,0x76,0x61,0x72,
  0x20,0x70,0x72,0x6f,0x70,0x73,0x3a,0x20,0x6e,0x6f,0x64,0x65,0x20,0x3f,0x20,0x6e,
  0x6f,0x64,0x65,0x2e,0x70,0x72,0x6f,0x70,0x65,0x72,0x74,0x69,0x65,0x73,0x20,0x3a,
  0x20,0x28,0x7b,0x7d,0x29,0xa,0xa,0x20,0x20,0x20,0x20,0x70,0x6c,0x61,0x63,0x65,
  0x68,0x6f,0x6c,0x64,0x65,0x72,0x54,0x65,0x78,0x74,0x3a,0x20,0x53,0x74,0x79,0x6c,
  0x65,0x2e,0x73,0x74,0x72,0x28,0x70,0x72,0x6f,0x70,0x73,0x2c,0x20,0x22,0x70,0x6c,
  0x61,0x63,0x65,0x68,0x6f,0x6c,0x64,0x65,0x72,0x22,0x2c,0x20,0x22,0x22,0x29,0xa,
  0x20,0x20,0x20,0x20,0x65,0x6e,0x61,0x62,0x6c,0x65,0x64,0x3a,0x20,0x70,0x72,0x6f,
  0x70,0x73,0x5b,0x22,0x65,0x6e,0x61,0x62,0x6c,0x65,0x64,0x22,0x5d,0x20,0x21,0x3d,
  0x3d,0x20,0x66,0x61,0x6c,0x73,0x65,0xa,0x20,0x20,0x20,0x20,0x63,0x6f,0x6c,0x6f,
  0x72,0x3a,0x20,0x53,0x74,0x79,0x6c,0x65,0x2e,0x63,0x6f,0x6c,0x6f,0x72,0x28,0x70,
  0x72,0x6f,0x70,0x73,0x5b,0x22,0x66,0x6f,0x72,0x65,0x67,0x72,0x6f,0x75,0x6e,0x64,
  0x22,0x5d,0x2c,0x20,0x22,0x23,0x31,0x38,0x31,0x38,0x31,0x62,0x22,0x29,0xa,0x20,
  0x20,0x20,0x20,0x69,0x6d,0x70,0x6c,0x69,0x63,0x69,0x74,0x57,0x69,0x64,0x74,0x68,
  0x3a,0x20,0x32,0x32,0x30,0xa,0x20,0x20,0x20,0x20,0x6c,0x65,0x66,0x74,0x50,0x61,
  0x64,0x64,0x69,0x6e,0x67,0x3a,0x20,0x33,0x30,0xa,0x20,0x20,0x20,0x20,0x43,0x6f,
  0x6d,0x70,0x6f,0x6e,0x65,0x6e,0x74,0x2e,0x6f,0x6e,0x43,0x6f,0x6d,0x70,0x6c,0x65,
  0x74,0x65,0x64,0x3a,0x20,0x7b,0xa,0x20,0x20,0x20,0x20,0x20,0x20,0x20,0x20,0x69,
  0x66,0x20,0x28,0x70,0x72,0x6f,0x70,0x73,0x5b,0x22,0x61,0x75,0x74,0x6f,0x66,0x6f,
  0x63,0x75,0x73,0x22,0x5d,0x20,0x3d,0x3d,0x3d,0x20,0x74,0x72,0x75,0x65,0x29,0x20,
  0x66,0x6f,0x72,0x63,0x65,0x41,0x63,0x74,0x69,0x76,0x65,0x46,0x6f,0x63,0x75,0x73,
  0x28,0x29,0xa,0x20,0x20,0x20,0x20,0x20,0x20,0x20,0x20,0x73,0x79,0x6e,0x63,0x28,
  0x29,0xa,0x20,0x20,0x20,0x20,0x7d,0xa,0xa,0x20,0x20,0x20,0x20,0x49,0x6d,0x61,
  0x67,0x65,0x20,0x7b,0xa,0x20,0x20,0x20,0x20,0x20,0x20,0x20,0x20,0x78,0x3a,0x20,
  0x38,0xa,0x20,0x20,0x20,0x20,0x20,0x20,0x20,0x20,0x61,0x6e,0x63,0x68,0x6f,0x72,
  0x73,0x2e,0x76,0x65,0x72,0x74,0x69,0x63,0x61,0x6c,0x43,0x65,0x6e,0x74,0x65,0x72,
  0x3a,0x20,0x70,0x61,0x72,0x65,0x6e,0x74,0x2e,0x76,0x65,0x72,0x74,0x69,0x63,0x61,
  0x6c,0x43,0x65,0x6e,0x74,0x65,0x72,0xa,0x20,0x20,0x20,0x20,0x20,0x20,0x20,0x20,
  0x77,0x69,0x64,0x74,0x68,0x3a,0x20,0x31,0x34,0xa,0x20,0x20,0x20,0x20,0x20,0x20,
  0x20,0x20,0x68,0x65,0x69,0x67,0x68,0x74,0x3a,0x20,0x31,0x34,0xa,0x20,0x20,0x20,
  0x20,0x20,0x20,0x20,0x20,0x73,0x6f,0x75,0x72,0x63,0x65,0x3a,0x20,0x22,0x69,0x63,
  0x6f,0x6e,0x73,0x2f,0x73,0x65,0x61,0x72,0x63,0x68,0x2e,0x73,0x76,0x67,0x22,0xa,
  0x20,0x20,0x20,0x20,0x7d,0xa,0xa,0x20,0x20,0x20,0x20,0x70,0x72,0x6f,0x70,0x65,
  0x72,0x74,0x79,0x20,0x73,0x74,0x72,0x69,0x6e,0x67,0x20,0x77,0x69,0x72,0x65,0x54,
  0x65,0x78,0x74,0x3a,0x20,0x53,0x74,0x79,0x6c,0x65,0x2e,0x73,0x74,0x72,0x28,0x70,
  0x72,0x6f,0x70,0x73,0x2c,0x20,0x22,0x74,0x65,0x78,0x74,0x22,0x2c,0x20,0x22,0x22,
  0x29,0xa,0x20,0x20,0x20,0x20,0x70,0x72,0x6f,0x70,0x65,0x72,0x74,0x79,0x20,0x62,
  0x6f,0x6f,0x6c,0x20,0x75,0x70,0x64,0x61,0x74,0x69,0x6e,0x67,0x3a,0x20,0x66,0x61,
  0x6c,0x73,0x65,0xa,0x20,0x20,0x20,0x20,0x66,0x75,0x6e,0x63,0x74,0x69,0x6f,0x6e,
  0x20,0x73,0x79,0x6e,0x63,0x28,0x29,0x20,0x7b,0xa,0x20,0x20,0x20,0x20,0x20,0x20,
  0x20,0x20,0x69,0x66,0x20,0x28,0x74,0x65,0x78,0x74,0x20,0x21,0x3d,0x3d,0x20,0x77,
  0x69,0x72,0x65,0x54,0x65,0x78,0x74,0x29,0x20,0x7b,0xa,0x20,0x20,0x20,0x20,0x20,
  0x20,0x20,0x20,0x20,0x20,0x20,0x20,0x75,0x70,0x64,0x61,0x74,0x69,0x6e,0x67,0x20,
  0x3d,0x20,0x74,0x72,0x75,0x65,0xa,0x20,0x20,0x20,0x20,0x20,0x20,0x20,0x20,0x20,
  0x20,0x20,0x20,0x74,0x65,0x78,0x74,0x20,0x3d,0x20,0x77,0x69,0x72,0x65,0x54,0x65,
  0x78,0x74,0xa,0x20,0x20,0x20,0x20,0x20,0x20,0x20,0x20,0x20,0x20,0x20,0x20,0x75,
  0x70,0x64,0x61,0x74,0x69,0x6e,0x67,0x20,0x3d,0x20,0x66,0x61,0x6c,0x73,0x65,0xa,
  0x20,0x20,0x20,0x20,0x20,0x20,0x20,0x20,0x7d,0xa,0x20,0x20,0x20,0x20,0x7d,0xa,
  0x20,0x20,0x20,0x20,0x6f,0x6e,0x57,0x69,0x72,0x65,0x54,0x65,0x78,0x74,0x43,0x68,
  0x61,0x6e,0x67,0x65,0x64,0x3a,0x20,0x73,0x79,0x6e,0x63,0x28,0x29,0xa,0x20,0x20,
  0x20,0x20,0x6f,0x6e,0x54,0x65,0x78,0x74,0x43,0x68,0x61,0x6e,0x67,0x65,0x64,0x3a,
  0x20,0x69,0x66,0x20,0x28,0x21,0x75,0x70,0x64,0x61,0x74,0x69,0x6e,0x67,0x29,0x20,
  0x6e,0x6f,0x64,0x65,0x2e,0x74,0x65,0x78,0x74,0x43,0x68,0x61,0x6e,0x67,0x65,0x64,
  0x28,0x74,0x65,0x78,0x74,0x29,0xa,0x20,0x20,0x20,0x20,0x6f,0x6e,0x41,0x63,0x63,
  0x65,0x70,0x74,0x65,0x64,0x3a,0x20,0x6e,0x6f,0x64,0x65,0x2e,0x73,0x75,0x62,0x6d,
  0x69,0x74,0x28,0x29,0xa,0xa,0x20,0x20,0x20,0x20,0x62,0x61,0x63,0x6b,0x67,0x72,
  0x6f,0x75,0x6e,0x64,0x3a,0x20,0x52,0x65,0x63,0x74,0x61,0x6e,0x67,0x6c,0x65,0x20,
  0x7b,0xa,0x20,0x20,0x20,0x20,0x20,0x20,0x20,0x20,0x69,0x6d,0x70,0x6c,0x69,0x63,
  0x69,0x74,0x57,0x69,0x64,0x74,0x68,0x3a,0x20,0x32,0x32,0x30,0xa,0x20,0x20,0x20,
  0x20,0x20,0x20,0x20,0x20,0x69,0x6d,0x70,0x6c,0x69,0x63,0x69,0x74,0x48,0x65,0x69,
  0x67,0x68,0x74,0x3a,0x20,0x33,0x32,0xa,0x20,0x20,0x20,0x20,0x20,0x20,0x20,0x20,
  0x72,0x61,0x64,0x69,0x75,0x73,0x3a,0x20,0x36,0xa,0x20,0x20,0x20,0x20,0x20,0x20,
  0x20,0x20,0x63,0x6f,0x6c,0x6f,0x72,0x3a,0x20,0x66,0x69,0x65,0x6c,0x64,0x2e,0x65,
  0x6e,0x61,0x62,0x6c,0x65,0x64,0x20,0x3f,0x20,0x22,0x23,0x66,0x34,0x66,0x34,0x66,
  0x35,0x22,0x20,0x3a,0x20,0x22,0x23,0x65,0x34,0x65,0x34,0x65,0x37,0x22,0xa,0x20,
  0x20,0x20,0x20,0x20,0x20,0x20,0x20,0x62,0x6f,0x72,0x64,0x65,0x72,0x2e,0x63,0x6f,
  0x6c,0x6f,0x72,0x3a,0x20,0x66,0x69,0x65,0x6c,0x64,0x2e,0x61,0x63,0x74,0x69,0x76,
  0x65,0x46,0x6f,0x63,0x75,0x73,0x20,0x3f,0x20,0x22,0x23,0x30,0x30,0x37,0x61,0x66,
  0x66,0x22,0x20,0x3a,0x20,0x22,0x74,0x72,0x61,0x6e,0x73,0x70,0x61,0x72,0x65,0x6e,
  0x74,0x22,0xa,0x20,0x20,0x20,0x20,0x20,0x20,0x20,0x20,0x62,0x6f,0x72,0x64,0x65,
  0x72,0x2e,0x77,0x69,0x64,0x74,0x68,0x3a,0x20,0x31,0xa,0x20,0x20,0x20,0x20,0x7d,
  0xa,0x7d,0xa,
    // /home/ubuntu/repos/lui/platform/qt/qml/LuiSlider.qml
  0x0,0x0,0x1,0x9b,
  0x69,
  0x6d,0x70,0x6f,0x72,0x74,0x20,0x51,0x74,0x51,0x75,0x69,0x63,0x6b,0xa,0x69,0x6d,
  0x70,0x6f,0x72,0x74,0x20,0x51,0x74,0x51,0x75,0x69,0x63,0x6b,0x2e,0x43,0x6f,0x6e,
  0x74,0x72,0x6f,0x6c,0x73,0xa,0x69,0x6d,0x70,0x6f,0x72,0x74,0x20,0x22,0x4c,0x75,
  0x69,0x53,0x74,0x79,0x6c,0x65,0x2e,0x6a,0x73,0x22,0x20,0x61,0x73,0x20,0x53,0x74,
  0x79,0x6c,0x65,0xa,0xa,0x2f,0x2f,0x20,0x57,0x69,0x72,0x65,0x20,0x6b,0x69,0x6e,
  0x64,0x3a,0x20,0x73,0x6c,0x69,0x64,0x65,0x72,0x20,0xe2,0x80,0x94,0x20,0x30,0x2e,
  0x2e,0x31,0x20,0x66,0x72,0x61,0x63,0x74,0x69,0x6f,0x6e,0x61,0x6c,0x20,0x76,0x61,
  0x6c,0x75,0x65,0x20,0x63,0x6f,0x6e,0x74,0x72,0x6f,0x6c,0x2e,0xa,0x53,0x6c,0x69,
  0x64,0x65,0x72,0x20,0x7b,0xa,0x20,0x20,0x20,0x20,0x69,0x64,0x3a,0x20,0x73,0x6c,
  0x69,0x64,0x65,0x72,0xa,0x20,0x20,0x20,0x20,0x72,0x65,0x71,0x75,0x69,0x72,0x65,
  0x64,0x20,0x70,0x72,0x6f,0x70,0x65,0x72,0x74,0x79,0x20,0x76,0x61,0x72,0x20,0x6e,
  0x6f,0x64,0x65,0xa,0x20,0x20,0x20,0x20,0x72,0x65,0x61,0x64,0x6f,0x6e,0x6c,0x79,
  0x20,0x70,0x72,0x6f,0x70,0x65,0x72,0x74,0x79,0x20,0x76,0x61,0x72,0x20,0x70,0x72,
  0x6f,0x70,0x73,0x3a,0x20,0x6e,0x6f,0x64,0x65,0x20,0x3f,0x20,0x6e,0x6f,0x64,0x65,
  0x2e,0x70,0x72,0x6f,0x70,0x65,0x72,0x74,0x69,0x65,0x73,0x20,0x3a,0x20,0x28,0x7b,
  0x7d,0x29,0xa,0xa,0x20,0x20,0x20,0x20,0x66,0x72,0x6f,0x6d,0x3a,0x20,0x30,0xa,
  0x20,0x20,0x20,0x20,0x74,0x6f,0x3a,0x20,0x31,0xa,0x20,0x20,0x20,0x20,0x76,0x61,
  0x6c,0x75,0x65,0x3a,0x20,0x53,0x74,0x79,0x6c,0x65,0x2e,0x6e,0x75,0x6d,0x28,0x70,
  0x72,0x6f,0x70,0x73,0x2c,0x20,0x22,0x76,0x61,0x6c,0x75,0x65,0x22,0x2c,0x20,0x30,
  0x29,0xa,0x20,0x20,0x20,0x20,0x65,0x6e,0x61,0x62,0x6c,0x65,0x64,0x3a,0x20,0x70,
  0x72,0x6f,0x70,0x73,0x5b,0x22,0x65,0x6e,0x61,0x62,0x6c,0x65,0x64,0x22,0x5d,0x20,
  0x21,0x3d,0x3d,0x20,0x66,0x61,0x6c,0x73,0x65,0xa,0x20,0x20,0x20,0x20,0x69,0x6d,
  0x70,0x6c,0x69,0x63,0x69,0x74,0x57,0x69,0x64,0x74,0x68,0x3a,0x20,0x31,0x36,0x30,
  0xa,0xa,0x20,0x20,0x20,0x20,0x6f,0x6e,0x4d,0x6f,0x76,0x65,0x64,0x3a,0x20,0x6e,
  0x6f,0x64,0x65,0x2e,0x76,0x61,0x6c,0x75,0x65,0x43,0x68,0x61,0x6e,0x67,0x65,0x64,
  0x28,0x76,0x61,0x6c,0x75,0x65,0x29,0xa,0x7d,0xa,
    // /home/ubuntu/repos/lui/platform/qt/qml/LuiTabs.qml
  0x0,0x0,0x2,0xbe,
  0x69,
  0x6d,0x70,0x6f,0x72,0x74,0x20,0x51,0x74,0x51,0x75,0x69,0x63,0x6b,0xa,0x69,0x6d,
  0x70,0x6f,0x72,0x74,0x20,0x51,0x74,0x51,0x75,0x69,0x63,0x6b,0x2e,0x4c,0x61,0x79,
  0x6f,0x75,0x74,0x73,0xa,0x69,0x6d,0x70,0x6f,0x72,0x74,0x20,0x22,0x4c,0x75,0x69,
  0x53,0x74,0x79,0x6c,0x65,0x2e,0x6a,0x73,0x22,0x20,0x61,0x73,0x20,0x53,0x74,0x79,
  0x6c,0x65,0xa,0xa,0x2f,0x2f,0x20,0x57,0x69,0x72,0x65,0x20,0x6b,0x69,0x6e,0x64,
  0x3a,0x20,0x74,0x61,0x62,0x73,0x20,0xe2,0x80,0x94,0x20,0x73,0x65,0x67,0x6d,0x65,
  0x6e,0x74,0x65,0x64,0x20,0x68,0x6f,0x72,0x69,0x7a,0x6f,0x6e,0x74,0x61,0x6c,0x20,
  0x67,0x72,0x6f,0x75,0x70,0x20,0x6f,0x66,0x20,0x62,0x75,0x74,0x74,0x6f,0x6e,0x20,
  0x63,0x68,0x69,0x6c,0x64,0x72,0x65,0x6e,0x2e,0xa,0x52,0x65,0x63,0x74,0x61,0x6e,
  0x67,0x6c,0x65,0x20,0x7b,0xa,0x20,0x20,0x20,0x20,0x69,0x64,0x3a,0x20,0x74,0x61,
  0x62,0x73,0xa,0x20,0x20,0x20,0x20,0x72,0x65,0x71,0x75,0x69,0x72,0x65,0x64,0x20,
  0x70,0x72,0x6f,0x70,0x65,0x72,0x74,0x79,0x20,0x76,0x61,0x72,0x20,0x6e,0x6f,0x64,
  0x65,0xa,0x20,0x20,0x20,0x20,0x72,0x65,0x61,0x64,0x6f,0x6e,0x6c,0x79,0x20,0x70,
  0x72,0x6f,0x70,0x65,0x72,0x74,0x79,0x20,0x76,0x61,0x72,0x20,0x70,0x72,0x6f,0x70,
  0x73,0x3a,0x20,0x6e,0x6f,0x64,0x65,0x20,0x3f,0x20,0x6e,0x6f,0x64,0x65,0x2e,0x70,
  0x72,0x6f,0x70,0x65,0x72,0x74,0x69,0x65,0x73,0x20,0x3a,0x20,0x28,0x7b,0x7d,0x29,
  0xa,0xa,0x20,0x20,0x20,0x20,0x69,0x6d,0x70,0x6c,0x69,0x63,0x69,0x74,0x57,0x69,
  0x64,0x74,0x68,0x3a,0x20,0x67,0x72,0x6f,0x75,0x70,0x2e,0x69,0x6d,0x70,0x6c,0x69,
  0x63,0x69,0x74,0x57,0x69,0x64,0x74,0x68,0x20,0x2b,0x20,0x38,0xa,0x20,0x20,0x20,
  0x20,0x69,0x6d,0x70,0x6c,0x69,0x63,0x69,0x74,0x48,0x65,0x69,0x67,0x68,0x74,0x3a,
  0x20,0x67,0x72,0x6f,0x75,0x70,0x2e,0x69,0x6d,0x70,0x6c,0x69,0x63,0x69,0x74,0x48,
  0x65,0x69,0x67,0x68,0x74,0x20,0x2b,0x20,0x38,0xa,0x20,0x20,0x20,0x20,0x72,0x61,
  0x64,0x69,0x75,0x73,0x3a,0x20,0x38,0xa,0x20,0x20,0x20,0x20,0x63,0x6f,0x6c,0x6f,
  0x72,0x3a,0x20,0x22,0x23,0x66,0x34,0x66,0x34,0x66,0x35,0x22,0xa,0xa,0x20,0x20,
  0x20,0x20,0x52,0x6f,0x77,0x4c,0x61,0x79,0x6f,0x75,0x74,0x20,0x7b,0xa,0x20,0x20,
  0x20,0x20,0x20,0x20,0x20,0x20,0x69,0x64,0x3a,0x20,0x67,0x72,0x6f,0x75,0x70,0xa,
  0x20,0x20,0x20,0x20,0x20,0x20,0x20,0x20,0x61,0x6e,0x63,0x68,0x6f,0x72,0x73,0x2e,
  0x63,0x65,0x6e,0x74,0x65,0x72,0x49,0x6e,0x3a,0x20,0x70,0x61,0x72,0x65,0x6e,0x74,
  0xa,0x20,0x20,0x20,0x20,0x20,0x20,0x20,0x20,0x73,0x70,0x61,0x63,0x69,0x6e,0x67,
  0x3a,0x20,0x53,0x74,0x79,0x6c,0x65,0x2e,0x6e,0x75,0x6d,0x28,0x74,0x61,0x62,0x73,
  0x2e,0x70,0x72,0x6f,0x70,0x73,0x2c,0x20,0x22,0x67,0x61,0x70,0x22,0x2c,0x20,0x34,
  0x29,0xa,0xa,0x20,0x20,0x20,0x20,0x20,0x20,0x20,0x20,0x52,0x65,0x70,0x65,0x61,
  0x74,0x65,0x72,0x20,0x7b,0xa,0x20,0x20,0x20,0x20,0x20,0x20,0x20,0x20,0x20,0x20,
  0x20,0x20,0x6d,0x6f,0x64,0x65,0x6c,0x3a,0x20,0x74,0x61,0x62,0x73,0x2e,0x6e,0x6f,
  0x64,0x65,0x20,0x3f,0x20,0x74,0x61,0x62,0x73,0x2e,0x6e,0x6f,0x64,0x65,0x2e,0x63,
  0x68,0x69,0x6c,0x64,0x72,0x65,0x6e,0x20,0x3a,0x20,0x5b,0x5d,0xa,0x20,0x20,0x20,
  0x20,0x20,0x20,0x20,0x20,0x20,0x20,0x20,0x20,0x64,0x65,0x6c,0x65,0x67,0x61,0x74,
  0x65,0x3a,0x20,0x4c,0x75,0x69,0x4e,0x6f,0x64,0x65,0x56,0x69,0x65,0x77,0x20,0x7b,
  0xa,0x20,0x20,0x20,0x20,0x20,0x20,0x20,0x20,0x20,0x20,0x20,0x20,0x72,0x65,0x71,
  0x75,0x69,0x72,0x65,0x64,0x20,0x70,0x72,0x6f,0x70,0x65,0x72,0x74,0x79,0x20,0x76,
  0x61,0x72,0x20,0x6d,0x6f,0x64,0x65,0x6c,0x44,0x61,0x74,0x61,0xa,0x20,0x20,0x20,
  0x20,0x20,0x20,0x20,0x20,0x20,0x20,0x20,0x20,0x6e,0x6f,0x64,0x65,0x3a,0x20,0x6d,
  0x6f,0x64,0x65,0x6c,0x44,0x61,0x74,0x61,0x20,0x7d,0xa,0x20,0x20,0x20,0x20,0x20,
  0x20,0x20,0x20,0x7d,0xa,0x20,0x20,0x20,0x20,0x7d,0xa,0x7d,0xa,
    // /home/ubuntu/repos/lui/platform/qt/qml/LuiScroll.qml
  0x0,0x0,0x4,0x5f,
  0x69,
  0x6d,0x70,0x6f,0x72,0x74,0x20,0x51,0x74,0x51,0x75,0x69,0x63,0x6b,0xa,0x69,0x6d,
  0x70,0x6f,0x72,0x74,0x20,0x51,0x74,0x51,0x75,0x69,0x63,0x6b,0x2e,0x43,0x6f,0x6e,
  0x74,0x72,0x6f,0x6c,0x73,0xa,0x69,0x6d,0x70,0x6f,0x72,0x74,0x20,0x51,0x74,0x51,
  0x75,0x69,0x63,0x6b,0x2e,0x4c,0x61,0x79,0x6f,0x75,0x74,0x73,0xa,0x69,0x6d,0x70,
  0x6f,0x72,0x74,0x20,0x22,0x4c,0x75,0x69,0x53,0x74,0x79,0x6c,0x65,0x2e,0x6a,0x73,
  0x22,0x20,0x61,0x73,0x20,0x53,0x74,0x79,0x6c,0x65,0xa,0xa,0x2f,0x2f,0x20,0x57,
  0x69,0x72,0x65,0x20,0x6b,0x69,0x6e,0x64,0x3a,0x20,0x73,0x63,0x72,0x6f,0x6c,0x6c,
  0x20,0xe2,0x80,0x94,0x20,0x73,0x63,0x72,0x6f,0x6c,0x6c,0x61,0x62,0x6c,0x65,0x20,
  0x76,0x65,0x72,0x74,0x69,0x63,0x61,0x6c,0x20,0x73,0x74,0x61,0x63,0x6b,0x20,0x6f,
  0x66,0x20,0x63,0x68,0x69,0x6c,0x64,0x72,0x65,0x6e,0x2e,0xa,0x53,0x63,0x72,0x6f,
  0x6c,0x6c,0x56,0x69,0x65,0x77,0x20,0x7b,0xa,0x20,0x20,0x20,0x20,0x69,0x64,0x3a,
  0x20,0x76,0x69,0x65,0x77,0xa,0x20,0x20,0x20,0x20,0x72,0x65,0x71,0x75,0x69,0x72,
  0x65,0x64,0x20,0x70,0x72,0x6f,0x70,0x65,0x72,0x74,0x79,0x20,0x76,0x61,0x72,0x20,
  0x6e,0x6f,0x64,0x65,0xa,0x20,0x20,0x20,0x20,0x72,0x65,0x61,0x64,0x6f,0x6e,0x6c,
  0x79,0x20,0x70,0x72,0x6f,0x70,0x65,0x72,0x74,0x79,0x20,0x76,0x61,0x72,0x20,0x70,
  0x72,0x6f,0x70,0x73,0x3a,0x20,0x6e,0x6f,0x64,0x65,0x20,0x3f,0x20,0x6e,0x6f,0x64,
  0x65,0x2e,0x70,0x72,0x6f,0x70,0x65,0x72,0x74,0x69,0x65,0x73,0x20,0x3a,0x20,0x28,
  0x7b,0x7d,0x29,0xa,0xa,0x20,0x20,0x20,0x20,0x63,0x6c,0x69,0x70,0x3a,0x20,0x74,
  0x72,0x75,0x65,0xa,0xa,0x20,0x20,0x20,0x20,0x53,0x63,0x72,0x6f,0x6c,0x6c,0x42,
  0x61,0x72,0x2e,0x76,0x65,0x72,0x74,0x69,0x63,0x61,0x6c,0x2e,0x70,0x6f,0x6c,0x69,
  0x63,0x79,0x3a,0x20,0x7b,0xa,0x20,0x20,0x20,0x20,0x20,0x20,0x20,0x20,0x76,0x61,
  0x72,0x20,0x73,0x20,0x3d,0x20,0x53,0x74,0x79,0x6c,0x65,0x2e,0x73,0x74,0x72,0x28,
  0x70,0x72,0x6f,0x70,0x73,0x2c,0x20,0x22,0x73,0x63,0x72,0x6f,0x6c,0x6c,0x62,0x61,
  0x72,0x73,0x22,0x2c,0x20,0x22,0x61,0x75,0x74,0x6f,0x22,0x29,0xa,0x20,0x20,0x20,
  0x20,0x20,0x20,0x20,0x20,0x69,0x66,0x20,0x28,0x73,0x20,0x3d,0x3d,0x3d,0x20,0x22,
  0x68,0x69,0x64,0x64,0x65,0x6e,0x22,0x20,0x7c,0x7c,0x20,0x73,0x20,0x3d,0x3d,0x3d,
  0x20,0x22,0x6e,0x65,0x76,0x65,0x72,0x22,0x29,0x20,0x72,0x65,0x74,0x75,0x72,0x6e,
  0x20,0x53,0x63,0x72,0x6f,0x6c,0x6c,0x42,0x61,0x72,0x2e,0x41,0x6c,0x77,0x61,0x79,
  0x73,0x4f,0x66,0x66,0xa,0x20,0x20,0x20,0x20,0x20,0x20,0x20,0x20,0x69,0x66,0x20,
  0x28,0x73,0x20,0x3d,0x3d,0x3d,0x20,0x22,0x61,0x6c,0x77,0x61,0x79,0x73,0x22,0x29,
  0x20,0x72,0x65,0x74,0x75,0x72,0x6e,0x20,0x53,0x63,0x72,0x6f,0x6c,0x6c,0x42,0x61,
  0x72,0x2e,0x41,0x6c,0x77,0x61,0x79,0x73,0x4f,0x6e,0xa,0x20,0x20,0x20,0x20,0x20,
  0x20,0x20,0x20,0x72,0x65,0x74,0x75,0x72,0x6e,0x20,0x53,0x63,0x72,0x6f,0x6c,0x6c,
  0x42,0x61,0x72,0x2e,0x41,0x73,0x4e,0x65,0x65,0x64,0x65,0x64,0xa,0x20,0x20,0x20,
  0x20,0x7d,0xa,0x20,0x20,0x20,0x20,0x53,0x63,0x72,0x6f,0x6c,0x6c,0x42,0x61,0x72,
  0x2e,0x68,0x6f,0x72,0x69,0x7a,0x6f,0x6e,0x74,0x61,0x6c,0x2e,0x70,0x6f,0x6c,0x69,
  0x63,0x79,0x3a,0x20,0x7b,0xa,0x20,0x20,0x20,0x20,0x20,0x20,0x20,0x20,0x76,0x61,
  0x72,0x20,0x73,0x20,0x3d,0x20,0x53,0x74,0x79,0x6c,0x65,0x2e,0x73,0x74,0x72,0x28,
  0x70,0x72,0x6f,0x70,0x73,0x2c,0x20,0x22,0x73,0x63,0x72,0x6f,0x6c,0x6c,0x62,0x61,
  0x72,0x73,0x22,0x2c,0x20,0x22,0x61,0x75,0x74,0x6f,0x22,0x29,0xa,0x20,0x20,0x20,
  0x20,0x20,0x20,0x20,0x20,0x69,0x66,0x20,0x28,0x73,0x20,0x3d,0x3d,0x3d,0x20,0x22,
  0x68,0x69,0x64,0x64,0x65,0x6e,0x22,0x20,0x7c,0x7c,0x20,0x73,0x20,0x3d,0x3d,0x3d,
  0x20,0x22,0x6e,0x65,0x76,0x65,0x72,0x22,0x29,0x20,0x72,0x65,0x74,0x75,0x72,0x6e,
  0x20,0x53,0x63,0x72,0x6f,0x6c,0x6c,0x42,0x61,0x72,0x2e,0x41,0x6c,0x77,0x61,0x79,
  0x73,0x4f,0x66,0x66,0xa,0x20,0x20,0x20,0x20,0x20,0x20,0x20,0x20,0x69,0x66,0x20,
  0x28,0x73,0x20,0x3d,0x3d,0x3d,0x20,0x22,0x61,0x6c,0x77,0x61,0x79,0x73,0x22,0x29,
  0x20,0x72,0x65,0x74,0x75,0x72,0x6e,0x20,0x53,0x63,0x72,0x6f,0x6c,0x6c,0x42,0x61,
  0x72,0x2e,0x41,0x6c,0x77,0x61,0x79,0x73,0x4f,0x6e,0xa,0x20,0x20,0x20,0x20,0x20,
  0x20,0x20,0x20,0x72,0x65,0x74,0x75,0x72,0x6e,0x20,0x53,0x63,0x72,0x6f,0x6c,0x6c,
  0x42,0x61,0x72,0x2e,0x41,0x73,0x4e,0x65,0x65,0x64,0x65,0x64,0xa,0x20,0x20,0x20,
  0x20,0x7d,0xa,0xa,0x20,0x20,0x20,0x20,0x43,0x6f,0x6c,0x75,0x6d,0x6e,0x4c,0x61,
  0x79,0x6f,0x75,0x74,0x20,0x7b,0xa,0x20,0x20,0x20,0x20,0x20,0x20,0x20,0x20,0x77,
  0x69,0x64,0x74,0x68,0x3a,0x20,0x76,0x69,0x65,0x77,0x2e,0x61,0x76,0x61,0x69,0x6c,
  0x61,0x62,0x6c,0x65,0x57,0x69,0x64,0x74,0x68,0xa,0x20,0x20,0x20,0x20,0x20,0x20,
  0x20,0x20,0x73,0x70,0x61,0x63,0x69,0x6e,0x67,0x3a,0x20,0x53,0x74,0x79,0x6c,0x65,
  0x2e,0x6e,0x75,0x6d,0x28,0x76,0x69,0x65,0x77,0x2e,0x70,0x72,0x6f,0x70,0x73,0x2c,
  0x20,0x22,0x67,0x61,0x70,0x22,0x2c,0x20,0x30,0x29,0xa,0xa,0x20,0x20,0x20,0x20,
  0x20,0x20,0x20,0x20,0x52,0x65,0x70,0x65,0x61,0x74,0x65,0x72,0x20,0x7b,0xa,0x20,
  0x20,0x20,0x20,0x20,0x20,0x20,0x20,0x20,0x20,0x20,0x20,0x6d,0x6f,0x64,0x65,0x6c,
  0x3a,0x20,0x76,0x69,0x65,0x77,0x2e,0x6e,0x6f,0x64,0x65,0x20,0x3f,0x20,0x76,0x69,
  0x65,0x77,0x2e,0x6e,0x6f,0x64,0x65,0x2e,0x63,0x68,0x69,0x6c,0x64,0x72,0x65,0x6e,
  0x20,0x3a,0x20,0x5b,0x5d,0xa,0x20,0x20,0x20,0x20,0x20,0x20,0x20,0x20,0x20,0x20,
  0x20,0x20,0x64,0x65,0x6c,0x65,0x67,0x61,0x74,0x65,0x3a,0x20,0x4c,0x75,0x69,0x4e,
  0x6f,0x64,0x65,0x56,0x69,0x65,0x77,0x20,0x7b,0xa,0x20,0x20,0x20,0x20,0x20,0x20,
  0x20,0x20,0x20,0x20,0x20,0x20,0x20,0x20,0x20,0x20,0x72,0x65,0x71,0x75,0x69,0x72,
  0x65,0x64,0x20,0x70,0x72,0x6f,0x70,0x65,0x72,0x74,0x79,0x20,0x76,0x61,0x72,0x20,
  0x6d,0x6f,0x64,0x65,0x6c,0x44,0x61,0x74,0x61,0xa,0x20,0x20,0x20,0x20,0x20,0x20,
  0x20,0x20,0x20,0x20,0x20,0x20,0x20,0x20,0x20,0x20,0x6e,0x6f,0x64,0x65,0x3a,0x20,
  0x6d,0x6f,0x64,0x65,0x6c,0x44,0x61,0x74,0x61,0x20,0x7d,0xa,0x20,0x20,0x20,0x20,
  0x20,0x20,0x20,0x20,0x7d,0xa,0x20,0x20,0x20,0x20,0x7d,0xa,0x7d,0xa,
    // /home/ubuntu/repos/lui/platform/qt/qml/LuiToggle.qml
  0x0,0x0,0x1,0xd5,
  0x69,
  0x6d,0x70,0x6f,0x72,0x74,0x20,0x51,0x74,0x51,0x75,0x69,0x63,0x6b,0xa,0x69,0x6d,
  0x70,0x6f,0x72,0x74,0x20,0x51,0x74,0x51,0x75,0x69,0x63,0x6b,0x2e,0x43,0x6f,0x6e,
  0x74,0x72,0x6f,0x6c,0x73,0xa,0x69,0x6d,0x70,0x6f,0x72,0x74,0x20,0x22,0x4c,0x75,
  0x69,0x53,0x74,0x79,0x6c,0x65,0x2e,0x6a,0x73,0x22,0x20,0x61,0x73,0x20,0x53,0x74,
  0x79,0x6c,0x65,0xa,0xa,0x2f,0x2f,0x20,0x57,0x69,0x72,0x65,0x20,0x6b,0x69,0x6e,
  0x64,0x3a,0x20,0x74,0x6f,0x67,0x67,0x6c,0x65,0x20,0xe2,0x80,0x94,0x20,0x63,0x6f,
  0x6d,0x70,0x61,0x63,0x74,0x20,0x6f,0x6e,0x2f,0x6f,0x66,0x66,0x20,0x70,0x69,0x6c,
  0x6c,0x20,0x63,0x6f,0x6e,0x74,0x72,0x6f,0x6c,0x2e,0xa,0x53,0x77,0x69,0x74,0x63,
  0x68,0x20,0x7b,0xa,0x20,0x20,0x20,0x20,0x69,0x64,0x3a,0x20,0x63,0x6f,0x6e,0x74,
  0x72,0x6f,0x6c,0xa,0x20,0x20,0x20,0x20,0x72,0x65,0x71,0x75,0x69,0x72,0x65,0x64,
  0x20,0x70,0x72,0x6f,0x70,0x65,0x72,0x74,0x79,0x20,0x76,0x61,0x72,0x20,0x6e,0x6f,
  0x64,0x65,0xa,0x20,0x20,0x20,0x20,0x72,0x65,0x61,0x64,0x6f,0x6e,0x6c,0x79,0x20,
  0x70,0x72,0x6f,0x70,0x65,0x72,0x74,0x79,0x20,0x76,0x61,0x72,0x20,0x70,0x72,0x6f,
  0x70,0x73,0x3a,0x20,0x6e,0x6f,0x64,0x65,0x20,0x3f,0x20,0x6e,0x6f,0x64,0x65,0x2e,
  0x70,0x72,0x6f,0x70,0x65,0x72,0x74,0x69,0x65,0x73,0x20,0x3a,0x20,0x28,0x7b,0x7d,
  0x29,0xa,0xa,0x20,0x20,0x20,0x20,0x74,0x65,0x78,0x74,0x3a,0x20,0x53,0x74,0x79,
  0x6c,0x65,0x2e,0x73,0x74,0x72,0x28,0x70,0x72,0x6f,0x70,0x73,0x2c,0x20,0x22,0x74,
  0x65,0x78,0x74,0x22,0x2c,0x20,0x22,0x22,0x29,0xa,0x20,0x20,0x20,0x20,0x63,0x68,
  0x65,0x63,0x6b,0x65,0x64,0x3a,0x20,0x70,0x72,0x6f,0x70,0x73,0x5b,0x22,0x63,0x68,
  0x65,0x63,0x6b,0x65,0x64,0x22,0x5d,0x20,0x3d,0x3d,0x3d,0x20,0x74,0x72,0x75,0x65,
  0xa,0x20,0x20,0x20,0x20,0x65,0x6e,0x61,0x62,0x6c,0x65,0x64,0x3a,0x20,0x70,0x72,
  0x6f,0x70,0x73,0x5b,0x22,0x65,0x6e,0x61,0x62,0x6c,0x65,0x64,0x22,0x5d,0x20,0x21,
  0x3d,0x3d,0x20,0x66,0x61,0x6c,0x73,0x65,0xa,0x20,0x20,0x20,0x20,0x63,0x68,0x65,
  0x63,0x6b,0x61,0x62,0x6c,0x65,0x3a,0x20,0x66,0x61,0x6c,0x73,0x65,0x20,0x2f,0x2f,
  0x20,0x63,0x68,0x65,0x63,0x6b,0x65,0x64,0x20,0x73,0x74,0x61,0x74,0x65,0x20,0x69,
  0x73,0x20,0x6f,0x77,0x6e,0x65,0x64,0x20,0x62,0x79,0x20,0x74,0x68,0x65,0x20,0x77,
  0x69,0x72,0x65,0xa,0xa,0x20,0x20,0x20,0x20,0x6f,0x6e,0x43,0x6c,0x69,0x63,0x6b,
  0x65,0x64,0x3a,0x20,0x6e,0x6f,0x64,0x65,0x2e,0x74,0x6f,0x67,0x67,0x6c,0x65,0x28,
  0x21,0x63,0x6f,0x6e,0x74,0x72,0x6f,0x6c,0x2e,0x63,0x68,0x65,0x63,0x6b,0x65,0x64,
  0x29,0xa,0x7d,0xa,
    // /home/ubuntu/repos/lui/platform/qt/qml/LuiBox.qml
  0x0,0x0,0x7,0x10,
  0x69,
  0x6d,0x70,0x6f,0x72,0x74,0x20,0x51,0x74,0x51,0x75,0x69,0x63,0x6b,0xa,0x69,0x6d,
  0x70,0x6f,0x72,0x74,0x20,0x51,0x74,0x51,0x75,0x69,0x63,0x6b,0x2e,0x4c,0x61,0x79,
  0x6f,0x75,0x74,0x73,0xa,0x69,0x6d,0x70,0x6f,0x72,0x74,0x20,0x22,0x4c,0x75,0x69,
  0x53,0x74,0x79,0x6c,0x65,0x2e,0x6a,0x73,0x22,0x20,0x61,0x73,0x20,0x53,0x74,0x79,
  0x6c,0x65,0xa,0xa,0x2f,0x2f,0x20,0x57,0x69,0x72,0x65,0x20,0x6b,0x69,0x6e,0x64,
  0x3a,0x20,0x62,0x6f,0x78,0x20,0xe2,0x80,0x94,0x20,0x62,0x6f,0x72,0x64,0x65,0x72,
  0x65,0x64,0x20,0x62,0x6f,0x78,0x20,0x63,0x6f,0x6e,0x74,0x61,0x69,0x6e,0x65,0x72,
  0x20,0x73,0x74,0x61,0x63,0x6b,0x69,0x6e,0x67,0x20,0x63,0x68,0x69,0x6c,0x64,0x72,
  0x65,0x6e,0x20,0x76,0x65,0x72,0x74,0x69,0x63,0x61,0x6c,0x6c,0x79,0x2e,0xa,0x52,
  0x65,0x63,0x74,0x61,0x6e,0x67,0x6c,0x65,0x20,0x7b,0xa,0x20,0x20,0x20,0x20,0x69,
  0x64,0x3a,0x20,0x62,0x6f,0x78,0xa,0x20,0x20,0x20,0x20,0x72,0x65,0x71,0x75,0x69,
  0x72,0x65,0x64,0x20,0x70,0x72,0x6f,0x70,0x65,0x72,0x74,0x79,0x20,0x76,0x61,0x72,
  0x20,0x6e,0x6f,0x64,0x65,0xa,0x20,0x20,0x20,0x20,0x72,0x65,0x61,0x64,0x6f,0x6e,
  0x6c,0x79,0x20,0x70,0x72,0x6f,0x70,0x65,0x72,0x74,0x79,0x20,0x76,0x61,0x72,0x20,
  0x70,0x72,0x6f,0x70,0x73,0x3a,0x20,0x6e,0x6f,0x64,0x65,0x20,0x3f,0x20,0x6e,0x6f,
  0x64,0x65,0x2e,0x70,0x72,0x6f,0x70,0x65,0x72,0x74,0x69,0x65,0x73,0x20,0x3a,0x20,
  0x28,0x7b,0x7d,0x29,0xa,0xa,0x20,0x20,0x20,0x20,0x63,0x6f,0x6c,0x6f,0x72,0x3a,
  0x20,0x53,0x74,0x79,0x6c,0x65,0x2e,0x63,0x6f,0x6c,0x6f,0x72,0x28,0x70,0x72,0x6f,
  0x70,0x73,0x5b,0x22,0x62,0x61,0x63,0x6b,0x67,0x72,0x6f,0x75,0x6e,0x64,0x22,0x5d,
  0x2c,0x20,0x22,0x74,0x72,0x61,0x6e,0x73,0x70,0x61,0x72,0x65,0x6e,0x74,0x22,0x29,
  0xa,0x20,0x20,0x20,0x20,0x62,0x6f,0x72,0x64,0x65,0x72,0x2e,0x63,0x6f,0x6c,0x6f,
  0x72,0x3a,0x20,0x53,0x74,0x79,0x6c,0x65,0x2e,0x63,0x6f,0x6c,0x6f,0x72,0x28,0x70,
  0x72,0x6f,0x70,0x73,0x5b,0x22,0x62,0x6f,0x72,0x64,0x65,0x72,0x2d,0x63,0x6f,0x6c,
  0x6f,0x72,0x22,0x5d,0x2c,0x20,0x22,0x23,0x65,0x34,0x65,0x34,0x65,0x37,0x22,0x29,
  0xa,0x20,0x20,0x20,0x20,0x62,0x6f,0x72,0x64,0x65,0x72,0x2e,0x77,0x69,0x64,0x74,
  0x68,0x3a,0x20,0x53,0x74,0x79,0x6c,0x65,0x2e,0x6e,0x75,0x6d,0x28,0x70,0x72,0x6f,
  0x70,0x73,0x2c,0x20,0x22,0x62,0x6f,0x72,0x64,0x65,0x72,0x2d,0x77,0x69,0x64,0x74,
  0x68,0x22,0x2c,0x20,0x31,0x29,0xa,0x20,0x20,0x20,0x20,0x72,0x61,0x64,0x69,0x75,
  0x73,0x3a,0x20,0x53,0x74,0x79,0x6c,0x65,0x2e,0x6e,0x75,0x6d,0x28,0x70,0x72,0x6f,
  0x70,0x73,0x2c,0x20,0x22,0x63,0x6f,0x72,0x6e,0x65,0x72,0x2d,0x72,0x61,0x64,0x69,
  0x75,0x73,0x22,0x2c,0x20,0x36,0x29,0xa,0xa,0x20,0x20,0x20,0x20,0x69,0x6d,0x70,
  0x6c,0x69,0x63,0x69,0x74,0x57,0x69,0x64,0x74,0x68,0x3a,0x20,0x63,0x6f,0x6c,0x2e,
  0x69,0x6d,0x70,0x6c,0x69,0x63,0x69,0x74,0x57,0x69,0x64,0x74,0x68,0x20,0x2b,0x20,
  0x32,0x20,0x2a,0x20,0x70,0x61,0x64,0x48,0xa,0x20,0x20,0x20,0x20,0x69,0x6d,0x70,
  0x6c,0x69,0x63,0x69,0x74,0x48,0x65,0x69,0x67,0x68,0x74,0x3a,0x20,0x63,0x6f,0x6c,
  0x2e,0x69,0x6d,0x70,0x6c,0x69,0x63,0x69,0x74,0x48,0x65,0x69,0x67,0x68,0x74,0x20,
  0x2b,0x20,0x32,0x20,0x2a,0x20,0x70,0x61,0x64,0x56,0xa,0xa,0x20,0x20,0x20,0x20,
  0x70,0x72,0x6f,0x70,0x65,0x72,0x74,0x79,0x20,0x72,0x65,0x61,0x6c,0x20,0x70,0x61,
  0x64,0x56,0x3a,0x20,0x4d,0x61,0x74,0x68,0x2e,0x6d,0x61,0x78,0x28,0x53,0x74,0x79,
  0x6c,0x65,0x2e,0x6e,0x75,0x6d,0x28,0x70,0x72,0x6f,0x70,0x73,0x2c,0x20,0x22,0x70,
  0x61,0x64,0x64,0x69,0x6e,0x67,0x22,0x2c,0x20,0x30,0x29,0x2c,0xa,0x20,0x20,0x20,
  0x20,0x20,0x20,0x20,0x20,0x20,0x20,0x20,0x20,0x20,0x20,0x20,0x20,0x20,0x20,0x20,
  0x20,0x20,0x20,0x20,0x20,0x20,0x20,0x20,0x20,0x20,0x20,0x20,0x20,0x20,0x53,0x74,
  0x79,0x6c,0x65,0x2e,0x6e,0x75,0x6d,0x28,0x70,0x72,0x6f,0x70,0x73,0x2c,0x20,0x22,
  0x70,0x61,0x64,0x64,0x69,0x6e,0x67,0x2d,0x76,0x65,0x72,0x74,0x69,0x63,0x61,0x6c,
  0x22,0x2c,0x20,0x38,0x29,0x29,0xa,0x20,0x20,0x20,0x20,0x70,0x72,0x6f,0x70,0x65,
  0x72,0x74,0x79,0x20,0x72,0x65,0x61,0x6c,0x20,0x70,0x61,0x64,0x48,0x3a,0x20,0x4d,
  0x61,0x74,0x68,0x2e,0x6d,0x61,0x78,0x28,0x70,0x61,0x64,0x56,0x2c,0xa,0x20,0x20,
  0x20,0x20,0x20,0x20,0x20,0x20,0x20,0x20,0x20,0x20,0x20,0x20,0x20,0x20,0x20,0x20,
  0x20,0x20,0x20,0x20,0x20,0x20,0x20,0x20,0x20,0x20,0x20,0x20,0x20,0x20,0x20,0x53,
  0x74,0x79,0x6c,0x65,0x2e,0x6e,0x75,0x6d,0x28,0x70,0x72,0x6f,0x70,0x73,0x2c,0x20,
  0x22,0x70,0x61,0x64,0x64,0x69,0x6e,0x67,0x2d,0x68,0x6f,0x72,0x69,0x7a,0x6f,0x6e,
  0x74,0x61,0x6c,0x22,0x2c,0x20,0x38,0x29,0x29,0xa,0xa,0x20,0x20,0x20,0x20,0x43,
  0x6f,0x6c,0x75,0x6d,0x6e,0x4c,0x61,0x79,0x6f,0x75,0x74,0x20,0x7b,0xa,0x20,0x20,
  0x20,0x20,0x20,0x20,0x20,0x20,0x69,0x64,0x3a,0x20,0x63,0x6f,0x6c,0xa,0x20,0x20,
  0x20,0x20,0x20,0x20,0x20,0x20,0x61,0x6e,0x63,0x68,0x6f,0x72,0x73,0x20,0x7b,0xa,
  0x20,0x20,0x20,0x20,0x20,0x20,0x20,0x20,0x20,0x20,0x20,0x20,0x66,0x69,0x6c,0x6c,
  0x3a,0x20,0x70,0x61,0x72,0x65,0x6e,0x74,0xa,0x20,0x20,0x20,0x20,0x20,0x20,0x20,
  0x20,0x20,0x20,0x20,0x20,0x74,0x6f,0x70,0x4d,0x61,0x72,0x67,0x69,0x6e,0x3a,0x20,
  0x62,0x6f,0x78,0x2e,0x70,0x61,0x64,0x56,0xa,0x20,0x20,0x20,0x20,0x20,0x20,0x20,
  0x20,0x20,0x20,0x20,0x20,0x62,0x6f,0x74,0x74,0x6f,0x6d,0x4d,0x61,0x72,0x67,0x69,
  0x6e,0x3a,0x20,0x62,0x6f,0x78,0x2e,0x70,0x61,0x64,0x56,0xa,0x20,0x20,0x20,0x20,
  0x20,0x20,0x20,0x20,0x20,0x20,0x20,0x20,0x6c,0x65,0x66,0x74,0x4d,0x61,0x72,0x67,
  0x69,0x6e,0x3a,0x20,0x62,0x6f,0x78,0x2e,0x70,0x61,0x64,0x48,0xa,0x20,0x20,0x20,
  0x20,0x20,0x20,0x20,0x20,0x20,0x20,0x20,0x20,0x72,0x69,0x67,0x68,0x74,0x4d,0x61,
  0x72,0x67,0x69,0x6e,0x3a,0x20,0x62,0x6f,0x78,0x2e,0x70,0x61,0x64,0x48,0xa,0x20,
  0x20,0x20,0x20,0x20,0x20,0x20,0x20,0x7d,0xa,0x20,0x20,0x20,0x20,0x20,0x20,0x20,
  0x20,0x73,0x70,0x61,0x63,0x69,0x6e,0x67,0x3a,0x20,0x53,0x74,0x79,0x6c,0x65,0x2e,
  0x6e,0x75,0x6d,0x28,0x70,0x72,0x6f,0x70,0x73,0x2c,0x20,0x22,0x67,0x61,0x70,0x22,
  0x2c,0x20,0x30,0x29,0xa,0xa,0x20,0x20,0x20,0x20,0x20,0x20,0x20,0x20,0x49,0x74,
  0x65,0x6d,0x20,0x7b,0x20,0x4c,0x61,0x79,0x6f,0x75,0x74,0x2e,0x66,0x69,0x6c,0x6c,
  0x48,0x65,0x69,0x67,0x68,0x74,0x3a,0x20,0x74,0x72,0x75,0x65,0x3b,0x20,0x76,0x69,
  0x73,0x69,0x62,0x6c,0x65,0x3a,0x20,0x53,0x74,0x79,0x6c,0x65,0x2e,0x6e,0x65,0x65,
  0x64,0x73,0x4c,0x65,0x61,0x64,0x46,0x69,0x6c,0x6c,0x65,0x72,0x28,0x70,0x72,0x6f,
  0x70,0x73,0x29,0x20,0x7d,0xa,0x20,0x20,0x20,0x20,0x20,0x20,0x20,0x20,0x52,0x65,
  0x70,0x65,0x61,0x74,0x65,0x72,0x20,0x7b,0xa,0x20,0x20,0x20,0x20,0x20,0x20,0x20,
  0x20,0x20,0x20,0x20,0x20,0x6d,0x6f,0x64,0x65,0x6c,0x3a,0x20,0x62,0x6f,0x78,0x2e,
  0x6e,0x6f,0x64,0x65,0x20,0x3f,0x20,0x62,0x6f,0x78,0x2e,0x6e,0x6f,0x64,0x65,0x2e,
  0x63,0x68,0x69,0x6c,0x64,0x72,0x65,0x6e,0x20,0x3a,0x20,0x5b,0x5d,0xa,0x20,0x20,
  0x20,0x20,0x20,0x20,0x20,0x20,0x20,0x20,0x20,0x20,0x64,0x65,0x6c,0x65,0x67,0x61,
  0x74,0x65,0x3a,0x20,0x4c,0x75,0x69,0x4e,0x6f,0x64,0x65,0x56,0x69,0x65,0x77,0x20,
  0x7b,0xa,0x20,0x20,0x20,0x20,0x20,0x20,0x20,0x20,0x20,0x20,0x20,0x20,0x20,0x20,
  0x20,0x20,0x72,0x65,0x71,0x75,0x69,0x72,0x65,0x64,0x20,0x70,0x72,0x6f,0x70,0x65,
  0x72,0x74,0x79,0x20,0x76,0x61,0x72,0x20,0x6d,0x6f,0x64,0x65,0x6c,0x44,0x61,0x74,
  0x61,0xa,0x20,0x20,0x20,0x20,0x20,0x20,0x20,0x20,0x20,0x20,0x20,0x20,0x20,0x20,
  0x20,0x20,0x6e,0x6f,0x64,0x65,0x3a,0x20,0x6d,0x6f,0x64,0x65,0x6c,0x44,0x61,0x74,
  0x61,0xa,0x20,0x20,0x20,0x20,0x20,0x20,0x20,0x20,0x20,0x20,0x20,0x20,0x20,0x20,
  0x20,0x20,0x4c,0x61,0x79,0x6f,0x75,0x74,0x2e,0x66,0x69,0x6c,0x6c,0x48,0x65,0x69,
  0x67,0x68,0x74,0x3a,0x20,0x53,0x74,0x79,0x6c,0x65,0x2e,0x66,0x69,0x6c,0x6c,0x4d,
  0x61,0x69,0x6e,0x48,0x65,0x69,0x67,0x68,0x74,0x28,0x6e,0x6f,0x64,0x65,0x20,0x3f,
  0x20,0x6e,0x6f,0x64,0x65,0x2e,0x70,0x72,0x6f,0x70,0x65,0x72,0x74,0x69,0x65,0x73,
  0x20,0x3a,0x20,0x28,0x7b,0x7d,0x29,0x29,0x20,0x7c,0x7c,0xa,0x20,0x20,0x20,0x20,
  0x20,0x20,0x20,0x20,0x20,0x20,0x20,0x20,0x20,0x20,0x20,0x20,0x20,0x20,0x20,0x20,
  0x20,0x20,0x20,0x20,0x20,0x20,0x20,0x20,0x20,0x20,0x20,0x20,0x20,0x20,0x20,0x53,
  0x74,0x79,0x6c,0x65,0x2e,0x6d,0x61,0x69,0x6e,0x41,0x6c,0x69,0x67,0x6e,0x28,0x70,
  0x72,0x6f,0x70,0x73,0x29,0x20,0x3d,0x3d,0x3d,0x20,0x22,0x73,0x70,0x61,0x63,0x65,
  0x5f,0x62,0x65,0x74,0x77,0x65,0x65,0x6e,0x22,0xa,0x20,0x20,0x20,0x20,0x20,0x20,
  0x20,0x20,0x20,0x20,0x20,0x20,0x20,0x20,0x20,0x20,0x4c,0x61,0x79,0x6f,0x75,0x74,
  0x2e,0x66,0x69,0x6c,0x6c,0x57,0x69,0x64,0x74,0x68,0x3a,0x20,0x53,0x74,0x79,0x6c,
  0x65,0x2e,0x66,0x69,0x6c,0x6c,0x4d,0x61,0x69,0x6e,0x57,0x69,0x64,0x74,0x68,0x28,
  0x6e,0x6f,0x64,0x65,0x20,0x3f,0x20,0x6e,0x6f,0x64,0x65,0x2e,0x70,0x72,0x6f,0x70,
  0x65,0x72,0x74,0x69,0x65,0x73,0x20,0x3a,0x20,0x28,0x7b,0x7d,0x29,0x29,0x20,0x7c,
  0x7c,0xa,0x20,0x20,0x20,0x20,0x20,0x20,0x20,0x20,0x20,0x20,0x20,0x20,0x20,0x20,
  0x20,0x20,0x20,0x20,0x20,0x20,0x20,0x20,0x20,0x20,0x20,0x20,0x20,0x20,0x20,0x20,
  0x20,0x20,0x20,0x20,0x53,0x74,0x79,0x6c,0x65,0x2e,0x73,0x74,0x72,0x65,0x74,0x63,
  0x68,0x43,0x72,0x6f,0x73,0x73,0x28,0x70,0x72,0x6f,0x70,0x73,0x29,0xa,0x20,0x20,
  0x20,0x20,0x20,0x20,0x20,0x20,0x20,0x20,0x20,0x20,0x7d,0xa,0x20,0x20,0x20,0x20,
  0x20,0x20,0x20,0x20,0x7d,0xa,0x20,0x20,0x20,0x20,0x20,0x20,0x20,0x20,0x49,0x74,
  0x65,0x6d,0x20,0x7b,0x20,0x4c,0x61,0x79,0x6f,0x75,0x74,0x2e,0x66,0x69,0x6c,0x6c,
  0x48,0x65,0x69,0x67,0x68,0x74,0x3a,0x20,0x74,0x72,0x75,0x65,0x3b,0x20,0x76,0x69,
  0x73,0x69,0x62,0x6c,0x65,0x3a,0x20,0x53,0x74,0x79,0x6c,0x65,0x2e,0x6e,0x65,0x65,
  0x64,0x73,0x54,0x72,0x61,0x69,0x6c,0x46,0x69,0x6c,0x6c,0x65,0x72,0x28,0x70,0x72,
  0x6f,0x70,0x73,0x29,0x20,0x7d,0xa,0x20,0x20,0x20,0x20,0x7d,0xa,0x7d,0xa,
    // /home/ubuntu/repos/lui/platform/qt/qml/LuiToggleButton.qml
  0x0,0x0,0x4,0xfb,
  0x69,
  0x6d,0x70,0x6f,0x72,0x74,0x20,0x51,0x74,0x51,0x75,0x69,0x63,0x6b,0xa,0x69,0x6d,
  0x70,0x6f,0x72,0x74,0x20,0x51,0x74,0x51,0x75,0x69,0x63,0x6b,0x2e,0x43,0x6f,0x6e,
  0x74,0x72,0x6f,0x6c,0x73,0xa,0x69,0x6d,0x70,0x6f,0x72,0x74,0x20,0x22,0x4c,0x75,
  0x69,0x53,0x74,0x79,0x6c,0x65,0x2e,0x6a,0x73,0x22,0x20,0x61,0x73,0x20,0x53,0x74,
  0x79,0x6c,0x65,0xa,0xa,0x2f,0x2f,0x20,0x57,0x69,0x72,0x65,0x20,0x6b,0x69,0x6e,
  0x64,0x3a,0x20,0x74,0x6f,0x67,0x67,0x6c,0x65,0x2d,0x62,0x75,0x74,0x74,0x6f,0x6e,
  0x20,0xe2,0x80,0x94,0x20,0x70,0x72,0x65,0x73,0x73,0x61,0x62,0x6c,0x65,0x20,0x73,
  0x65,0x6c,0x65,0x63,0x74,0x65,0x64,0x2f,0x75,0x6e,0x73,0x65,0x6c,0x65,0x63,0x74,
  0x65,0x64,0x20,0x62,0x75,0x74,0x74,0x6f,0x6e,0x2e,0xa,0x42,0x75,0x74,0x74,0x6f,
  0x6e,0x20,0x7b,0xa,0x20,0x20,0x20,0x20,0x69,0x64,0x3a,0x20,0x62,0x75,0x74,0x74,
  0x6f,0x6e,0xa,0x20,0x20,0x20,0x20,0x72,0x65,0x71,0x75,0x69,0x72,0x65,0x64,0x20,
  0x70,0x72,0x6f,0x70,0x65,0x72,0x74,0x79,0x20,0x76,0x61,0x72,0x20,0x6e,0x6f,0x64,
  0x65,0xa,0x20,0x20,0x20,0x20,0x72,0x65,0x61,0x64,0x6f,0x6e,0x6c,0x79,0x20,0x70,
  0x72,0x6f,0x70,0x65,0x72,0x74,0x79,0x20,0x76,0x61,0x72,0x20,0x70,0x72,0x6f,0x70,
  0x73,0x3a,0x20,0x6e,0x6f,0x64,0x65,0x20,0x3f,0x20,0x6e,0x6f,0x64,0x65,0x2e,0x70,
  0x72,0x6f,0x70,0x65,0x72,0x74,0x69,0x65,0x73,0x20,0x3a,0x20,0x28,0x7b,0x7d,0x29,
  0xa,0xa,0x20,0x20,0x20,0x20,0x74,0x65,0x78,0x74,0x3a,0x20,0x53,0x74,0x79,0x6c,
  0x65,0x2e,0x73,0x74,0x72,0x28,0x70,0x72,0x6f,0x70,0x73,0x2c,0x20,0x22,0x74,0x65,
  0x78,0x74,0x22,0x2c,0x20,0x22,0x22,0x29,0xa,0x20,0x20,0x20,0x20,0x65,0x6e,0x61,
  0x62,0x6c,0x65,0x64,0x3a,0x20,0x70,0x72,0x6f,0x70,0x73,0x5b,0x22,0x65,0x6e,0x61,
  0x62,0x6c,0x65,0x64,0x22,0x5d,0x20,0x21,0x3d,0x3d,0x20,0x66,0x61,0x6c,0x73,0x65,
  0xa,0x20,0x20,0x20,0x20,0x63,0x68,0x65,0x63,0x6b,0x61,0x62,0x6c,0x65,0x3a,0x20,
  0x66,0x61,0x6c,0x73,0x65,0x20,0x2f,0x2f,0x20,0x73,0x74,0x61,0x74,0x65,0x20,0x63,
  0x6f,0x6d,0x65,0x73,0x20,0x66,0x72,0x6f,0x6d,0x20,0x74,0x68,0x65,0x20,0x77,0x69,
  0x72,0x65,0x2c,0x20,0x6e,0x6f,0x74,0x20,0x74,0x68,0x65,0x20,0x63,0x6f,0x6e,0x74,
  0x72,0x6f,0x6c,0xa,0x20,0x20,0x20,0x20,0x72,0x65,0x61,0x64,0x6f,0x6e,0x6c,0x79,
  0x20,0x70,0x72,0x6f,0x70,0x65,0x72,0x74,0x79,0x20,0x62,0x6f,0x6f,0x6c,0x20,0x73,
  0x65,0x6c,0x65,0x63,0x74,0x65,0x64,0x3a,0x20,0x70,0x72,0x6f,0x70,0x73,0x5b,0x22,
  0x73,0x65,0x6c,0x65,0x63,0x74,0x65,0x64,0x22,0x5d,0x20,0x3d,0x3d,0x3d,0x20,0x74,
  0x72,0x75,0x65,0xa,0xa,0x20,0x20,0x20,0x20,0x69,0x63,0x6f,0x6e,0x2e,0x73,0x6f,
  0x75,0x72,0x63,0x65,0x3a,0x20,0x53,0x74,0x79,0x6c,0x65,0x2e,0x69,0x63,0x6f,0x6e,
  0x53,0x6f,0x75,0x72,0x63,0x65,0x28,0x53,0x74,0x79,0x6c,0x65,0x2e,0x73,0x74,0x72,
  0x28,0x70,0x72,0x6f,0x70,0x73,0x2c,0x20,0x22,0x69,0x63,0x6f,0x6e,0x22,0x2c,0x20,
  0x22,0x22,0x29,0x29,0xa,0x20,0x20,0x20,0x20,0x69,0x63,0x6f,0x6e,0x2e,0x77,0x69,
  0x64,0x74,0x68,0x3a,0x20,0x31,0x34,0xa,0x20,0x20,0x20,0x20,0x69,0x63,0x6f,0x6e,
  0x2e,0x68,0x65,0x69,0x67,0x68,0x74,0x3a,0x20,0x31,0x34,0xa,0xa,0x20,0x20,0x20,
  0x20,0x70,0x61,0x64,0x64,0x69,0x6e,0x67,0x3a,0x20,0x53,0x74,0x79,0x6c,0x65,0x2e,
  0x63,0x6f,0x6e,0x74,0x72,0x6f,0x6c,0x50,0x61,0x64,0x64,0x69,0x6e,0x67,0x28,0x53,
  0x74,0x79,0x6c,0x65,0x2e,0x73,0x74,0x72,0x28,0x70,0x72,0x6f,0x70,0x73,0x2c,0x20,
  0x22,0x73,0x69,0x7a,0x65,0x22,0x2c,0x20,0x22,0x64,0x65,0x66,0x61,0x75,0x6c,0x74,
  0x22,0x29,0x29,0xa,0xa,0x20,0x20,0x20,0x20,0x62,0x61,0x63,0x6b,0x67,0x72,0x6f,
  0x75,0x6e,0x64,0x3a,0x20,0x52,0x65,0x63,0x74,0x61,0x6e,0x67,0x6c,0x65,0x20,0x7b,
  0xa,0x20,0x20,0x20,0x20,0x20,0x20,0x20,0x20,0x69,0x6d,0x70,0x6c,0x69,0x63,0x69,
  0x74,0x57,0x69,0x64,0x74,0x68,0x3a,0x20,0x38,0x30,0xa,0x20,0x20,0x20,0x20,0x20,
  0x20,0x20,0x20,0x69,0x6d,0x70,0x6c,0x69,0x63,0x69,0x74,0x48,0x65,0x69,0x67,0x68,
  0x74,0x3a,0x20,0x33,0x32,0xa,0x20,0x20,0x20,0x20,0x20,0x20,0x20,0x20,0x72,0x61,
  0x64,0x69,0x75,0x73,0x3a,0x20,0x36,0xa,0x20,0x20,0x20,0x20,0x20,0x20,0x20,0x20,
  0x63,0x6f,0x6c,0x6f,0x72,0x3a,0x20,0x21,0x62,0x75,0x74,0x74,0x6f,0x6e,0x2e,0x65,
  0x6e,0x61,0x62,0x6c,0x65,0x64,0x20,0x3f,0x20,0x22,0x23,0x65,0x34,0x65,0x34,0x65,
  0x37,0x22,0xa,0x20,0x20,0x20,0x20,0x20,0x20,0x20,0x20,0x20,0x20,0x20,0x20,0x20,
  0x20,0x20,0x3a,0x20,0x62,0x75,0x74,0x74,0x6f,0x6e,0x2e,0x73,0x65,0x6c,0x65,0x63,
  0x74,0x65,0x64,0x20,0x3f,0x20,0x28,0x62,0x75,0x74,0x74,0x6f,0x6e,0x2e,0x64,0x6f,
  0x77,0x6e,0x20,0x3f,0x20,0x22,0x23,0x30,0x30,0x36,0x30,0x63,0x39,0x22,0x20,0x3a,
  0x20,0x22,0x23,0x30,0x30,0x37,0x61,0x66,0x66,0x22,0x29,0xa,0x20,0x20,0x20,0x20,
  0x20,0x20,0x20,0x20,0x20,0x20,0x20,0x20,0x20,0x20,0x20,0x3a,0x20,0x62,0x75,0x74,
  0x74,0x6f,0x6e,0x2e,0x64,0x6f,0x77,0x6e,0x20,0x3f,0x20,0x22,0x23,0x66,0x34,0x66,
  0x34,0x66,0x35,0x22,0x20,0x3a,0x20,0x22,0x74,0x72,0x61,0x6e,0x73,0x70,0x61,0x72,
  0x65,0x6e,0x74,0x22,0xa,0x20,0x20,0x20,0x20,0x20,0x20,0x20,0x20,0x62,0x6f,0x72,
  0x64,0x65,0x72,0x2e,0x63,0x6f,0x6c,0x6f,0x72,0x3a,0x20,0x62,0x75,0x74,0x74,0x6f,
  0x6e,0x2e,0x73,0x65,0x6c,0x65,0x63,0x74,0x65,0x64,0x20,0x3f,0x20,0x22,0x74,0x72,
  0x61,0x6e,0x73,0x70,0x61,0x72,0x65,0x6e,0x74,0x22,0x20,0x3a,0x20,0x22,0x23,0x64,
  0x34,0x64,0x34,0x64,0x38,0x22,0xa,0x20,0x20,0x20,0x20,0x20,0x20,0x20,0x20,0x62,
  0x6f,0x72,0x64,0x65,0x72,0x2e,0x77,0x69,0x64,0x74,0x68,0x3a,0x20,0x62,0x75,0x74,
  0x74,0x6f,0x6e,0x2e,0x73,0x65,0x6c,0x65,0x63,0x74,0x65,0x64,0x20,0x3f,0x20,0x30,
  0x20,0x3a,0x20,0x31,0xa,0x20,0x20,0x20,0x20,0x7d,0xa,0xa,0x20,0x20,0x20,0x20,
  0x70,0x61,0x6c,0x65,0x74,0x74,0x65,0x2e,0x62,0x75,0x74,0x74,0x6f,0x6e,0x54,0x65,
  0x78,0x74,0x3a,0x20,0x21,0x62,0x75,0x74,0x74,0x6f,0x6e,0x2e,0x65,0x6e,0x61,0x62,
  0x6c,0x65,0x64,0x20,0x3f,0x20,0x22,0x23,0x61,0x31,0x61,0x31,0x61,0x61,0x22,0xa,
  0x20,0x20,0x20,0x20,0x20,0x20,0x20,0x20,0x20,0x20,0x20,0x20,0x20,0x20,0x20,0x20,
  0x20,0x20,0x20,0x20,0x20,0x20,0x20,0x20,0x3a,0x20,0x62,0x75,0x74,0x74,0x6f,0x6e,
  0x2e,0x73,0x65,0x6c,0x65,0x63,0x74,0x65,0x64,0x20,0x3f,0x20,0x22,0x23,0x66,0x66,
  0x66,0x66,0x66,0x66,0x22,0x20,0x3a,0x20,0x22,0x23,0x31,0x38,0x31,0x38,0x31,0x62,
  0x22,0xa,0xa,0x20,0x20,0x20,0x20,0x6f,0x6e,0x43,0x6c,0x69,0x63,0x6b,0x65,0x64,
  0x3a,0x20,0x6e,0x6f,0x64,0x65,0x2e,0x74,0x6f,0x67,0x67,0x6c,0x65,0x28,0x21,0x73,
  0x65,0x6c,0x65,0x63,0x74,0x65,0x64,0x29,0xa,0x20,0x20,0x20,0x20,0x6f,0x6e,0x50,
  0x72,0x65,0x73,0x73,0x41,0x6e,0x64,0x48,0x6f,0x6c,0x64,0x3a,0x20,0x69,0x66,0x20,
  0x28,0x70,0x72,0x6f,0x70,0x73,0x5b,0x22,0x6c,0x6f,0x6e,0x67,0x2d,0x70,0x72,0x65,
  0x73,0x73,0x2d,0x65,0x6e,0x61,0x62,0x6c,0x65,0x64,0x22,0x5d,0x20,0x3d,0x3d,0x3d,
  0x20,0x74,0x72,0x75,0x65,0x29,0x20,0x6e,0x6f,0x64,0x65,0x2e,0x6c,0x6f,0x6e,0x67,
  0x50,0x72,0x65,0x73,0x73,0x28,0x29,0xa,0x7d,0xa,
    // /home/ubuntu/repos/lui/platform/qt/qml/LuiListItem.qml
  0x0,0x0,0x7,0x64,
  0x69,
  0x6d,0x70,0x6f,0x72,0x74,0x20,0x51,0x74,0x51,0x75,0x69,0x63,0x6b,0xa,0x69,0x6d,
  0x70,0x6f,0x72,0x74,0x20,0x51,0x74,0x51,0x75,0x69,0x63,0x6b,0x2e,0x43,0x6f,0x6e,
  0x74,0x72,0x6f,0x6c,0x73,0xa,0x69,0x6d,0x70,0x6f,0x72,0x74,0x20,0x51,0x74,0x51,
  0x75,0x69,0x63,0x6b,0x2e,0x4c,0x61,0x79,0x6f,0x75,0x74,0x73,0xa,0x69,0x6d,0x70,
  0x6f,0x72,0x74,0x20,0x22,0x4c,0x75,0x69,0x53,0x74,0x79,0x6c,0x65,0x2e,0x6a,0x73,
  0x22,0x20,0x61,0x73,0x20,0x53,0x74,0x79,0x6c,0x65,0xa,0xa,0x2f,0x2f,0x20,0x57,
  0x69,0x72,0x65,0x20,0x6b,0x69,0x6e,0x64,0x3a,0x20,0x6c,0x69,0x73,0x74,0x2d,0x69,
  0x74,0x65,0x6d,0x20,0xe2,0x80,0x94,0x20,0x70,0x72,0x65,0x73,0x73,0x61,0x62,0x6c,
  0x65,0x20,0x72,0x6f,0x77,0x20,0x77,0x69,0x74,0x68,0x20,0x6f,0x70,0x74,0x69,0x6f,
  0x6e,0x61,0x6c,0x20,0x69,0x63,0x6f,0x6e,0x2f,0x74,0x65,0x78,0x74,0x2f,0x73,0x75,
  0x62,0x74,0x69,0x74,0x6c,0x65,0x2e,0xa,0x49,0x74,0x65,0x6d,0x44,0x65,0x6c,0x65,
  0x67,0x61,0x74,0x65,0x20,0x7b,0xa,0x20,0x20,0x20,0x20,0x69,0x64,0x3a,0x20,0x69,
  0x74,0x65,0x6d,0xa,0x20,0x20,0x20,0x20,0x72,0x65,0x71,0x75,0x69,0x72,0x65,0x64,
  0x20,0x70,0x72,0x6f,0x70,0x65,0x72,0x74,0x79,0x20,0x76,0x61,0x72,0x20,0x6e,0x6f,
  0x64,0x65,0xa,0x20,0x20,0x20,0x20,0x72,0x65,0x61,0x64,0x6f,0x6e,0x6c,0x79,0x20,
  0x70,0x72,0x6f,0x70,0x65,0x72,0x74,0x79,0x20,0x76,0x61,0x72,0x20,0x70,0x72,0x6f,
  0x70,0x73,0x3a,0x20,0x6e,0x6f,0x64,0x65,0x20,0x3f,0x20,0x6e,0x6f,0x64,0x65,0x2e,
  0x70,0x72,0x6f,0x70,0x65,0x72,0x74,0x69,0x65,0x73,0x20,0x3a,0x20,0x28,0x7b,0x7d,
  0x29,0xa,0xa,0x20,0x20,0x20,0x20,0x65,0x6e,0x61,0x62,0x6c,0x65,0x64,0x3a,0x20,
  0x70,0x72,0x6f,0x70,0x73,0x5b,0x22,0x65,0x6e,0x61,0x62,0x6c,0x65,0x64,0x22,0x5d,
  0x20,0x21,0x3d,0x3d,0x20,0x66,0x61,0x6c,0x73,0x65,0xa,0x20,0x20,0x20,0x20,0x70,
  0x61,0x64,0x64,0x69,0x6e,0x67,0x3a,0x20,0x38,0xa,0x20,0x20,0x20,0x20,0x69,0x6d,
  0x70,0x6c,0x69,0x63,0x69,0x74,0x48,0x65,0x69,0x67,0x68,0x74,0x3a,0x20,0x4d,0x61,
  0x74,0x68,0x2e,0x6d,0x61,0x78,0x28,0x34,0x30,0x2c,0x20,0x63,0x6f,0x6e,0x74,0x65,
  0x6e,0x74,0x49,0x74,0x65,0x6d,0x2e,0x69,0x6d,0x70,0x6c,0x69,0x63,0x69,0x74,0x48,
  0x65,0x69,0x67,0x68,0x74,0x20,0x2b,0x20,0x31,0x36,0x29,0xa,0xa,0x20,0x20,0x20,
  0x20,0x63,0x6f,0x6e,0x74,0x65,0x6e,0x74,0x49,0x74,0x65,0x6d,0x3a,0x20,0x52,0x6f,
  0x77,0x4c,0x61,0x79,0x6f,0x75,0x74,0x20,0x7b,0xa,0x20,0x20,0x20,0x20,0x20,0x20,
  0x20,0x20,0x73,0x70,0x61,0x63,0x69,0x6e,0x67,0x3a,0x20,0x31,0x30,0xa,0x20,0x20,
  0x20,0x20,0x20,0x20,0x20,0x20,0x49,0x6d,0x61,0x67,0x65,0x20,0x7b,0xa,0x20,0x20,
  0x20,0x20,0x20,0x20,0x20,0x20,0x20,0x20,0x20,0x20,0x76,0x69,0x73,0x69,0x62,0x6c,
  0x65,0x3a,0x20,0x53,0x74,0x79,0x6c,0x65,0x2e,0x73,0x74,0x72,0x28,0x69,0x74,0x65,
  0x6d,0x2e,0x70,0x72,0x6f,0x70,0x73,0x2c,0x20,0x22,0x69,0x63,0x6f,0x6e,0x22,0x2c,
  0x20,0x22,0x22,0x29,0x20,0x21,0x3d,0x3d,0x20,0x22,0x22,0xa,0x20,0x20,0x20,0x20,
  0x20,0x20,0x20,0x20,0x20,0x20,0x20,0x20,0x73,0x6f,0x75,0x72,0x63,0x65,0x3a,0x20,
  0x53,0x74,0x79,0x6c,0x65,0x2e,0x69,0x63,0x6f,0x6e,0x53,0x6f,0x75,0x72,0x63,0x65,
  0x28,0x53,0x74,0x79,0x6c,0x65,0x2e,0x73,0x74,0x72,0x28,0x69,0x74,0x65,0x6d,0x2e,
  0x70,0x72,0x6f,0x70,0x73,0x2c,0x20,0x22,0x69,0x63,0x6f,0x6e,0x22,0x2c,0x20,0x22,
  0x22,0x29,0x29,0xa,0x20,0x20,0x20,0x20,0x20,0x20,0x20,0x20,0x20,0x20,0x20,0x20,
  0x4c,0x61,0x79,0x6f,0x75,0x74,0x2e,0x70,0x72,0x65,0x66,0x65,0x72,0x72,0x65,0x64,
  0x57,0x69,0x64,0x74,0x68,0x3a,0x20,0x31,0x38,0xa,0x20,0x20,0x20,0x20,0x20,0x20,
  0x20,0x20,0x20,0x20,0x20,0x20,0x4c,0x61,0x79,0x6f,0x75,0x74,0x2e,0x70,0x72,0x65,
  0x66,0x65,0x72,0x72,0x65,0x64,0x48,0x65,0x69,0x67,0x68,0x74,0x3a,0x20,0x31,0x38,
  0xa,0x20,0x20,0x20,0x20,0x20,0x20,0x20,0x20,0x20,0x20,0x20,0x20,0x66,0x69,0x6c,
  0x6c,0x4d,0x6f,0x64,0x65,0x3a,0x20,0x49,0x6d,0x61,0x67,0x65,0x2e,0x50,0x72,0x65,
  0x73,0x65,0x72,0x76,0x65,0x41,0x73,0x70,0x65,0x63,0x74,0x46,0x69,0x74,0xa,0x20,
  0x20,0x20,0x20,0x20,0x20,0x20,0x20,0x7d,0xa,0x20,0x20,0x20,0x20,0x20,0x20,0x20,
  0x20,0x43,0x6f,0x6c,0x75,0x6d,0x6e,0x4c,0x61,0x79,0x6f,0x75,0x74,0x20,0x7b,0xa,
  0x20,0x20,0x20,0x20,0x20,0x20,0x20,0x20,0x20,0x20,0x20,0x20,0x73,0x70,0x61,0x63,
  0x69,0x6e,0x67,0x3a,0x20,0x31,0xa,0x20,0x20,0x20,0x20,0x20,0x20,0x20,0x20,0x20,
  0x20,0x20,0x20,0x4c,0x61,0x79,0x6f,0x75,0x74,0x2e,0x66,0x69,0x6c,0x6c,0x57,0x69,
  0x64,0x74,0x68,0x3a,0x20,0x74,0x72,0x75,0x65,0xa,0x20,0x20,0x20,0x20,0x20,0x20,
  0x20,0x20,0x20,0x20,0x20,0x20,0x54,0x65,0x78,0x74,0x20,0x7b,0xa,0x20,0x20,0x20,
  0x20,0x20,0x20,0x20,0x20,0x20,0x20,0x20,0x20,0x20,0x20,0x20,0x20,0x74,0x65,0x78,
  0x74,0x3a,0x20,0x53,0x74,0x79,0x6c,0x65,0x2e,0x73,0x74,0x72,0x28,0x69,0x74,0x65,
  0x6d,0x2e,0x70,0x72,0x6f,0x70,0x73,0x2c,0x20,0x22,0x74,0x65,0x78,0x74,0x22,0x2c,
  0x20,0x22,0x22,0x29,0xa,0x20,0x20,0x20,0x20,0x20,0x20,0x20,0x20,0x20,0x20,0x20,
  0x20,0x20,0x20,0x20,0x20,0x63,0x6f,0x6c,0x6f,0x72,0x3a,0x20,0x69,0x74,0x65,0x6d,
  0x2e,0x65,0x6e,0x61,0x62,0x6c,0x65,0x64,0x20,0x3f,0x20,0x22,0x23,0x31,0x38,0x31,
  0x38,0x31,0x62,0x22,0x20,0x3a,0x20,0x22,0x23,0x61,0x31,0x61,0x31,0x61,0x61,0x22,
  0xa,0x20,0x20,0x20,0x20,0x20,0x20,0x20,0x20,0x20,0x20,0x20,0x20,0x20,0x20,0x20,
  0x20,0x66,0x6f,0x6e,0x74,0x2e,0x70,0x69,0x78,0x65,0x6c,0x53,0x69,0x7a,0x65,0x3a,
  0x20,0x31,0x34,0xa,0x20,0x20,0x20,0x20,0x20,0x20,0x20,0x20,0x20,0x20,0x20,0x20,
  0x20,0x20,0x20,0x20,0x4c,0x61,0x79,0x6f,0x75,0x74,0x2e,0x66,0x69,0x6c,0x6c,0x57,
  0x69,0x64,0x74,0x68,0x3a,0x20,0x74,0x72,0x75,0x65,0xa,0x20,0x20,0x20,0x20,0x20,
  0x20,0x20,0x20,0x20,0x20,0x20,0x20,0x20,0x20,0x20,0x20,0x65,0x6c,0x69,0x64,0x65,
  0x3a,0x20,0x54,0x65,0x78,0x74,0x2e,0x45,0x6c,0x69,0x64,0x65,0x52,0x69,0x67,0x68,
  0x74,0xa,0x20,0x20,0x20,0x20,0x20,0x20,0x20,0x20,0x20,0x20,0x20,0x20,0x7d,0xa,
  0x20,0x20,0x20,0x20,0x20,0x20,0x20,0x20,0x20,0x20,0x20,0x20,0x54,0x65,0x78,0x74,
  0x20,0x7b,0xa,0x20,0x20,0x20,0x20,0x20,0x20,0x20,0x20,0x20,0x20,0x20,0x20,0x20,
  0x20,0x20,0x20,0x76,0x69,0x73,0x69,0x62,0x6c,0x65,0x3a,0x20,0x53,0x74,0x79,0x6c,
  0x65,0x2e,0x73,0x74,0x72,0x28,0x69,0x74,0x65,0x6d,0x2e,0x70,0x72,0x6f,0x70,0x73,
  0x2c,0x20,0x22,0x73,0x75,0x62,0x74,0x69,0x74,0x6c,0x65,0x22,0x2c,0x20,0x22,0x22,
  0x29,0x20,0x21,0x3d,0x3d,0x20,0x22,0x22,0xa,0x20,0x20,0x20,0x20,0x20,0x20,0x20,
  0x20,0x20,0x20,0x20,0x20,0x20,0x20,0x20,0x20,0x74,0x65,0x78,0x74,0x3a,0x20,0x53,
  0x74,0x79,0x6c,0x65,0x2e,0x73,0x74,0x72,0x28,0x69,0x74,0x65,0x6d,0x2e,0x70,0x72,
  0x6f,0x70,0x73,0x2c,0x20,0x22,0x73,0x75,0x62,0x74,0x69,0x74,0x6c,0x65,0x22,0x2c,
  0x20,0x22,0x22,0x29,0xa,0x20,0x20,0x20,0x20,0x20,0x20,0x20,0x20,0x20,0x20,0x20,
  0x20,0x20,0x20,0x20,0x20,0x63,0x6f,0x6c,0x6f,0x72,0x3a,0x20,0x22,0x23,0x37,0x31,
  0x37,0x31,0x37,0x61,0x22,0xa,0x20,0x20,0x20,0x20,0x20,0x20,0x20,0x20,0x20,0x20,
  0x20,0x20,0x20,0x20,0x20,0x20,0x66,0x6f,0x6e,0x74,0x2e,0x70,0x69,0x78,0x65,0x6c,
  0x53,0x69,0x7a,0x65,0x3a,0x20,0x31,0x32,0xa,0x20,0x20,0x20,0x20,0x20,0x20,0x20,
  0x20,0x20,0x20,0x20,0x20,0x20,0x20,0x20,0x20,0x4c,0x61,0x79,0x6f,0x75,0x74,0x2e,
  0x66,0x69,0x6c,0x6c,0x57,0x69,0x64,0x74,0x68,0x3a,0x20,0x74,0x72,0x75,0x65,0xa,
  0x20,0x20,0x20,0x20,0x20,0x20,0x20,0x20,0x20,0x20,0x20,0x20,0x20,0x20,0x20,0x20,
  0x65,0x6c,0x69,0x64,0x65,0x3a,0x20,0x54,0x65,0x78,0x74,0x2e,0x45,0x6c,0x69,0x64,
  0x65,0x52,0x69,0x67,0x68,0x74,0xa,0x20,0x20,0x20,0x20,0x20,0x20,0x20,0x20,0x20,
  0x20,0x20,0x20,0x7d,0xa,0x20,0x20,0x20,0x20,0x20,0x20,0x20,0x20,0x7d,0xa,0x20,
  0x20,0x20,0x20,0x7d,0xa,0xa,0x20,0x20,0x20,0x20,0x62,0x61,0x63,0x6b,0x67,0x72,
  0x6f,0x75,0x6e,0x64,0x3a,0x20,0x52,0x65,0x63,0x74,0x61,0x6e,0x67,0x6c,0x65,0x20,
  0x7b,0xa,0x20,0x20,0x20,0x20,0x20,0x20,0x20,0x20,0x63,0x6f,0x6c,0x6f,0x72,0x3a,
  0x20,0x69,0x74,0x65,0x6d,0x2e,0x64,0x6f,0x77,0x6e,0x20,0x3f,0x20,0x22,0x23,0x65,
  0x34,0x65,0x34,0x65,0x37,0x22,0x20,0x3a,0x20,0x69,0x74,0x65,0x6d,0x2e,0x68,0x6f,
  0x76,0x65,0x72,0x65,0x64,0x20,0x3f,0x20,0x22,0x23,0x66,0x34,0x66,0x34,0x66,0x35,
  0x22,0x20,0x3a,0x20,0x22,0x74,0x72,0x61,0x6e,0x73,0x70,0x61,0x72,0x65,0x6e,0x74,
  0x22,0xa,0x20,0x20,0x20,0x20,0x20,0x20,0x20,0x20,0x72,0x61,0x64,0x69,0x75,0x73,
  0x3a,0x20,0x36,0xa,0x20,0x20,0x20,0x20,0x7d,0xa,0xa,0x20,0x20,0x20,0x20,0x6f,
  0x6e,0x43,0x6c,0x69,0x63,0x6b,0x65,0x64,0x3a,0x20,0x7b,0xa,0x20,0x20,0x20,0x20,
  0x20,0x20,0x20,0x20,0x2f,0x2f,0x20,0x74,0x72,0x65,0x65,0x69,0x74,0x65,0x6d,0x20,
  0x72,0x6f,0x77,0x73,0x20,0x73,0x65,0x6c,0x65,0x63,0x74,0x2f,0x65,0x78,0x70,0x61,
  0x6e,0x64,0x20,0x76,0x69,0x61,0x20,0x74,0x68,0x65,0x20,0x63,0x68,0x61,0x6e,0x67,
  0x65,0x20,0x63,0x61,0x73,0x63,0x61,0x64,0x65,0x2c,0x20,0x6e,0x6f,0x74,0x20,0x70,
  0x72,0x65,0x73,0x73,0x2e,0xa,0x20,0x20,0x20,0x20,0x20,0x20,0x20,0x20,0x69,0x66,
  0x20,0x28,0x70,0x72,0x6f,0x70,0x73,0x5b,0x22,0x72,0x6f,0x6c,0x65,0x22,0x5d,0x20,
  0x3d,0x3d,0x3d,0x20,0x22,0x74,0x72,0x65,0x65,0x69,0x74,0x65,0x6d,0x22,0x29,0x20,
  0x6e,0x6f,0x64,0x65,0x2e,0x63,0x68,0x61,0x6e,0x67,0x65,0x28,0x29,0xa,0x20,0x20,
  0x20,0x20,0x20,0x20,0x20,0x20,0x65,0x6c,0x73,0x65,0x20,0x6e,0x6f,0x64,0x65,0x2e,
  0x70,0x72,0x65,0x73,0x73,0x28,0x29,0xa,0x20,0x20,0x20,0x20,0x7d,0xa,0x20,0x20,
  0x20,0x20,0x6f,0x6e,0x50,0x72,0x65,0x73,0x73,0x41,0x6e,0x64,0x48,0x6f,0x6c,0x64,
  0x3a,0x20,0x69,0x66,0x20,0x28,0x70,0x72,0x6f,0x70,0x73,0x5b,0x22,0x6c,0x6f,0x6e,
  0x67,0x2d,0x70,0x72,0x65,0x73,0x73,0x2d,0x65,0x6e,0x61,0x62,0x6c,0x65,0x64,0x22,
  0x5d,0x20,0x3d,0x3d,0x3d,0x20,0x74,0x72,0x75,0x65,0x29,0x20,0x6e,0x6f,0x64,0x65,
  0x2e,0x6c,0x6f,0x6e,0x67,0x50,0x72,0x65,0x73,0x73,0x28,0x29,0xa,0x20,0x20,0x20,
  0x20,0x6f,0x6e,0x44,0x6f,0x75,0x62,0x6c,0x65,0x43,0x6c,0x69,0x63,0x6b,0x65,0x64,
  0x3a,0x20,0x69,0x66,0x20,0x28,0x70,0x72,0x6f,0x70,0x73,0x5b,0x22,0x64,0x6f,0x75,
  0x62,0x6c,0x65,0x2d,0x70,0x72,0x65,0x73,0x73,0x2d,0x65,0x6e,0x61,0x62,0x6c,0x65,
  0x64,0x22,0x5d,0x20,0x3d,0x3d,0x3d,0x20,0x74,0x72,0x75,0x65,0x29,0x20,0x6e,0x6f,
  0x64,0x65,0x2e,0x64,0x6f,0x75,0x62,0x6c,0x65,0x50,0x72,0x65,0x73,0x73,0x28,0x29,
  0xa,0x7d,0xa,
    // /home/ubuntu/repos/lui/platform/qt/qml/LuiInputGroupActions.qml
  0x0,0x0,0x1,0xe0,
  0x69,
  0x6d,0x70,0x6f,0x72,0x74,0x20,0x51,0x74,0x51,0x75,0x69,0x63,0x6b,0xa,0x69,0x6d,
  0x70,0x6f,0x72,0x74,0x20,0x51,0x74,0x51,0x75,0x69,0x63,0x6b,0x2e,0x4c,0x61,0x79,
  0x6f,0x75,0x74,0x73,0xa,0x69,0x6d,0x70,0x6f,0x72,0x74,0x20,0x22,0x4c,0x75,0x69,
  0x53,0x74,0x79,0x6c,0x65,0x2e,0x6a,0x73,0x22,0x20,0x61,0x73,0x20,0x53,0x74,0x79,
  0x6c,0x65,0xa,0xa,0x2f,0x2f,0x20,0x57,0x69,0x72,0x65,0x20,0x6b,0x69,0x6e,0x64,
  0x3a,0x20,0x69,0x6e,0x70,0x75,0x74,0x2d,0x67,0x72,0x6f,0x75,0x70,0x2d,0x61,0x63,
  0x74,0x69,0x6f,0x6e,0x73,0x20,0xe2,0x80,0x94,0x20,0x62,0x6f,0x74,0x74,0x6f,0x6d,
  0x20,0x72,0x6f,0x77,0x20,0x6f,0x66,0x20,0x61,0x63,0x74,0x69,0x6f,0x6e,0x20,0x62,
  0x75,0x74,0x74,0x6f,0x6e,0x73,0x20,0x69,0x6e,0x73,0x69,0x64,0x65,0x20,0x61,0x6e,
  0xa,0x2f,0x2f,0x20,0x69,0x6e,0x70,0x75,0x74,0x2d,0x67,0x72,0x6f,0x75,0x70,0x2e,
  0xa,0x52,0x6f,0x77,0x4c,0x61,0x79,0x6f,0x75,0x74,0x20,0x7b,0xa,0x20,0x20,0x20,
  0x20,0x72,0x65,0x71,0x75,0x69,0x72,0x65,0x64,0x20,0x70,0x72,0x6f,0x70,0x65,0x72,
  0x74,0x79,0x20,0x76,0x61,0x72,0x20,0x6e,0x6f,0x64,0x65,0xa,0x20,0x20,0x20,0x20,
  0x72,0x65,0x61,0x64,0x6f,0x6e,0x6c,0x79,0x20,0x70,0x72,0x6f,0x70,0x65,0x72,0x74,
  0x79,0x20,0x76,0x61,0x72,0x20,0x70,0x72,0x6f,0x70,0x73,0x3a,0x20,0x6e,0x6f,0x64,
  0x65,0x20,0x3f,0x20,0x6e,0x6f,0x64,0x65,0x2e,0x70,0x72,0x6f,0x70,0x65,0x72,0x74,
  0x69,0x65,0x73,0x20,0x3a,0x20,0x28,0x7b,0x7d,0x29,0xa,0xa,0x20,0x20,0x20,0x20,
  0x73,0x70,0x61,0x63,0x69,0x6e,0x67,0x3a,0x20,0x53,0x74,0x79,0x6c,0x65,0x2e,0x6e,
  0x75,0x6d,0x28,0x70,0x72,0x6f,0x70,0x73,0x2c,0x20,0x22,0x67,0x61,0x70,0x22,0x2c,
  0x20,0x34,0x29,0xa,0xa,0x20,0x20,0x20,0x20,0x52,0x65,0x70,0x65,0x61,0x74,0x65,
  0x72,0x20,0x7b,0xa,0x20,0x20,0x20,0x20,0x20,0x20,0x20,0x20,0x6d,0x6f,0x64,0x65,
  0x6c,0x3a,0x20,0x6e,0x6f,0x64,0x65,0x20,0x3f,0x20,0x6e,0x6f,0x64,0x65,0x2e,0x63,
  0x68,0x69,0x6c,0x64,0x72,0x65,0x6e,0x20,0x3a,0x20,0x5b,0x5d,0xa,0x20,0x20,0x20,
  0x20,0x20,0x20,0x20,0x20,0x64,0x65,0x6c,0x65,0x67,0x61,0x74,0x65,0x3a,0x20,0x4c,
  0x75,0x69,0x4e,0x6f,0x64,0x65,0x56,0x69,0x65,0x77,0x20,0x7b,0xa,0x20,0x20,0x20,
  0x20,0x20,0x20,0x20,0x20,0x20,0x20,0x20,0x20,0x72,0x65,0x71,0x75,0x69,0x72,0x65,
  0x64,0x20,0x70,0x72,0x6f,0x70,0x65,0x72,0x74,0x79,0x20,0x76,0x61,0x72,0x20,0x6d,
  0x6f,0x64,0x65,0x6c,0x44,0x61,0x74,0x61,0xa,0x20,0x20,0x20,0x20,0x20,0x20,0x20,
  0x20,0x20,0x20,0x20,0x20,0x6e,0x6f,0x64,0x65,0x3a,0x20,0x6d,0x6f,0x64,0x65,0x6c,
  0x44,0x61,0x74,0x61,0x20,0x7d,0xa,0x20,0x20,0x20,0x20,0x7d,0xa,0x7d,0xa,
    // /home/ubuntu/repos/lui/platform/qt/qml/LuiDialog.qml
  0x0,0x0,0x6,0x3d,
  0x69,
  0x6d,0x70,0x6f,0x72,0x74,0x20,0x51,0x74,0x51,0x75,0x69,0x63,0x6b,0xa,0x69,0x6d,
  0x70,0x6f,0x72,0x74,0x20,0x51,0x74,0x51,0x75,0x69,0x63,0x6b,0x2e,0x43,0x6f,0x6e,
  0x74,0x72,0x6f,0x6c,0x73,0xa,0x69,0x6d,0x70,0x6f,0x72,0x74,0x20,0x51,0x74,0x51,
  0x75,0x69,0x63,0x6b,0x2e,0x4c,0x61,0x79,0x6f,0x75,0x74,0x73,0xa,0x69,0x6d,0x70,
  0x6f,0x72,0x74,0x20,0x22,0x4c,0x75,0x69,0x53,0x74,0x79,0x6c,0x65,0x2e,0x6a,0x73,
  0x22,0x20,0x61,0x73,0x20,0x53,0x74,0x79,0x6c,0x65,0xa,0xa,0x2f,0x2f,0x20,0x57,
  0x69,0x72,0x65,0x20,0x6b,0x69,0x6e,0x64,0x3a,0x20,0x64,0x69,0x61,0x6c,0x6f,0x67,
  0x20,0xe2,0x80,0x94,0x20,0x6d,0x6f,0x64,0x61,0x6c,0x20,0x73,0x75,0x72,0x66,0x61,
  0x63,0x65,0x3b,0x20,0x74,0x68,0x65,0x20,0x6e,0x6f,0x64,0x65,0x27,0x73,0x20,0x70,
  0x72,0x65,0x73,0x65,0x6e,0x63,0x65,0x20,0x6d,0x65,0x61,0x6e,0x73,0x20,0x70,0x72,
  0x65,0x73,0x65,0x6e,0x74,0x65,0x64,0x2c,0xa,0x2f,0x2f,0x20,0x63,0x6c,0x6f,0x73,
  0x69,0x6e,0x67,0x20,0x65,0x6d,0x69,0x74,0x73,0x20,0x64,0x69,0x73,0x6d,0x69,0x73,
  0x73,0x2e,0xa,0x49,0x74,0x65,0x6d,0x20,0x7b,0xa,0x20,0x20,0x20,0x20,0x69,0x64,
  0x3a,0x20,0x68,0x6f,0x73,0x74,0xa,0x20,0x20,0x20,0x20,0x72,0x65,0x71,0x75,0x69,
  0x72,0x65,0x64,0x20,0x70,0x72,0x6f,0x70,0x65,0x72,0x74,0x79,0x20,0x76,0x61,0x72,
  0x20,0x6e,0x6f,0x64,0x65,0xa,0x20,0x20,0x20,0x20,0x72,0x65,0x61,0x64,0x6f,0x6e,
  0x6c,0x79,0x20,0x70,0x72,0x6f,0x70,0x65,0x72,0x74,0x79,0x20,0x76,0x61,0x72,0x20,
  0x70,0x72,0x6f,0x70,0x73,0x3a,0x20,0x6e,0x6f,0x64,0x65,0x20,0x3f,0x20,0x6e,0x6f,
  0x64,0x65,0x2e,0x70,0x72,0x6f,0x70,0x65,0x72,0x74,0x69,0x65,0x73,0x20,0x3a,0x20,
  0x28,0x7b,0x7d,0x29,0xa,0xa,0x20,0x20,0x20,0x20,0x69,0x6d,0x70,0x6c,0x69,0x63,
  0x69,0x74,0x57,0x69,0x64,0x74,0x68,0x3a,0x20,0x30,0xa,0x20,0x20,0x20,0x20,0x69,
  0x6d,0x70,0x6c,0x69,0x63,0x69,0x74,0x48,0x65,0x69,0x67,0x68,0x74,0x3a,0x20,0x30,
  0xa,0xa,0x20,0x20,0x20,0x20,0x44,0x69,0x61,0x6c,0x6f,0x67,0x20,0x7b,0xa,0x20,
  0x20,0x20,0x20,0x20,0x20,0x20,0x20,0x69,0x64,0x3a,0x20,0x64,0x69,0x61,0x6c,0x6f,
  0x67,0xa,0x20,0x20,0x20,0x20,0x20,0x20,0x20,0x20,0x6d,0x6f,0x64,0x61,0x6c,0x3a,
  0x20,0x74,0x72,0x75,0x65,0xa,0x20,0x20,0x20,0x20,0x20,0x20,0x20,0x20,0x66,0x6f,
  0x63,0x75,0x73,0x3a,0x20,0x74,0x72,0x75,0x65,0xa,0x20,0x20,0x20,0x20,0x20,0x20,
  0x20,0x20,0x61,0x6e,0x63,0x68,0x6f,0x72,0x73,0x2e,0x63,0x65,0x6e,0x74,0x65,0x72,
  0x49,0x6e,0x3a,0x20,0x4f,0x76,0x65,0x72,0x6c,0x61,0x79,0x2e,0x6f,0x76,0x65,0x72,
  0x6c,0x61,0x79,0xa,0x20,0x20,0x20,0x20,0x20,0x20,0x20,0x20,0x77,0x69,0x64,0x74,
  0x68,0x3a,0x20,0x4d,0x61,0x74,0x68,0x2e,0x6d,0x69,0x6e,0x28,0xa,0x20,0x20,0x20,
  0x20,0x20,0x20,0x20,0x20,0x20,0x20,0x20,0x20,0x53,0x74,0x79,0x6c,0x65,0x2e,0x6e,
  0x75,0x6d,0x28,0x68,0x6f,0x73,0x74,0x2e,0x70,0x72,0x6f,0x70,0x73,0x2c,0x20,0x22,
  0x77,0x69,0x64,0x74,0x68,0x22,0x2c,0x20,0x30,0x29,0x20,0x3e,0x20,0x30,0xa,0x20,
  0x20,0x20,0x20,0x20,0x20,0x20,0x20,0x20,0x20,0x20,0x20,0x20,0x20,0x20,0x20,0x3f,
  0x20,0x53,0x74,0x79,0x6c,0x65,0x2e,0x6e,0x75,0x6d,0x28,0x68,0x6f,0x73,0x74,0x2e,
  0x70,0x72,0x6f,0x70,0x73,0x2c,0x20,0x22,0x77,0x69,0x64,0x74,0x68,0x22,0x2c,0x20,
  0x30,0x29,0x20,0x3a,0x20,0x34,0x30,0x30,0x2c,0xa,0x20,0x20,0x20,0x20,0x20,0x20,
  0x20,0x20,0x20,0x20,0x20,0x20,0x4f,0x76,0x65,0x72,0x6c,0x61,0x79,0x2e,0x6f,0x76,
  0x65,0x72,0x6c,0x61,0x79,0x20,0x3f,0x20,0x4f,0x76,0x65,0x72,0x6c,0x61,0x79,0x2e,
  0x6f,0x76,0x65,0x72,0x6c,0x61,0x79,0x2e,0x77,0x69,0x64,0x74,0x68,0x20,0x2d,0x20,
  0x34,0x38,0x20,0x3a,0x20,0x34,0x30,0x30,0x29,0xa,0x20,0x20,0x20,0x20,0x20,0x20,
  0x20,0x20,0x70,0x61,0x64,0x64,0x69,0x6e,0x67,0x3a,0x20,0x32,0x30,0xa,0x20,0x20,
  0x20,0x20,0x20,0x20,0x20,0x20,0x63,0x6c,0x6f,0x73,0x65,0x50,0x6f,0x6c,0x69,0x63,
  0x79,0x3a,0x20,0x50,0x6f,0x70,0x75,0x70,0x2e,0x43,0x6c,0x6f,0x73,0x65,0x4f,0x6e,
  0x45,0x73,0x63,0x61,0x70,0x65,0x20,0x7c,0x20,0x50,0x6f,0x70,0x75,0x70,0x2e,0x43,
  0x6c,0x6f,0x73,0x65,0x4f,0x6e,0x50,0x72,0x65,0x73,0x73,0x4f,0x75,0x74,0x73,0x69,
  0x64,0x65,0xa,0x20,0x20,0x20,0x20,0x20,0x20,0x20,0x20,0x6f,0x6e,0x43,0x6c,0x6f,
  0x73,0x65,0x64,0x3a,0x20,0x69,0x66,0x20,0x28,0x68,0x6f,0x73,0x74,0x2e,0x6e,0x6f,
  0x64,0x65,0x29,0x20,0x68,0x6f,0x73,0x74,0x2e,0x6e,0x6f,0x64,0x65,0x2e,0x64,0x69,
  0x73,0x6d,0x69,0x73,0x73,0x28,0x29,0xa,0xa,0x20,0x20,0x20,0x20,0x20,0x20,0x20,
  0x20,0x68,0x65,0x61,0x64,0x65,0x72,0x3a,0x20,0x54,0x65,0x78,0x74,0x20,0x7b,0xa,
  0x20,0x20,0x20,0x20,0x20,0x20,0x20,0x20,0x20,0x20,0x20,0x20,0x76,0x69,0x73,0x69,
  0x62,0x6c,0x65,0x3a,0x20,0x53,0x74,0x79,0x6c,0x65,0x2e,0x73,0x74,0x72,0x28,0x68,
  0x6f,0x73,0x74,0x2e,0x70,0x72,0x6f,0x70,0x73,0x2c,0x20,0x22,0x74,0x65,0x78,0x74,
  0x22,0x2c,0x20,0x22,0x22,0x29,0x20,0x21,0x3d,0x3d,0x20,0x22,0x22,0xa,0x20,0x20,
  0x20,0x20,0x20,0x20,0x20,0x20,0x20,0x20,0x20,0x20,0x74,0x65,0x78,0x74,0x3a,0x20,
  0x53,0x74,0x79,0x6c,0x65,0x2e,0x73,0x74,0x72,0x28,0x68,0x6f,0x73,0x74,0x2e,0x70,
  0x72,0x6f,0x70,0x73,0x2c,0x20,0x22,0x74,0x65,0x78,0x74,0x22,0x2c,0x20,0x22,0x22,
  0x29,0xa,0x20,0x20,0x20,0x20,0x20,0x20,0x20,0x20,0x20,0x20,0x20,0x20,0x63,0x6f,
  0x6c,0x6f,0x72,0x3a,0x20,0x22,0x23,0x31,0x38,0x31,0x38,0x31,0x62,0x22,0xa,0x20,
  0x20,0x20,0x20,0x20,0x20,0x20,0x20,0x20,0x20,0x20,0x20,0x66,0x6f,0x6e,0x74,0x2e,
  0x70,0x69,0x78,0x65,0x6c,0x53,0x69,0x7a,0x65,0x3a,0x20,0x31,0x36,0xa,0x20,0x20,
  0x20,0x20,0x20,0x20,0x20,0x20,0x20,0x20,0x20,0x20,0x66,0x6f,0x6e,0x74,0x2e,0x77,
  0x65,0x69,0x67,0x68,0x74,0x3a,0x20,0x46,0x6f,0x6e,0x74,0x2e,0x44,0x65,0x6d,0x69,
  0x42,0x6f,0x6c,0x64,0xa,0x20,0x20,0x20,0x20,0x20,0x20,0x20,0x20,0x20,0x20,0x20,
  0x20,0x70,0x61,0x64,0x64,0x69,0x6e,0x67,0x3a,0x20,0x34,0xa,0x20,0x20,0x20,0x20,
  0x20,0x20,0x20,0x20,0x20,0x20,0x20,0x20,0x62,0x6f,0x74,0x74,0x6f,0x6d,0x50,0x61,
  0x64,0x64,0x69,0x6e,0x67,0x3a,0x20,0x38,0xa,0x20,0x20,0x20,0x20,0x20,0x20,0x20,
  0x20,0x7d,0xa,0xa,0x20,0x20,0x20,0x20,0x20,0x20,0x20,0x20,0x63,0x6f,0x6e,0x74,
  0x65,0x6e,0x74,0x49,0x74,0x65,0x6d,0x3a,0x20,0x43,0x6f,0x6c,0x75,0x6d,0x6e,0x4c,
  0x61,0x79,0x6f,0x75,0x74,0x20,0x7b,0xa,0x20,0x20,0x20,0x20,0x20,0x20,0x20,0x20,
  0x20,0x20,0x20,0x20,0x73,0x70,0x61,0x63,0x69,0x6e,0x67,0x3a,0x20,0x38,0xa,0x20,
  0x20,0x20,0x20,0x20,0x20,0x20,0x20,0x20,0x20,0x20,0x20,0x52,0x65,0x70,0x65,0x61,
  0x74,0x65,0x72,0x20,0x7b,0xa,0x20,0x20,0x20,0x20,0x20,0x20,0x20,0x20,0x20,0x20,
  0x20,0x20,0x20,0x20,0x20,0x20,0x6d,0x6f,0x64,0x65,0x6c,0x3a,0x20,0x68,0x6f,0x73,
  0x74,0x2e,0x6e,0x6f,0x64,0x65,0x20,0x3f,0x20,0x68,0x6f,0x73,0x74,0x2e,0x6e,0x6f,
  0x64,0x65,0x2e,0x63,0x68,0x69,0x6c,0x64,0x72,0x65,0x6e,0x20,0x3a,0x20,0x5b,0x5d,
  0xa,0x20,0x20,0x20,0x20,0x20,0x20,0x20,0x20,0x20,0x20,0x20,0x20,0x20,0x20,0x20,
  0x20,0x64,0x65,0x6c,0x65,0x67,0x61,0x74,0x65,0x3a,0x20,0x4c,0x75,0x69,0x4e,0x6f,
  0x64,0x65,0x56,0x69,0x65,0x77,0x20,0x7b,0xa,0x20,0x20,0x20,0x20,0x20,0x20,0x20,
  0x20,0x20,0x20,0x20,0x20,0x72,0x65,0x71,0x75,0x69,0x72,0x65,0x64,0x20,0x70,0x72,
  0x6f,0x70,0x65,0x72,0x74,0x79,0x20,0x76,0x61,0x72,0x20,0x6d,0x6f,0x64,0x65,0x6c,
  0x44,0x61,0x74,0x61,0xa,0x20,0x20,0x20,0x20,0x20,0x20,0x20,0x20,0x20,0x20,0x20,
  0x20,0x6e,0x6f,0x64,0x65,0x3a,0x20,0x6d,0x6f,0x64,0x65,0x6c,0x44,0x61,0x74,0x61,
  0x20,0x7d,0xa,0x20,0x20,0x20,0x20,0x20,0x20,0x20,0x20,0x20,0x20,0x20,0x20,0x7d,
  0xa,0x20,0x20,0x20,0x20,0x20,0x20,0x20,0x20,0x7d,0xa,0xa,0x20,0x20,0x20,0x20,
  0x20,0x20,0x20,0x20,0x62,0x61,0x63,0x6b,0x67,0x72,0x6f,0x75,0x6e,0x64,0x3a,0x20,
  0x52,0x65,0x63,0x74,0x61,0x6e,0x67,0x6c,0x65,0x20,0x7b,0xa,0x20,0x20,0x20,0x20,
  0x20,0x20,0x20,0x20,0x20,0x20,0x20,0x20,0x72,0x61,0x64,0x69,0x75,0x73,0x3a,0x20,
  0x31,0x32,0xa,0x20,0x20,0x20,0x20,0x20,0x20,0x20,0x20,0x20,0x20,0x20,0x20,0x63,
  0x6f,0x6c,0x6f,0x72,0x3a,0x20,0x22,0x23,0x66,0x66,0x66,0x66,0x66,0x66,0x22,0xa,
  0x20,0x20,0x20,0x20,0x20,0x20,0x20,0x20,0x20,0x20,0x20,0x20,0x62,0x6f,0x72,0x64,
  0x65,0x72,0x2e,0x63,0x6f,0x6c,0x6f,0x72,0x3a,0x20,0x22,0x23,0x65,0x34,0x65,0x34,
  0x65,0x37,0x22,0xa,0x20,0x20,0x20,0x20,0x20,0x20,0x20,0x20,0x20,0x20,0x20,0x20,
  0x62,0x6f,0x72,0x64,0x65,0x72,0x2e,0x77,0x69,0x64,0x74,0x68,0x3a,0x20,0x31,0xa,
  0x20,0x20,0x20,0x20,0x20,0x20,0x20,0x20,0x7d,0xa,0x20,0x20,0x20,0x20,0x7d,0xa,
  0xa,0x20,0x20,0x20,0x20,0x43,0x6f,0x6d,0x70,0x6f,0x6e,0x65,0x6e,0x74,0x2e,0x6f,
  0x6e,0x43,0x6f,0x6d,0x70,0x6c,0x65,0x74,0x65,0x64,0x3a,0x20,0x64,0x69,0x61,0x6c,
  0x6f,0x67,0x2e,0x6f,0x70,0x65,0x6e,0x28,0x29,0xa,0x7d,0xa,
    // /home/ubuntu/repos/lui/platform/qt/qml/LuiText.qml
  0x0,0x0,0x2,0xb1,
  0x69,
  0x6d,0x70,0x6f,0x72,0x74,0x20,0x51,0x74,0x51,0x75,0x69,0x63,0x6b,0xa,0x69,0x6d,
  0x70,0x6f,0x72,0x74,0x20,0x22,0x4c,0x75,0x69,0x53,0x74,0x79,0x6c,0x65,0x2e,0x6a,
  0x73,0x22,0x20,0x61,0x73,0x20,0x53,0x74,0x79,0x6c,0x65,0xa,0xa,0x2f,0x2f,0x20,
  0x57,0x69,0x72,0x65,0x20,0x6b,0x69,0x6e,0x64,0x3a,0x20,0x74,0x65,0x78,0x74,0x20,
  0xe2,0x80,0x94,0x20,0x70,0x6c,0x61,0x69,0x6e,0x20,0x74,0x65,0x78,0x74,0x3b,0x20,
  0x74,0x61,0x70,0x70,0x61,0x62,0x6c,0x65,0x20,0x77,0x68,0x65,0x6e,0x20,0x70,0x72,
  0x65,0x73,0x73,0x2d,0x65,0x6e,0x61,0x62,0x6c,0x65,0x64,0x2e,0xa,0x54,0x65,0x78,
  0x74,0x20,0x7b,0xa,0x20,0x20,0x20,0x20,0x69,0x64,0x3a,0x20,0x6c,0x61,0x62,0x65,
  0x6c,0xa,0x20,0x20,0x20,0x20,0x72,0x65,0x71,0x75,0x69,0x72,0x65,0x64,0x20,0x70,
  0x72,0x6f,0x70,0x65,0x72,0x74,0x79,0x20,0x76,0x61,0x72,0x20,0x6e,0x6f,0x64,0x65,
  0xa,0x20,0x20,0x20,0x20,0x72,0x65,0x61,0x64,0x6f,0x6e,0x6c,0x79,0x20,0x70,0x72,
  0x6f,0x70,0x65,0x72,0x74,0x79,0x20,0x76,0x61,0x72,0x20,0x70,0x72,0x6f,0x70,0x73,
  0x3a,0x20,0x6e,0x6f,0x64,0x65,0x20,0x3f,0x20,0x6e,0x6f,0x64,0x65,0x2e,0x70,0x72,
  0x6f,0x70,0x65,0x72,0x74,0x69,0x65,0x73,0x20,0x3a,0x20,0x28,0x7b,0x7d,0x29,0xa,
  0xa,0x20,0x20,0x20,0x20,0x74,0x65,0x78,0x74,0x3a,0x20,0x53,0x74,0x79,0x6c,0x65,
  0x2e,0x73,0x74,0x72,0x28,0x70,0x72,0x6f,0x70,0x73,0x2c,0x20,0x22,0x74,0x65,0x78,
  0x74,0x22,0x2c,0x20,0x22,0x22,0x29,0xa,0x20,0x20,0x20,0x20,0x63,0x6f,0x6c,0x6f,
  0x72,0x3a,0x20,0x53,0x74,0x79,0x6c,0x65,0x2e,0x63,0x6f,0x6c,0x6f,0x72,0x28,0x70,
  0x72,0x6f,0x70,0x73,0x5b,0x22,0x66,0x6f,0x72,0x65,0x67,0x72,0x6f,0x75,0x6e,0x64,
  0x22,0x5d,0x2c,0x20,0x22,0x23,0x31,0x38,0x31,0x38,0x31,0x62,0x22,0x29,0xa,0x20,
  0x20,0x20,0x20,0x66,0x6f,0x6e,0x74,0x2e,0x70,0x69,0x78,0x65,0x6c,0x53,0x69,0x7a,
  0x65,0x3a,0x20,0x53,0x74,0x79,0x6c,0x65,0x2e,0x66,0x6f,0x6e,0x74,0x53,0x69,0x7a,
  0x65,0x28,0x53,0x74,0x79,0x6c,0x65,0x2e,0x73,0x74,0x72,0x28,0x70,0x72,0x6f,0x70,
  0x73,0x2c,0x20,0x22,0x73,0x69,0x7a,0x65,0x22,0x2c,0x20,0x22,0x64,0x65,0x66,0x61,
  0x75,0x6c,0x74,0x22,0x29,0x29,0xa,0x20,0x20,0x20,0x20,0x68,0x6f,0x72,0x69,0x7a,
  0x6f,0x6e,0x74,0x61,0x6c,0x41,0x6c,0x69,0x67,0x6e,0x6d,0x65,0x6e,0x74,0x3a,0x20,
  0x53,0x74,0x79,0x6c,0x65,0x2e,0x74,0x65,0x78,0x74,0x41,0x6c,0x69,0x67,0x6e,0x45,
  0x6e,0x75,0x6d,0x28,0x70,0x72,0x6f,0x70,0x73,0x29,0xa,0x20,0x20,0x20,0x20,0x77,
  0x72,0x61,0x70,0x4d,0x6f,0x64,0x65,0x3a,0x20,0x54,0x65,0x78,0x74,0x2e,0x57,0x6f,
  0x72,0x64,0x57,0x72,0x61,0x70,0xa,0xa,0x20,0x20,0x20,0x20,0x4d,0x6f,0x75,0x73,
  0x65,0x41,0x72,0x65,0x61,0x20,0x7b,0xa,0x20,0x20,0x20,0x20,0x20,0x20,0x20,0x20,
  0x61,0x6e,0x63,0x68,0x6f,0x72,0x73,0x2e,0x66,0x69,0x6c,0x6c,0x3a,0x20,0x70,0x61,
  0x72,0x65,0x6e,0x74,0xa,0x20,0x20,0x20,0x20,0x20,0x20,0x20,0x20,0x65,0x6e,0x61,
  0x62,0x6c,0x65,0x64,0x3a,0x20,0x6c,0x61,0x62,0x65,0x6c,0x2e,0x70,0x72,0x6f,0x70,
  0x73,0x5b,0x22,0x70,0x72,0x65,0x73,0x73,0x2d,0x65,0x6e,0x61,0x62,0x6c,0x65,0x64,
  0x22,0x5d,0x20,0x3d,0x3d,0x3d,0x20,0x74,0x72,0x75,0x65,0xa,0x20,0x20,0x20,0x20,
  0x20,0x20,0x20,0x20,0x6f,0x6e,0x43,0x6c,0x69,0x63,0x6b,0x65,0x64,0x3a,0x20,0x6c,
  0x61,0x62,0x65,0x6c,0x2e,0x6e,0x6f,0x64,0x65,0x2e,0x70,0x72,0x65,0x73,0x73,0x28,
  0x29,0xa,0x20,0x20,0x20,0x20,0x20,0x20,0x20,0x20,0x63,0x75,0x72,0x73,0x6f,0x72,
  0x53,0x68,0x61,0x70,0x65,0x3a,0x20,0x65,0x6e,0x61,0x62,0x6c,0x65,0x64,0x20,0x3f,
  0x20,0x51,0x74,0x2e,0x50,0x6f,0x69,0x6e,0x74,0x69,0x6e,0x67,0x48,0x61,0x6e,0x64,
  0x43,0x75,0x72,0x73,0x6f,0x72,0x20,0x3a,0x20,0x51,0x74,0x2e,0x41,0x72,0x72,0x6f,
  0x77,0x43,0x75,0x72,0x73,0x6f,0x72,0xa,0x20,0x20,0x20,0x20,0x7d,0xa,0x7d,0xa,
  
    // /home/ubuntu/repos/lui/platform/qt/qml/LuiStep.qml
  0x0,0x0,0x8,0xe,
  0x69,
  0x6d,0x70,0x6f,0x72,0x74,0x20,0x51,0x74,0x51,0x75,0x69,0x63,0x6b,0xa,0x69,0x6d,
  0x70,0x6f,0x72,0x74,0x20,0x51,0x74,0x51,0x75,0x69,0x63,0x6b,0x2e,0x4c,0x61,0x79,
  0x6f,0x75,0x74,0x73,0xa,0x69,0x6d,0x70,0x6f,0x72,0x74,0x20,0x22,0x4c,0x75,0x69,
  0x53,0x74,0x79,0x6c,0x65,0x2e,0x6a,0x73,0x22,0x20,0x61,0x73,0x20,0x53,0x74,0x79,
  0x6c,0x65,0xa,0xa,0x2f,0x2f,0x20,0x57,0x69,0x72,0x65,0x20,0x6b,0x69,0x6e,0x64,
  0x3a,0x20,0x73,0x74,0x65,0x70,0x20,0xe2,0x80,0x94,0x20,0x6f,0x6e,0x65,0x20,0x6d,
  0x61,0x72,0x6b,0x65,0x72,0x20,0x69,0x6e,0x73,0x69,0x64,0x65,0x20,0x61,0x20,0x73,
  0x74,0x65,0x70,0x70,0x65,0x72,0x3b,0x20,0x73,0x74,0x61,0x74,0x65,0x20,0x64,0x65,
  0x72,0x69,0x76,0x65,0x73,0x20,0x66,0x72,0x6f,0x6d,0x20,0x74,0x68,0x65,0xa,0x2f,
  0x2f,0x20,0x70,0x61,0x72,0x65,0x6e,0x74,0x27,0x73,0x20,0x22,0x61,0x63,0x74,0x69,
  0x76,0x65,0x22,0x20,0x69,0x6e,0x64,0x65,0x78,0x2e,0xa,0x52,0x6f,0x77,0x4c,0x61,
  0x79,0x6f,0x75,0x74,0x20,0x7b,0xa,0x20,0x20,0x20,0x20,0x69,0x64,0x3a,0x20,0x73,
  0x74,0x65,0x70,0xa,0x20,0x20,0x20,0x20,0x72,0x65,0x71,0x75,0x69,0x72,0x65,0x64,
  0x20,0x70,0x72,0x6f,0x70,0x65,0x72,0x74,0x79,0x20,0x76,0x61,0x72,0x20,0x6e,0x6f,
  0x64,0x65,0xa,0x20,0x20,0x20,0x20,0x72,0x65,0x61,0x64,0x6f,0x6e,0x6c,0x79,0x20,
  0x70,0x72,0x6f,0x70,0x65,0x72,0x74,0x79,0x20,0x76,0x61,0x72,0x20,0x70,0x72,0x6f,
  0x70,0x73,0x3a,0x20,0x6e,0x6f,0x64,0x65,0x20,0x3f,0x20,0x6e,0x6f,0x64,0x65,0x2e,
  0x70,0x72,0x6f,0x70,0x65,0x72,0x74,0x69,0x65,0x73,0x20,0x3a,0x20,0x28,0x7b,0x7d,
  0x29,0xa,0xa,0x20,0x20,0x20,0x20,0x73,0x70,0x61,0x63,0x69,0x6e,0x67,0x3a,0x20,
  0x36,0xa,0x20,0x20,0x20,0x20,0x72,0x65,0x61,0x64,0x6f,0x6e,0x6c,0x79,0x20,0x70,
  0x72,0x6f,0x70,0x65,0x72,0x74,0x79,0x20,0x69,0x6e,0x74,0x20,0x69,0x6e,0x64,0x65,
  0x78,0x3a,0x20,0x7b,0xa,0x20,0x20,0x20,0x20,0x20,0x20,0x20,0x20,0x69,0x66,0x20,
  0x28,0x21,0x6e,0x6f,0x64,0x65,0x20,0x7c,0x7c,0x20,0x21,0x6e,0x6f,0x64,0x65,0x2e,
  0x70,0x61,0x72,0x65,0x6e,0x74,0x29,0x20,0x72,0x65,0x74,0x75,0x72,0x6e,0x20,0x30,
  0xa,0x20,0x20,0x20,0x20,0x20,0x20,0x20,0x20,0x76,0x61,0x72,0x20,0x73,0x69,0x62,
  0x6c,0x69,0x6e,0x67,0x73,0x20,0x3d,0x20,0x6e,0x6f,0x64,0x65,0x2e,0x70,0x61,0x72,
  0x65,0x6e,0x74,0x2e,0x63,0x68,0x69,0x6c,0x64,0x72,0x65,0x6e,0xa,0x20,0x20,0x20,
  0x20,0x20,0x20,0x20,0x20,0x66,0x6f,0x72,0x20,0x28,0x76,0x61,0x72,0x20,0x69,0x20,
  0x3d,0x20,0x30,0x3b,0x20,0x69,0x20,0x3c,0x20,0x73,0x69,0x62,0x6c,0x69,0x6e,0x67,
  0x73,0x2e,0x6c,0x65,0x6e,0x67,0x74,0x68,0x3b,0x20,0x2b,0x2b,0x69,0x29,0xa,0x20,
  0x20,0x20,0x20,0x20,0x20,0x20,0x20,0x20,0x20,0x20,0x20,0x69,0x66,0x20,0x28,0x73,
  0x69,0x62,0x6c,0x69,0x6e,0x67,0x73,0x5b,0x69,0x5d,0x20,0x3d,0x3d,0x3d,0x20,0x6e,
  0x6f,0x64,0x65,0x29,0x20,0x72,0x65,0x74,0x75,0x72,0x6e,0x20,0x69,0xa,0x20,0x20,
  0x20,0x20,0x20,0x20,0x20,0x20,0x72,0x65,0x74,0x75,0x72,0x6e,0x20,0x30,0xa,0x20,
  0x20,0x20,0x20,0x7d,0xa,0x20,0x20,0x20,0x20,0x72,0x65,0x61,0x64,0x6f,0x6e,0x6c,
  0x79,0x20,0x70,0x72,0x6f,0x70,0x65,0x72,0x74,0x79,0x20,0x69,0x6e,0x74,0x20,0x63,
  0x6f,0x75,0x6e,0x74,0x3a,0xa,0x20,0x20,0x20,0x20,0x20,0x20,0x20,0x20,0x6e,0x6f,
  0x64,0x65,0x20,0x26,0x26,0x20,0x6e,0x6f,0x64,0x65,0x2e,0x70,0x61,0x72,0x65,0x6e,
  0x74,0x20,0x3f,0x20,0x6e,0x6f,0x64,0x65,0x2e,0x70,0x61,0x72,0x65,0x6e,0x74,0x2e,
  0x63,0x68,0x69,0x6c,0x64,0x72,0x65,0x6e,0x2e,0x6c,0x65,0x6e,0x67,0x74,0x68,0x20,
  0x3a,0x20,0x31,0xa,0x20,0x20,0x20,0x20,0x72,0x65,0x61,0x64,0x6f,0x6e,0x6c,0x79,
  0x20,0x70,0x72,0x6f,0x70,0x65,0x72,0x74,0x79,0x20,0x69,0x6e,0x74,0x20,0x61,0x63,
  0x74,0x69,0x76,0x65,0x3a,0xa,0x20,0x20,0x20,0x20,0x20,0x20,0x20,0x20,0x6e,0x6f,
  0x64,0x65,0x20,0x26,0x26,0x20,0x6e,0x6f,0x64,0x65,0x2e,0x70,0x61,0x72,0x65,0x6e,
  0x74,0xa,0x20,0x20,0x20,0x20,0x20,0x20,0x20,0x20,0x3f,0x20,0x53,0x74,0x79,0x6c,
  0x65,0x2e,0x6e,0x75,0x6d,0x28,0x6e,0x6f,0x64,0x65,0x2e,0x70,0x61,0x72,0x65,0x6e,
  0x74,0x2e,0x70,0x72,0x6f,0x70,0x65,0x72,0x74,0x69,0x65,0x73,0x2c,0x20,0x22,0x61,
  0x63,0x74,0x69,0x76,0x65,0x22,0x2c,0x20,0x30,0x29,0x20,0x3a,0x20,0x30,0xa,0x20,
  0x20,0x20,0x20,0x72,0x65,0x61,0x64,0x6f,0x6e,0x6c,0x79,0x20,0x70,0x72,0x6f,0x70,
  0x65,0x72,0x74,0x79,0x20,0x73,0x74,0x72,0x69,0x6e,0x67,0x20,0x73,0x74,0x61,0x74,
  0x65,0x3a,0xa,0x20,0x20,0x20,0x20,0x20,0x20,0x20,0x20,0x69,0x6e,0x64,0x65,0x78,
  0x20,0x3c,0x20,0x61,0x63,0x74,0x69,0x76,0x65,0x20,0x3f,0x20,0x22,0x63,0x6f,0x6d,
  0x70,0x6c,0x65,0x74,0x65,0x64,0x22,0x20,0x3a,0x20,0x69,0x6e,0x64,0x65,0x78,0x20,
  0x3d,0x3d,0x3d,0x20,0x61,0x63,0x74,0x69,0x76,0x65,0x20,0x3f,0x20,0x22,0x61,0x63,
  0x74,0x69,0x76,0x65,0x22,0x20,0x3a,0x20,0x22,0x70,0x65,0x6e,0x64,0x69,0x6e,0x67,
  0x22,0xa,0xa,0x20,0x20,0x20,0x20,0x52,0x65,0x63,0x74,0x61,0x6e,0x67,0x6c,0x65,
  0x20,0x7b,0xa,0x20,0x20,0x20,0x20,0x20,0x20,0x20,0x20,0x77,0x69,0x64,0x74,0x68,
  0x3a,0x20,0x32,0x34,0xa,0x20,0x20,0x20,0x20,0x20,0x20,0x20,0x20,0x68,0x65,0x69,
  0x67,0x68,0x74,0x3a,0x20,0x32,0x34,0xa,0x20,0x20,0x20,0x20,0x20,0x20,0x20,0x20,
  0x72,0x61,0x64,0x69,0x75,0x73,0x3a,0x20,0x31,0x32,0xa,0x20,0x20,0x20,0x20,0x20,
  0x20,0x20,0x20,0x63,0x6f,0x6c,0x6f,0x72,0x3a,0x20,0x73,0x74,0x65,0x70,0x2e,0x73,
  0x74,0x61,0x74,0x65,0x20,0x3d,0x3d,0x3d,0x20,0x22,0x70,0x65,0x6e,0x64,0x69,0x6e,
  0x67,0x22,0x20,0x3f,0x20,0x22,0x74,0x72,0x61,0x6e,0x73,0x70,0x61,0x72,0x65,0x6e,
  0x74,0x22,0x20,0x3a,0x20,0x22,0x23,0x30,0x30,0x37,0x61,0x66,0x66,0x22,0xa,0x20,
  0x20,0x20,0x20,0x20,0x20,0x20,0x20,0x62,0x6f,0x72,0x64,0x65,0x72,0x2e,0x63,0x6f,
  0x6c,0x6f,0x72,0x3a,0x20,0x73,0x74,0x65,0x70,0x2e,0x73,0x74,0x61,0x74,0x65,0x20,
  0x3d,0x3d,0x3d,0x20,0x22,0x70,0x65,0x6e,0x64,0x69,0x6e,0x67,0x22,0x20,0x3f,0x20,
  0x22,0x23,0x61,0x31,0x61,0x31,0x61,0x61,0x22,0x20,0x3a,0x20,0x22,0x23,0x30,0x30,
  0x37,0x61,0x66,0x66,0x22,0xa,0x20,0x20,0x20,0x20,0x20,0x20,0x20,0x20,0x62,0x6f,
  0x72,0x64,0x65,0x72,0x2e,0x77,0x69,0x64,0x74,0x68,0x3a,0x20,0x31,0xa,0xa,0x20,
  0x20,0x20,0x20,0x20,0x20,0x20,0x20,0x49,0x6d,0x61,0x67,0x65,0x20,0x7b,0xa,0x20,
  0x20,0x20,0x20,0x20,0x20,0x20,0x20,0x20,0x20,0x20,0x20,0x76,0x69,0x73,0x69,0x62,
  0x6c,0x65,0x3a,0x20,0x73,0x74,0x65,0x70,0x2e,0x73,0x74,0x61,0x74,0x65,0x20,0x3d,
  0x3d,0x3d,0x20,0x22,0x63,0x6f,0x6d,0x70,0x6c,0x65,0x74,0x65,0x64,0x22,0xa,0x20,
  0x20,0x20,0x20,0x20,0x20,0x20,0x20,0x20,0x20,0x20,0x20,0x61,0x6e,0x63,0x68,0x6f,
  0x72,0x73,0x2e,0x63,0x65,0x6e,0x74,0x65,0x72,0x49,0x6e,0x3a,0x20,0x70,0x61,0x72,
  0x65,0x6e,0x74,0xa,0x20,0x20,0x20,0x20,0x20,0x20,0x20,0x20,0x20,0x20,0x20,0x20,
  0x73,0x6f,0x75,0x72,0x63,0x65,0x3a,0x20,0x22,0x69,0x63,0x6f,0x6e,0x73,0x2f,0x63,
  0x68,0x65,0x63,0x6b,0x2e,0x73,0x76,0x67,0x22,0xa,0x20,0x20,0x20,0x20,0x20,0x20,
  0x20,0x20,0x20,0x20,0x20,0x20,0x77,0x69,0x64,0x74,0x68,0x3a,0x20,0x31,0x34,0xa,
  0x20,0x20,0x20,0x20,0x20,0x20,0x20,0x20,0x20,0x20,0x20,0x20,0x68,0x65,0x69,0x67,
  0x68,0x74,0x3a,0x20,0x31,0x34,0xa,0x20,0x20,0x20,0x20,0x20,0x20,0x20,0x20,0x7d,
  0xa,0x20,0x20,0x20,0x20,0x20,0x20,0x20,0x20,0x54,0x65,0x78,0x74,0x20,0x7b,0xa,
  0x20,0x20,0x20,0x20,0x20,0x20,0x20,0x20,0x20,0x20,0x20,0x20,0x76,0x69,0x73,0x69,
  0x62,0x6c,0x65,0x3a,0x20,0x73,0x74,0x65,0x70,0x2e,0x73,0x74,0x61,0x74,0x65,0x20,
  0x21,0x3d,0x3d,0x20,0x22,0x63,0x6f,0x6d,0x70,0x6c,0x65,0x74,0x65,0x64,0x22,0xa,
  0x20,0x20,0x20,0x20,0x20,0x20,0x20,0x20,0x20,0x20,0x20,0x20,0x61,0x6e,0x63,0x68,
  0x6f,0x72,0x73,0x2e,0x63,0x65,0x6e,0x74,0x65,0x72,0x49,0x6e,0x3a,0x20,0x70,0x61,
  0x72,0x65,0x6e,0x74,0xa,0x20,0x20,0x20,0x20,0x20,0x20,0x20,0x20,0x20,0x20,0x20,
  0x20,0x74,0x65,0x78,0x74,0x3a,0x20,0x53,0x74,0x72,0x69,0x6e,0x67,0x28,0x73,0x74,
  0x65,0x70,0x2e,0x69,0x6e,0x64,0x65,0x78,0x20,0x2b,0x20,0x31,0x29,0xa,0x20,0x20,
  0x20,0x20,0x20,0x20,0x20,0x20,0x20,0x20,0x20,0x20,0x63,0x6f,0x6c,0x6f,0x72,0x3a,
  0x20,0x73,0x74,0x65,0x70,0x2e,0x73,0x74,0x61,0x74,0x65,0x20,0x3d,0x3d,0x3d,0x20,
  0x22,0x61,0x63,0x74,0x69,0x76,0x65,0x22,0x20,0x3f,0x20,0x22,0x23,0x66,0x66,0x66,
  0x66,0x66,0x66,0x22,0x20,0x3a,0x20,0x22,0x23,0x37,0x31,0x37,0x31,0x37,0x61,0x22,
  0xa,0x20,0x20,0x20,0x20,0x20,0x20,0x20,0x20,0x20,0x20,0x20,0x20,0x66,0x6f,0x6e,
  0x74,0x2e,0x70,0x69,0x78,0x65,0x6c,0x53,0x69,0x7a,0x65,0x3a,0x20,0x31,0x32,0xa,
  0x20,0x20,0x20,0x20,0x20,0x20,0x20,0x20,0x20,0x20,0x20,0x20,0x66,0x6f,0x6e,0x74,
  0x2e,0x77,0x65,0x69,0x67,0x68,0x74,0x3a,0x20,0x46,0x6f,0x6e,0x74,0x2e,0x44,0x65,
  0x6d,0x69,0x42,0x6f,0x6c,0x64,0xa,0x20,0x20,0x20,0x20,0x20,0x20,0x20,0x20,0x7d,
  0xa,0x20,0x20,0x20,0x20,0x7d,0xa,0xa,0x20,0x20,0x20,0x20,0x54,0x65,0x78,0x74,
  0x20,0x7b,0xa,0x20,0x20,0x20,0x20,0x20,0x20,0x20,0x20,0x74,0x65,0x78,0x74,0x3a,
  0x20,0x53,0x74,0x79,0x6c,0x65,0x2e,0x73,0x74,0x72,0x28,0x73,0x74,0x65,0x70,0x2e,
  0x70,0x72,0x6f,0x70,0x73,0x2c,0x20,0x22,0x74,0x65,0x78,0x74,0x22,0x2c,0x20,0x22,
  0x22,0x29,0xa,0x20,0x20,0x20,0x20,0x20,0x20,0x20,0x20,0x63,0x6f,0x6c,0x6f,0x72,
  0x3a,0x20,0x73,0x74,0x65,0x70,0x2e,0x73,0x74,0x61,0x74,0x65,0x20,0x3d,0x3d,0x3d,
  0x20,0x22,0x70,0x65,0x6e,0x64,0x69,0x6e,0x67,0x22,0x20,0x3f,0x20,0x22,0x23,0x37,
  0x31,0x37,0x31,0x37,0x61,0x22,0x20,0x3a,0x20,0x22,0x23,0x31,0x38,0x31,0x38,0x31,
  0x62,0x22,0xa,0x20,0x20,0x20,0x20,0x20,0x20,0x20,0x20,0x66,0x6f,0x6e,0x74,0x2e,
  0x70,0x69,0x78,0x65,0x6c,0x53,0x69,0x7a,0x65,0x3a,0x20,0x31,0x34,0xa,0x20,0x20,
  0x20,0x20,0x20,0x20,0x20,0x20,0x66,0x6f,0x6e,0x74,0x2e,0x77,0x65,0x69,0x67,0x68,
  0x74,0x3a,0x20,0x73,0x74,0x65,0x70,0x2e,0x73,0x74,0x61,0x74,0x65,0x20,0x3d,0x3d,
  0x3d,0x20,0x22,0x61,0x63,0x74,0x69,0x76,0x65,0x22,0x20,0x3f,0x20,0x46,0x6f,0x6e,
  0x74,0x2e,0x44,0x65,0x6d,0x69,0x42,0x6f,0x6c,0x64,0x20,0x3a,0x20,0x46,0x6f,0x6e,
  0x74,0x2e,0x4e,0x6f,0x72,0x6d,0x61,0x6c,0xa,0x20,0x20,0x20,0x20,0x7d,0xa,0xa,
  0x20,0x20,0x20,0x20,0x52,0x65,0x63,0x74,0x61,0x6e,0x67,0x6c,0x65,0x20,0x7b,0xa,
  0x20,0x20,0x20,0x20,0x20,0x20,0x20,0x20,0x76,0x69,0x73,0x69,0x62,0x6c,0x65,0x3a,
  0x20,0x73,0x74,0x65,0x70,0x2e,0x69,0x6e,0x64,0x65,0x78,0x20,0x2b,0x20,0x31,0x20,
  0x3c,0x20,0x73,0x74,0x65,0x70,0x2e,0x63,0x6f,0x75,0x6e,0x74,0xa,0x20,0x20,0x20,
  0x20,0x20,0x20,0x20,0x20,0x4c,0x61,0x79,0x6f,0x75,0x74,0x2e,0x70,0x72,0x65,0x66,
  0x65,0x72,0x72,0x65,0x64,0x57,0x69,0x64,0x74,0x68,0x3a,0x20,0x32,0x34,0xa,0x20,
  0x20,0x20,0x20,0x20,0x20,0x20,0x20,0x4c,0x61,0x79,0x6f,0x75,0x74,0x2e,0x70,0x72,
  0x65,0x66,0x65,0x72,0x72,0x65,0x64,0x48,0x65,0x69,0x67,0x68,0x74,0x3a,0x20,0x31,
  0xa,0x20,0x20,0x20,0x20,0x20,0x20,0x20,0x20,0x4c,0x61,0x79,0x6f,0x75,0x74,0x2e,
  0x6c,0x65,0x66,0x74,0x4d,0x61,0x72,0x67,0x69,0x6e,0x3a,0x20,0x38,0xa,0x20,0x20,
  0x20,0x20,0x20,0x20,0x20,0x20,0x4c,0x61,0x79,0x6f,0x75,0x74,0x2e,0x72,0x69,0x67,
  0x68,0x74,0x4d,0x61,0x72,0x67,0x69,0x6e,0x3a,0x20,0x38,0xa,0x20,0x20,0x20,0x20,
  0x20,0x20,0x20,0x20,0x63,0x6f,0x6c,0x6f,0x72,0x3a,0x20,0x22,0x23,0x65,0x34,0x65,
  0x34,0x65,0x37,0x22,0xa,0x20,0x20,0x20,0x20,0x7d,0xa,0x7d,0xa,
    // /home/ubuntu/repos/lui/platform/qt/qml/LuiTimeline.qml
  0x0,0x0,0x1,0xf7,
  0x69,
  0x6d,0x70,0x6f,0x72,0x74,0x20,0x51,0x74,0x51,0x75,0x69,0x63,0x6b,0xa,0x69,0x6d,
  0x70,0x6f,0x72,0x74,0x20,0x51,0x74,0x51,0x75,0x69,0x63,0x6b,0x2e,0x4c,0x61,0x79,
  0x6f,0x75,0x74,0x73,0xa,0x69,0x6d,0x70,0x6f,0x72,0x74,0x20,0x22,0x4c,0x75,0x69,
  0x53,0x74,0x79,0x6c,0x65,0x2e,0x6a,0x73,0x22,0x20,0x61,0x73,0x20,0x53,0x74,0x79,
  0x6c,0x65,0xa,0xa,0x2f,0x2f,0x20,0x57,0x69,0x72,0x65,0x20,0x6b,0x69,0x6e,0x64,
  0x3a,0x20,0x74,0x69,0x6d,0x65,0x6c,0x69,0x6e,0x65,0x20,0xe2,0x80,0x94,0x20,0x76,
  0x65,0x72,0x74,0x69,0x63,0x61,0x6c,0x20,0x63,0x6f,0x6c,0x75,0x6d,0x6e,0x20,0x6f,
  0x66,0x20,0x74,0x69,0x6d,0x65,0x6c,0x69,0x6e,0x65,0x2d,0x69,0x74,0x65,0x6d,0x20,
  0x63,0x68,0x69,0x6c,0x64,0x72,0x65,0x6e,0x2e,0xa,0x43,0x6f,0x6c,0x75,0x6d,0x6e,
  0x4c,0x61,0x79,0x6f,0x75,0x74,0x20,0x7b,0xa,0x20,0x20,0x20,0x20,0x72,0x65,0x71,
  0x75,0x69,0x72,0x65,0x64,0x20,0x70,0x72,0x6f,0x70,0x65,0x72,0x74,0x79,0x20,0x76,
  0x61,0x72,0x20,0x6e,0x6f,0x64,0x65,0xa,0x20,0x20,0x20,0x20,0x72,0x65,0x61,0x64,
  0x6f,0x6e,0x6c,0x79,0x20,0x70,0x72,0x6f,0x70,0x65,0x72,0x74,0x79,0x20,0x76,0x61,
  0x72,0x20,0x70,0x72,0x6f,0x70,0x73,0x3a,0x20,0x6e,0x6f,0x64,0x65,0x20,0x3f,0x20,
  0x6e,0x6f,0x64,0x65,0x2e,0x70,0x72,0x6f,0x70,0x65,0x72,0x74,0x69,0x65,0x73,0x20,
  0x3a,0x20,0x28,0x7b,0x7d,0x29,0xa,0xa,0x20,0x20,0x20,0x20,0x73,0x70,0x61,0x63,
  0x69,0x6e,0x67,0x3a,0x20,0x53,0x74,0x79,0x6c,0x65,0x2e,0x6e,0x75,0x6d,0x28,0x70,
  0x72,0x6f,0x70,0x73,0x2c,0x20,0x22,0x67,0x61,0x70,0x22,0x2c,0x20,0x30,0x29,0xa,
  0xa,0x20,0x20,0x20,0x20,0x52,0x65,0x70,0x65,0x61,0x74,0x65,0x72,0x20,0x7b,0xa,
  0x20,0x20,0x20,0x20,0x20,0x20,0x20,0x20,0x6d,0x6f,0x64,0x65,0x6c,0x3a,0x20,0x6e,
  0x6f,0x64,0x65,0x20,0x3f,0x20,0x6e,0x6f,0x64,0x65,0x2e,0x63,0x68,0x69,0x6c,0x64,
  0x72,0x65,0x6e,0x20,0x3a,0x20,0x5b,0x5d,0xa,0x20,0x20,0x20,0x20,0x20,0x20,0x20,
  0x20,0x64,0x65,0x6c,0x65,0x67,0x61,0x74,0x65,0x3a,0x20,0x4c,0x75,0x69,0x4e,0x6f,
  0x64,0x65,0x56,0x69,0x65,0x77,0x20,0x7b,0xa,0x20,0x20,0x20,0x20,0x20,0x20,0x20,
  0x20,0x20,0x20,0x20,0x20,0x72,0x65,0x71,0x75,0x69,0x72,0x65,0x64,0x20,0x70,0x72,
  0x6f,0x70,0x65,0x72,0x74,0x79,0x20,0x76,0x61,0x72,0x20,0x6d,0x6f,0x64,0x65,0x6c,
  0x44,0x61,0x74,0x61,0xa,0x20,0x20,0x20,0x20,0x20,0x20,0x20,0x20,0x20,0x20,0x20,
  0x20,0x6e,0x6f,0x64,0x65,0x3a,0x20,0x6d,0x6f,0x64,0x65,0x6c,0x44,0x61,0x74,0x61,
  0xa,0x20,0x20,0x20,0x20,0x20,0x20,0x20,0x20,0x20,0x20,0x20,0x20,0x4c,0x61,0x79,
  0x6f,0x75,0x74,0x2e,0x66,0x69,0x6c,0x6c,0x57,0x69,0x64,0x74,0x68,0x3a,0x20,0x74,
  0x72,0x75,0x65,0xa,0x20,0x20,0x20,0x20,0x20,0x20,0x20,0x20,0x7d,0xa,0x20,0x20,
  0x20,0x20,0x7d,0xa,0x7d,0xa,
    // /home/ubuntu/repos/lui/platform/qt/qml/LuiToggleGroup.qml
  0x0,0x0,0x1,0xce,
  0x69,
  0x6d,0x70,0x6f,0x72,0x74,0x20,0x51,0x74,0x51,0x75,0x69,0x63,0x6b,0xa,0x69,0x6d,
  0x70,0x6f,0x72,0x74,0x20,0x51,0x74,0x51,0x75,0x69,0x63,0x6b,0x2e,0x4c,0x61,0x79,
  0x6f,0x75,0x74,0x73,0xa,0x69,0x6d,0x70,0x6f,0x72,0x74,0x20,0x22,0x4c,0x75,0x69,
  0x53,0x74,0x79,0x6c,0x65,0x2e,0x6a,0x73,0x22,0x20,0x61,0x73,0x20,0x53,0x74,0x79,
  0x6c,0x65,0xa,0xa,0x2f,0x2f,0x20,0x57,0x69,0x72,0x65,0x20,0x6b,0x69,0x6e,0x64,
  0x3a,0x20,0x74,0x6f,0x67,0x67,0x6c,0x65,0x2d,0x67,0x72,0x6f,0x75,0x70,0x20,0xe2,
  0x80,0x94,0x20,0x68,0x6f,0x72,0x69,0x7a,0x6f,0x6e,0x74,0x61,0x6c,0x20,0x67,0x72,
  0x6f,0x75,0x70,0x20,0x6f,0x66,0x20,0x74,0x6f,0x67,0x67,0x6c,0x65,0x2d,0x62,0x75,
  0x74,0x74,0x6f,0x6e,0x20,0x63,0x68,0x69,0x6c,0x64,0x72,0x65,0x6e,0x2e,0xa,0x52,
  0x6f,0x77,0x4c,0x61,0x79,0x6f,0x75,0x74,0x20,0x7b,0xa,0x20,0x20,0x20,0x20,0x72,
  0x65,0x71,0x75,0x69,0x72,0x65,0x64,0x20,0x70,0x72,0x6f,0x70,0x65,0x72,0x74,0x79,
  0x20,0x76,0x61,0x72,0x20,0x6e,0x6f,0x64,0x65,0xa,0x20,0x20,0x20,0x20,0x72,0x65,
  0x61,0x64,0x6f,0x6e,0x6c,0x79,0x20,0x70,0x72,0x6f,0x70,0x65,0x72,0x74,0x79,0x20,
  0x76,0x61,0x72,0x20,0x70,0x72,0x6f,0x70,0x73,0x3a,0x20,0x6e,0x6f,0x64,0x65,0x20,
  0x3f,0x20,0x6e,0x6f,0x64,0x65,0x2e,0x70,0x72,0x6f,0x70,0x65,0x72,0x74,0x69,0x65,
  0x73,0x20,0x3a,0x20,0x28,0x7b,0x7d,0x29,0xa,0xa,0x20,0x20,0x20,0x20,0x73,0x70,
  0x61,0x63,0x69,0x6e,0x67,0x3a,0x20,0x53,0x74,0x79,0x6c,0x65,0x2e,0x6e,0x75,0x6d,
  0x28,0x70,0x72,0x6f,0x70,0x73,0x2c,0x20,0x22,0x67,0x61,0x70,0x22,0x2c,0x20,0x34,
  0x29,0xa,0xa,0x20,0x20,0x20,0x20,0x52,0x65,0x70,0x65,0x61,0x74,0x65,0x72,0x20,
  0x7b,0xa,0x20,0x20,0x20,0x20,0x20,0x20,0x20,0x20,0x6d,0x6f,0x64,0x65,0x6c,0x3a,
  0x20,0x6e,0x6f,0x64,0x65,0x20,0x3f,0x20,0x6e,0x6f,0x64,0x65,0x2e,0x63,0x68,0x69,
  0x6c,0x64,0x72,0x65,0x6e,0x20,0x3a,0x20,0x5b,0x5d,0xa,0x20,0x20,0x20,0x20,0x20,
  0x20,0x20,0x20,0x64,0x65,0x6c,0x65,0x67,0x61,0x74,0x65,0x3a,0x20,0x4c,0x75,0x69,
  0x4e,0x6f,0x64,0x65,0x56,0x69,0x65,0x77,0x20,0x7b,0xa,0x20,0x20,0x20,0x20,0x20,
  0x20,0x20,0x20,0x20,0x20,0x20,0x20,0x72,0x65,0x71,0x75,0x69,0x72,0x65,0x64,0x20,
  0x70,0x72,0x6f,0x70,0x65,0x72,0x74,0x79,0x20,0x76,0x61,0x72,0x20,0x6d,0x6f,0x64,
  0x65,0x6c,0x44,0x61,0x74,0x61,0xa,0x20,0x20,0x20,0x20,0x20,0x20,0x20,0x20,0x20,
  0x20,0x20,0x20,0x6e,0x6f,0x64,0x65,0x3a,0x20,0x6d,0x6f,0x64,0x65,0x6c,0x44,0x61,
  0x74,0x61,0x20,0x7d,0xa,0x20,0x20,0x20,0x20,0x7d,0xa,0x7d,0xa,
    // /home/ubuntu/repos/lui/platform/qt/qml/icons/mic.svg
  0x0,0x0,0x1,0x6f,
  0x3c,
  0x73,0x76,0x67,0x20,0x78,0x6d,0x6c,0x6e,0x73,0x3d,0x22,0x68,0x74,0x74,0x70,0x3a,
  0x2f,0x2f,0x77,0x77,0x77,0x2e,0x77,0x33,0x2e,0x6f,0x72,0x67,0x2f,0x32,0x30,0x30,
  0x30,0x2f,0x73,0x76,0x67,0x22,0x20,0x77,0x69,0x64,0x74,0x68,0x3d,0x22,0x32,0x34,
  0x22,0x20,0x68,0x65,0x69,0x67,0x68,0x74,0x3d,0x22,0x32,0x34,0x22,0x20,0x76,0x69,
  0x65,0x77,0x42,0x6f,0x78,0x3d,0x22,0x30,0x20,0x30,0x20,0x32,0x34,0x20,0x32,0x34,
  0x22,0x20,0x66,0x69,0x6c,0x6c,0x3d,0x22,0x6e,0x6f,0x6e,0x65,0x22,0x20,0x73,0x74,
  0x72,0x6f,0x6b,0x65,0x3d,0x22,0x63,0x75,0x72,0x72,0x65,0x6e,0x74,0x43,0x6f,0x6c,
  0x6f,0x72,0x22,0x20,0x73,0x74,0x72,0x6f,0x6b,0x65,0x2d,0x77,0x69,0x64,0x74,0x68,
  0x3d,0x22,0x32,0x22,0x20,0x73,0x74,0x72,0x6f,0x6b,0x65,0x2d,0x6c,0x69,0x6e,0x65,
  0x63,0x61,0x70,0x3d,0x22,0x72,0x6f,0x75,0x6e,0x64,0x22,0x20,0x73,0x74,0x72,0x6f,
  0x6b,0x65,0x2d,0x6c,0x69,0x6e,0x65,0x6a,0x6f,0x69,0x6e,0x3d,0x22,0x72,0x6f,0x75,
  0x6e,0x64,0x22,0x3e,0x3c,0x70,0x61,0x74,0x68,0x20,0x64,0x3d,0x22,0x4d,0x31,0x32,
  0x20,0x32,0x61,0x33,0x20,0x33,0x20,0x30,0x20,0x30,0x20,0x30,0x2d,0x33,0x20,0x33,
  0x76,0x37,0x61,0x33,0x20,0x33,0x20,0x30,0x20,0x30,0x20,0x30,0x20,0x36,0x20,0x30,
  0x56,0x35,0x61,0x33,0x20,0x33,0x20,0x30,0x20,0x30,0x20,0x30,0x2d,0x33,0x2d,0x33,
  0x7a,0x22,0x2f,0x3e,0x3c,0x70,0x61,0x74,0x68,0x20,0x64,0x3d,0x22,0x4d,0x31,0x39,
  0x20,0x31,0x30,0x76,0x32,0x61,0x37,0x20,0x37,0x20,0x30,0x20,0x30,0x20,0x31,0x2d,
  0x31,0x34,0x20,0x30,0x76,0x2d,0x32,0x22,0x2f,0x3e,0x3c,0x6c,0x69,0x6e,0x65,0x20,
  0x78,0x31,0x3d,0x22,0x31,0x32,0x22,0x20,0x79,0x31,0x3d,0x22,0x31,0x39,0x22,0x20,
  0x78,0x32,0x3d,0x22,0x31,0x32,0x22,0x20,0x79,0x32,0x3d,0x22,0x32,0x32,0x22,0x2f,
  0x3e,0x3c,0x6c,0x69,0x6e,0x65,0x20,0x78,0x31,0x3d,0x22,0x38,0x22,0x20,0x79,0x31,
  0x3d,0x22,0x32,0x32,0x22,0x20,0x78,0x32,0x3d,0x22,0x31,0x36,0x22,0x20,0x79,0x32,
  0x3d,0x22,0x32,0x32,0x22,0x2f,0x3e,0x3c,0x2f,0x73,0x76,0x67,0x3e,0xa,
    // /home/ubuntu/repos/lui/platform/qt/qml/icons/moon.svg
  0x0,0x0,0x0,0xea,
  0x3c,
  0x73,0x76,0x67,0x20,0x78,0x6d,0x6c,0x6e,0x73,0x3d,0x22,0x68,0x74,0x74,0x70,0x3a,
  0x2f,0x2f,0x77,0x77,0x77,0x2e,0x77,0x33,0x2e,0x6f,0x72,0x67,0x2f,0x32,0x30,0x30,
  0x30,0x2f,0x73,0x76,0x67,0x22,0x20,0x77,0x69,0x64,0x74,0x68,0x3d,0x22,0x32,0x34,
  0x22,0x20,0x68,0x65,0x69,0x67,0x68,0x74,0x3d,0x22,0x32,0x34,0x22,0x20,0x76,0x69,
  0x65,0x77,0x42,0x6f,0x78,0x3d,0x22,0x30,0x20,0x30,0x20,0x32,0x34,0x20,0x32,0x34,
  0x22,0x20,0x66,0x69,0x6c,0x6c,0x3d,0x22,0x6e,0x6f,0x6e,0x65,0x22,0x20,0x73,0x74,
  0x72,0x6f,0x6b,0x65,0x3d,0x22,0x63,0x75,0x72,0x72,0x65,0x6e,0x74,0x43,0x6f,0x6c,
  0x6f,0x72,0x22,0x20,0x73,0x74,0x72,0x6f,0x6b,0x65,0x2d,0x77,0x69,0x64,0x74,0x68,
  0x3d,0x22,0x32,0x22,0x20,0x73,0x74,0x72,0x6f,0x6b,0x65,0x2d,0x6c,0x69,0x6e,0x65,
  0x63,0x61,0x70,0x3d,0x22,0x72,0x6f,0x75,0x6e,0x64,0x22,0x20,0x73,0x74,0x72,0x6f,
  0x6b,0x65,0x2d,0x6c,0x69,0x6e,0x65,0x6a,0x6f,0x69,0x6e,0x3d,0x22,0x72,0x6f,0x75,
  0x6e,0x64,0x22,0x3e,0x3c,0x70,0x61,0x74,0x68,0x20,0x64,0x3d,0x22,0x4d,0x31,0x32,
  0x20,0x33,0x61,0x36,0x20,0x36,0x20,0x30,0x20,0x30,0x20,0x30,0x20,0x39,0x20,0x39,
  0x20,0x39,0x20,0x39,0x20,0x30,0x20,0x31,0x20,0x31,0x2d,0x39,0x2d,0x39,0x5a,0x22,
  0x2f,0x3e,0x3c,0x2f,0x73,0x76,0x67,0x3e,0xa,
    // /home/ubuntu/repos/lui/platform/qt/qml/icons/skip-forward.svg
  0x0,0x0,0x1,0x12,
  0x3c,
  0x73,0x76,0x67,0x20,0x78,0x6d,0x6c,0x6e,0x73,0x3d,0x22,0x68,0x74,0x74,0x70,0x3a,
  0x2f,0x2f,0x77,0x77,0x77,0x2e,0x77,0x33,0x2e,0x6f,0x72,0x67,0x2f,0x32,0x30,0x30,
  0x30,0x2f,0x73,0x76,0x67,0x22,0x20,0x77,0x69,0x64,0x74,0x68,0x3d,0x22,0x32,0x34,
  0x22,0x20,0x68,0x65,0x69,0x67,0x68,0x74,0x3d,0x22,0x32,0x34,0x22,0x20,0x76,0x69,
  0x65,0x77,0x42,0x6f,0x78,0x3d,0x22,0x30,0x20,0x30,0x20,0x32,0x34,0x20,0x32,0x34,
  0x22,0x20,0x66,0x69,0x6c,0x6c,0x3d,0x22,0x6e,0x6f,0x6e,0x65,0x22,0x20,0x73,0x74,
  0x72,0x6f,0x6b,0x65,0x3d,0x22,0x63,0x75,0x72,0x72,0x65,0x6e,0x74,0x43,0x6f,0x6c,
  0x6f,0x72,0x22,0x20,0x73,0x74,0x72,0x6f,0x6b,0x65,0x2d,0x77,0x69,0x64,0x74,0x68,
  0x3d,0x22,0x32,0x22,0x20,0x73,0x74,0x72,0x6f,0x6b,0x65,0x2d,0x6c,0x69,0x6e,0x65,
  0x63,0x61,0x70,0x3d,0x22,0x72,0x6f,0x75,0x6e,0x64,0x22,0x20,0x73,0x74,0x72,0x6f,
  0x6b,0x65,0x2d,0x6c,0x69,0x6e,0x65,0x6a,0x6f,0x69,0x6e,0x3d,0x22,0x72,0x6f,0x75,
  0x6e,0x64,0x22,0x3e,0x3c,0x70,0x6f,0x6c,0x79,0x67,0x6f,0x6e,0x20,0x70,0x6f,0x69,
  0x6e,0x74,0x73,0x3d,0x22,0x35,0x20,0x35,0x2e,0x32,0x20,0x31,0x34,0x2e,0x32,0x20,
  0x31,0x32,0x20,0x35,0x20,0x31,0x38,0x2e,0x38,0x22,0x2f,0x3e,0x3c,0x6c,0x69,0x6e,
  0x65,0x20,0x78,0x31,0x3d,0x22,0x31,0x38,0x2e,0x32,0x22,0x20,0x79,0x31,0x3d,0x22,
  0x35,0x2e,0x32,0x22,0x20,0x78,0x32,0x3d,0x22,0x31,0x38,0x2e,0x32,0x22,0x20,0x79,
  0x32,0x3d,0x22,0x31,0x38,0x2e,0x38,0x22,0x2f,0x3e,0x3c,0x2f,0x73,0x76,0x67,0x3e,
  0xa,
    // /home/ubuntu/repos/lui/platform/qt/qml/icons/x-circle.svg
  0x0,0x0,0x1,0x26,
  0x3c,
  0x73,0x76,0x67,0x20,0x78,0x6d,0x6c,0x6e,0x73,0x3d,0x22,0x68,0x74,0x74,0x70,0x3a,
  0x2f,0x2f,0x77,0x77,0x77,0x2e,0x77,0x33,0x2e,0x6f,0x72,0x67,0x2f,0x32,0x30,0x30,
  0x30,0x2f,0x73,0x76,0x67,0x22,0x20,0x77,0x69,0x64,0x74,0x68,0x3d,0x22,0x32,0x34,
  0x22,0x20,0x68,0x65,0x69,0x67,0x68,0x74,0x3d,0x22,0x32,0x34,0x22,0x20,0x76,0x69,
  0x65,0x77,0x42,0x6f,0x78,0x3d,0x22,0x30,0x20,0x30,0x20,0x32,0x34,0x20,0x32,0x34,
  0x22,0x20,0x66,0x69,0x6c,0x6c,0x3d,0x22,0x6e,0x6f,0x6e,0x65,0x22,0x20,0x73,0x74,
  0x72,0x6f,0x6b,0x65,0x3d,0x22,0x63,0x75,0x72,0x72,0x65,0x6e,0x74,0x43,0x6f,0x6c,
  0x6f,0x72,0x22,0x20,0x73,0x74,0x72,0x6f,0x6b,0x65,0x2d,0x77,0x69,0x64,0x74,0x68,
  0x3d,0x22,0x32,0x22,0x20,0x73,0x74,0x72,0x6f,0x6b,0x65,0x2d,0x6c,0x69,0x6e,0x65,
  0x63,0x61,0x70,0x3d,0x22,0x72,0x6f,0x75,0x6e,0x64,0x22,0x20,0x73,0x74,0x72,0x6f,
  0x6b,0x65,0x2d,0x6c,0x69,0x6e,0x65,0x6a,0x6f,0x69,0x6e,0x3d,0x22,0x72,0x6f,0x75,
  0x6e,0x64,0x22,0x3e,0x3c,0x63,0x69,0x72,0x63,0x6c,0x65,0x20,0x63,0x78,0x3d,0x22,
  0x31,0x32,0x22,0x20,0x63,0x79,0x3d,0x22,0x31,0x32,0x22,0x20,0x72,0x3d,0x22,0x31,
  0x30,0x22,0x2f,0x3e,0x3c,0x6c,0x69,0x6e,0x65,0x20,0x78,0x31,0x3d,0x22,0x31,0x35,
  0x22,0x20,0x79,0x31,0x3d,0x22,0x39,0x22,0x20,0x78,0x32,0x3d,0x22,0x39,0x22,0x20,
  0x79,0x32,0x3d,0x22,0x31,0x35,0x22,0x2f,0x3e,0x3c,0x6c,0x69,0x6e,0x65,0x20,0x78,
  0x31,0x3d,0x22,0x39,0x22,0x20,0x79,0x31,0x3d,0x22,0x39,0x22,0x20,0x78,0x32,0x3d,
  0x22,0x31,0x35,0x22,0x20,0x79,0x32,0x3d,0x22,0x31,0x35,0x22,0x2f,0x3e,0x3c,0x2f,
  0x73,0x76,0x67,0x3e,0xa,
    // /home/ubuntu/repos/lui/platform/qt/qml/icons/skip-back.svg
  0x0,0x0,0x1,0x11,
  0x3c,
  0x73,0x76,0x67,0x20,0x78,0x6d,0x6c,0x6e,0x73,0x3d,0x22,0x68,0x74,0x74,0x70,0x3a,
  0x2f,0x2f,0x77,0x77,0x77,0x2e,0x77,0x33,0x2e,0x6f,0x72,0x67,0x2f,0x32,0x30,0x30,
  0x30,0x2f,0x73,0x76,0x67,0x22,0x20,0x77,0x69,0x64,0x74,0x68,0x3d,0x22,0x32,0x34,
  0x22,0x20,0x68,0x65,0x69,0x67,0x68,0x74,0x3d,0x22,0x32,0x34,0x22,0x20,0x76,0x69,
  0x65,0x77,0x42,0x6f,0x78,0x3d,0x22,0x30,0x20,0x30,0x20,0x32,0x34,0x20,0x32,0x34,
  0x22,0x20,0x66,0x69,0x6c,0x6c,0x3d,0x22,0x6e,0x6f,0x6e,0x65,0x22,0x20,0x73,0x74,
  0x72,0x6f,0x6b,0x65,0x3d,0x22,0x63,0x75,0x72,0x72,0x65,0x6e,0x74,0x43,0x6f,0x6c,
  0x6f,0x72,0x22,0x20,0x73,0x74,0x72,0x6f,0x6b,0x65,0x2d,0x77,0x69,0x64,0x74,0x68,
  0x3d,0x22,0x32,0x22,0x20,0x73,0x74,0x72,0x6f,0x6b,0x65,0x2d,0x6c,0x69,0x6e,0x65,
  0x63,0x61,0x70,0x3d,0x22,0x72,0x6f,0x75,0x6e,0x64,0x22,0x20,0x73,0x74,0x72,0x6f,
  0x6b,0x65,0x2d,0x6c,0x69,0x6e,0x65,0x6a,0x6f,0x69,0x6e,0x3d,0x22,0x72,0x6f,0x75,
  0x6e,0x64,0x22,0x3e,0x3c,0x70,0x6f,0x6c,0x79,0x67,0x6f,0x6e,0x20,0x70,0x6f,0x69,
  0x6e,0x74,0x73,0x3d,0x22,0x31,0x39,0x20,0x35,0x2e,0x32,0x20,0x39,0x2e,0x38,0x20,
  0x31,0x32,0x20,0x31,0x39,0x20,0x31,0x38,0x2e,0x38,0x22,0x2f,0x3e,0x3c,0x6c,0x69,
  0x6e,0x65,0x20,0x78,0x31,0x3d,0x22,0x35,0x2e,0x38,0x22,0x20,0x79,0x31,0x3d,0x22,
  0x35,0x2e,0x32,0x22,0x20,0x78,0x32,0x3d,0x22,0x35,0x2e,0x38,0x22,0x20,0x79,0x32,
  0x3d,0x22,0x31,0x38,0x2e,0x38,0x22,0x2f,0x3e,0x3c,0x2f,0x73,0x76,0x67,0x3e,0xa,
  
    // /home/ubuntu/repos/lui/platform/qt/qml/icons/archive.svg
  0x0,0x0,0x1,0x47,
  0x3c,
  0x73,0x76,0x67,0x20,0x78,0x6d,0x6c,0x6e,0x73,0x3d,0x22,0x68,0x74,0x74,0x70,0x3a,
  0x2f,0x2f,0x77,0x77,0x77,0x2e,0x77,0x33,0x2e,0x6f,0x72,0x67,0x2f,0x32,0x30,0x30,
  0x30,0x2f,0x73,0x76,0x67,0x22,0x20,0x77,0x69,0x64,0x74,0x68,0x3d,0x22,0x32,0x34,
  0x22,0x20,0x68,0x65,0x69,0x67,0x68,0x74,0x3d,0x22,0x32,0x34,0x22,0x20,0x76,0x69,
  0x65,0x77,0x42,0x6f,0x78,0x3d,0x22,0x30,0x20,0x30,0x20,0x32,0x34,0x20,0x32,0x34,
  0x22,0x20,0x66,0x69,0x6c,0x6c,0x3d,0x22,0x6e,0x6f,0x6e,0x65,0x22,0x20,0x73,0x74,
  0x72,0x6f,0x6b,0x65,0x3d,0x22,0x63,0x75,0x72,0x72,0x65,0x6e,0x74,0x43,0x6f,0x6c,
  0x6f,0x72,0x22,0x20,0x73,0x74,0x72,0x6f,0x6b,0x65,0x2d,0x77,0x69,0x64,0x74,0x68,
  0x3d,0x22,0x32,0x22,0x20,0x73,0x74,0x72,0x6f,0x6b,0x65,0x2d,0x6c,0x69,0x6e,0x65,
  0x63,0x61,0x70,0x3d,0x22,0x72,0x6f,0x75,0x6e,0x64,0x22,0x20,0x73,0x74,0x72,0x6f,
  0x6b,0x65,0x2d,0x6c,0x69,0x6e,0x65,0x6a,0x6f,0x69,0x6e,0x3d,0x22,0x72,0x6f,0x75,
  0x6e,0x64,0x22,0x3e,0x3c,0x72,0x65,0x63,0x74,0x20,0x78,0x3d,0x22,0x32,0x22,0x20,
  0x79,0x3d,0x22,0x33,0x22,0x20,0x77,0x69,0x64,0x74,0x68,0x3d,0x22,0x32,0x30,0x22,
  0x20,0x68,0x65,0x69,0x67,0x68,0x74,0x3d,0x22,0x35,0x22,0x20,0x72,0x78,0x3d,0x22,
  0x31,0x22,0x2f,0x3e,0x3c,0x70,0x61,0x74,0x68,0x20,0x64,0x3d,0x22,0x4d,0x34,0x20,
  0x38,0x76,0x31,0x31,0x61,0x32,0x20,0x32,0x20,0x30,0x20,0x30,0x20,0x30,0x20,0x32,
  0x20,0x32,0x68,0x31,0x32,0x61,0x32,0x20,0x32,0x20,0x30,0x20,0x30,0x20,0x30,0x20,
  0x32,0x2d,0x32,0x56,0x38,0x22,0x2f,0x3e,0x3c,0x6c,0x69,0x6e,0x65,0x20,0x78,0x31,
  0x3d,0x22,0x31,0x30,0x22,0x20,0x79,0x31,0x3d,0x22,0x31,0x32,0x22,0x20,0x78,0x32,
  0x3d,0x22,0x31,0x34,0x22,0x20,0x79,0x32,0x3d,0x22,0x31,0x32,0x22,0x2f,0x3e,0x3c,
  0x2f,0x73,0x76,0x67,0x3e,0xa,
    // /home/ubuntu/repos/lui/platform/qt/qml/icons/chevron-left.svg
  0x0,0x0,0x0,0xe6,
  0x3c,
  0x73,0x76,0x67,0x20,0x78,0x6d,0x6c,0x6e,0x73,0x3d,0x22,0x68,0x74,0x74,0x70,0x3a,
  0x2f,0x2f,0x77,0x77,0x77,0x2e,0x77,0x33,0x2e,0x6f,0x72,0x67,0x2f,0x32,0x30,0x30,
  0x30,0x2f,0x73,0x76,0x67,0x22,0x20,0x77,0x69,0x64,0x74,0x68,0x3d,0x22,0x32,0x34,
  0x22,0x20,0x68,0x65,0x69,0x67,0x68,0x74,0x3d,0x22,0x32,0x34,0x22,0x20,0x76,0x69,
  0x65,0x77,0x42,0x6f,0x78,0x3d,0x22,0x30,0x20,0x30,0x20,0x32,0x34,0x20,0x32,0x34,
  0x22,0x20,0x66,0x69,0x6c,0x6c,0x3d,0x22,0x6e,0x6f,0x6e,0x65,0x22,0x20,0x73,0x74,
  0x72,0x6f,0x6b,0x65,0x3d,0x22,0x63,0x75,0x72,0x72,0x65,0x6e,0x74,0x43,0x6f,0x6c,
  0x6f,0x72,0x22,0x20,0x73,0x74,0x72,0x6f,0x6b,0x65,0x2d,0x77,0x69,0x64,0x74,0x68,
  0x3d,0x22,0x32,0x22,0x20,0x73,0x74,0x72,0x6f,0x6b,0x65,0x2d,0x6c,0x69,0x6e,0x65,
  0x63,0x61,0x70,0x3d,0x22,0x72,0x6f,0x75,0x6e,0x64,0x22,0x20,0x73,0x74,0x72,0x6f,
  0x6b,0x65,0x2d,0x6c,0x69,0x6e,0x65,0x6a,0x6f,0x69,0x6e,0x3d,0x22,0x72,0x6f,0x75,
  0x6e,0x64,0x22,0x3e,0x3c,0x70,0x6f,0x6c,0x79,0x6c,0x69,0x6e,0x65,0x20,0x70,0x6f,
  0x69,0x6e,0x74,0x73,0x3d,0x22,0x31,0x34,0x2e,0x35,0x20,0x36,0x20,0x38,0x2e,0x35,
  0x20,0x31,0x32,0x20,0x31,0x34,0x2e,0x35,0x20,0x31,0x38,0x22,0x2f,0x3e,0x3c,0x2f,
  0x73,0x76,0x67,0x3e,0xa,
    // /home/ubuntu/repos/lui/platform/qt/qml/icons/panel-right.svg
  0x0,0x0,0x1,0x13,
  0x3c,
  0x73,0x76,0x67,0x20,0x78,0x6d,0x6c,0x6e,0x73,0x3d,0x22,0x68,0x74,0x74,0x70,0x3a,
  0x2f,0x2f,0x77,0x77,0x77,0x2e,0x77,0x33,0x2e,0x6f,0x72,0x67,0x2f,0x32,0x30,0x30,
  0x30,0x2f,0x73,0x76,0x67,0x22,0x20,0x77,0x69,0x64,0x74,0x68,0x3d,0x22,0x32,0x34,
  0x22,0x20,0x68,0x65,0x69,0x67,0x68,0x74,0x3d,0x22,0x32,0x34,0x22,0x20,0x76,0x69,
  0x65,0x77,0x42,0x6f,0x78,0x3d,0x22,0x30,0x20,0x30,0x20,0x32,0x34,0x20,0x32,0x34,
  0x22,0x20,0x66,0x69,0x6c,0x6c,0x3d,0x22,0x6e,0x6f,0x6e,0x65,0x22,0x20,0x73,0x74,
  0x72,0x6f,0x6b,0x65,0x3d,0x22,0x63,0x75,0x72,0x72,0x65,0x6e,0x74,0x43,0x6f,0x6c,
  0x6f,0x72,0x22,0x20,0x73,0x74,0x72,0x6f,0x6b,0x65,0x2d,0x77,0x69,0x64,0x74,0x68,
  0x3d,0x22,0x32,0x22,0x20,0x73,0x74,0x72,0x6f,0x6b,0x65,0x2d,0x6c,0x69,0x6e,0x65,
  0x63,0x61,0x70,0x3d,0x22,0x72,0x6f,0x75,0x6e,0x64,0x22,0x20,0x73,0x74,0x72,0x6f,
  0x6b,0x65,0x2d,0x6c,0x69,0x6e,0x65,0x6a,0x6f,0x69,0x6e,0x3d,0x22,0x72,0x6f,0x75,
  0x6e,0x64,0x22,0x3e,0x3c,0x72,0x65,0x63,0x74,0x20,0x78,0x3d,0x22,0x33,0x22,0x20,
  0x79,0x3d,0x22,0x33,0x22,0x20,0x77,0x69,0x64,0x74,0x68,0x3d,0x22,0x31,0x38,0x22,
  0x20,0x68,0x65,0x69,0x67,0x68,0x74,0x3d,0x22,0x31,0x38,0x22,0x20,0x72,0x78,0x3d,
  0x22,0x32,0x22,0x2f,0x3e,0x3c,0x6c,0x69,0x6e,0x65,0x20,0x78,0x31,0x3d,0x22,0x31,
  0x35,0x22,0x20,0x79,0x31,0x3d,0x22,0x33,0x22,0x20,0x78,0x32,0x3d,0x22,0x31,0x35,
  0x22,0x20,0x79,0x32,0x3d,0x22,0x32,0x31,0x22,0x2f,0x3e,0x3c,0x2f,0x73,0x76,0x67,
  0x3e,0xa,
    // /home/ubuntu/repos/lui/platform/qt/qml/icons/play.svg
  0x0,0x0,0x0,0xe2,
  0x3c,
  0x73,0x76,0x67,0x20,0x78,0x6d,0x6c,0x6e,0x73,0x3d,0x22,0x68,0x74,0x74,0x70,0x3a,
  0x2f,0x2f,0x77,0x77,0x77,0x2e,0x77,0x33,0x2e,0x6f,0x72,0x67,0x2f,0x32,0x30,0x30,
  0x30,0x2f,0x73,0x76,0x67,0x22,0x20,0x77,0x69,0x64,0x74,0x68,0x3d,0x22,0x32,0x34,
  0x22,0x20,0x68,0x65,0x69,0x67,0x68,0x74,0x3d,0x22,0x32,0x34,0x22,0x20,0x76,0x69,
  0x65,0x77,0x42,0x6f,0x78,0x3d,0x22,0x30,0x20,0x30,0x20,0x32,0x34,0x20,0x32,0x34,
  0x22,0x20,0x66,0x69,0x6c,0x6c,0x3d,0x22,0x6e,0x6f,0x6e,0x65,0x22,0x20,0x73,0x74,
  0x72,0x6f,0x6b,0x65,0x3d,0x22,0x63,0x75,0x72,0x72,0x65,0x6e,0x74,0x43,0x6f,0x6c,
  0x6f,0x72,0x22,0x20,0x73,0x74,0x72,0x6f,0x6b,0x65,0x2d,0x77,0x69,0x64,0x74,0x68,
  0x3d,0x22,0x32,0x22,0x20,0x73,0x74,0x72,0x6f,0x6b,0x65,0x2d,0x6c,0x69,0x6e,0x65,
  0x63,0x61,0x70,0x3d,0x22,0x72,0x6f,0x75,0x6e,0x64,0x22,0x20,0x73,0x74,0x72,0x6f,
  0x6b,0x65,0x2d,0x6c,0x69,0x6e,0x65,0x6a,0x6f,0x69,0x6e,0x3d,0x22,0x72,0x6f,0x75,
  0x6e,0x64,0x22,0x3e,0x3c,0x70,0x6f,0x6c,0x79,0x67,0x6f,0x6e,0x20,0x70,0x6f,0x69,
  0x6e,0x74,0x73,0x3d,0x22,0x38,0x20,0x35,0x2e,0x32,0x20,0x31,0x39,0x20,0x31,0x32,
  0x20,0x38,0x20,0x31,0x38,0x2e,0x38,0x22,0x2f,0x3e,0x3c,0x2f,0x73,0x76,0x67,0x3e,
  0xa,
    // /home/ubuntu/repos/lui/platform/qt/qml/icons/music.svg
  0x0,0x0,0x1,0x14,
  0x3c,
  0x73,0x76,0x67,0x20,0x78,0x6d,0x6c,0x6e,0x73,0x3d,0x22,0x68,0x74,0x74,0x70,0x3a,
  0x2f,0x2f,0x77,0x77,0x77,0x2e,0x77,0x33,0x2e,0x6f,0x72,0x67,0x2f,0x32,0x30,0x30,
  0x30,0x2f,0x73,0x76,0x67,0x22,0x20,0x77,0x69,0x64,0x74,0x68,0x3d,0x22,0x32,0x34,
  0x22,0x20,0x68,0x65,0x69,0x67,0x68,0x74,0x3d,0x22,0x32,0x34,0x22,0x20,0x76,0x69,
  0x65,0x77,0x42,0x6f,0x78,0x3d,0x22,0x30,0x20,0x30,0x20,0x32,0x34,0x20,0x32,0x34,
  0x22,0x20,0x66,0x69,0x6c,0x6c,0x3d,0x22,0x6e,0x6f,0x6e,0x65,0x22,0x20,0x73,0x74,
  0x72,0x6f,0x6b,0x65,0x3d,0x22,0x63,0x75,0x72,0x72,0x65,0x6e,0x74,0x43,0x6f,0x6c,
  0x6f,0x72,0x22,0x20,0x73,0x74,0x72,0x6f,0x6b,0x65,0x2d,0x77,0x69,0x64,0x74,0x68,
  0x3d,0x22,0x32,0x22,0x20,0x73,0x74,0x72,0x6f,0x6b,0x65,0x2d,0x6c,0x69,0x6e,0x65,
  0x63,0x61,0x70,0x3d,0x22,0x72,0x6f,0x75,0x6e,0x64,0x22,0x20,0x73,0x74,0x72,0x6f,
  0x6b,0x65,0x2d,0x6c,0x69,0x6e,0x65,0x6a,0x6f,0x69,0x6e,0x3d,0x22,0x72,0x6f,0x75,
  0x6e,0x64,0x22,0x3e,0x3c,0x70,0x61,0x74,0x68,0x20,0x64,0x3d,0x22,0x4d,0x39,0x20,
  0x31,0x38,0x56,0x35,0x6c,0x31,0x32,0x2d,0x32,0x76,0x31,0x33,0x22,0x2f,0x3e,0x3c,
  0x63,0x69,0x72,0x63,0x6c,0x65,0x20,0x63,0x78,0x3d,0x22,0x36,0x22,0x20,0x63,0x79,
  0x3d,0x22,0x31,0x38,0x22,0x20,0x72,0x3d,0x22,0x33,0x22,0x2f,0x3e,0x3c,0x63,0x69,
  0x72,0x63,0x6c,0x65,0x20,0x63,0x78,0x3d,0x22,0x31,0x38,0x22,0x20,0x63,0x79,0x3d,
  0x22,0x31,0x36,0x22,0x20,0x72,0x3d,0x22,0x33,0x22,0x2f,0x3e,0x3c,0x2f,0x73,0x76,
  0x67,0x3e,0xa,
    // /home/ubuntu/repos/lui/platform/qt/qml/icons/refresh-cw.svg
  0x0,0x0,0x1,0x7f,
  0x3c,
  0x73,0x76,0x67,0x20,0x78,0x6d,0x6c,0x6e,0x73,0x3d,0x22,0x68,0x74,0x74,0x70,0x3a,
  0x2f,0x2f,0x77,0x77,0x77,0x2e,0x77,0x33,0x2e,0x6f,0x72,0x67,0x2f,0x32,0x30,0x30,
  0x30,0x2f,0x73,0x76,0x67,0x22,0x20,0x77,0x69,0x64,0x74,0x68,0x3d,0x22,0x32,0x34,
  0x22,0x20,0x68,0x65,0x69,0x67,0x68,0x74,0x3d,0x22,0x32,0x34,0x22,0x20,0x76,0x69,
  0x65,0x77,0x42,0x6f,0x78,0x3d,0x22,0x30,0x20,0x30,0x20,0x32,0x34,0x20,0x32,0x34,
  0x22,0x20,0x66,0x69,0x6c,0x6c,0x3d,0x22,0x6e,0x6f,0x6e,0x65,0x22,0x20,0x73,0x74,
  0x72,0x6f,0x6b,0x65,0x3d,0x22,0x63,0x75,0x72,0x72,0x65,0x6e,0x74,0x43,0x6f,0x6c,
  0x6f,0x72,0x22,0x20,0x73,0x74,0x72,0x6f,0x6b,0x65,0x2d,0x77,0x69,0x64,0x74,0x68,
  0x3d,0x22,0x32,0x22,0x20,0x73,0x74,0x72,0x6f,0x6b,0x65,0x2d,0x6c,0x69,0x6e,0x65,
  0x63,0x61,0x70,0x3d,0x22,0x72,0x6f,0x75,0x6e,0x64,0x22,0x20,0x73,0x74,0x72,0x6f,
  0x6b,0x65,0x2d,0x6c,0x69,0x6e,0x65,0x6a,0x6f,0x69,0x6e,0x3d,0x22,0x72,0x6f,0x75,
  0x6e,0x64,0x22,0x3e,0x3c,0x70,0x61,0x74,0x68,0x20,0x64,0x3d,0x22,0x4d,0x33,0x20,
  0x31,0x32,0x61,0x39,0x20,0x39,0x20,0x30,0x20,0x30,0x20,0x31,0x20,0x39,0x2d,0x39,
  0x20,0x39,0x2e,0x37,0x35,0x20,0x39,0x2e,0x37,0x35,0x20,0x30,0x20,0x30,0x20,0x31,
  0x20,0x36,0x2e,0x37,0x34,0x20,0x32,0x2e,0x37,0x34,0x4c,0x32,0x31,0x20,0x38,0x22,
  0x2f,0x3e,0x3c,0x70,0x6f,0x6c,0x79,0x6c,0x69,0x6e,0x65,0x20,0x70,0x6f,0x69,0x6e,
  0x74,0x73,0x3d,0x22,0x32,0x31,0x20,0x33,0x20,0x32,0x31,0x20,0x38,0x20,0x31,0x36,
  0x20,0x38,0x22,0x2f,0x3e,0x3c,0x70,0x61,0x74,0x68,0x20,0x64,0x3d,0x22,0x4d,0x32,
  0x31,0x20,0x31,0x32,0x61,0x39,0x20,0x39,0x20,0x30,0x20,0x30,0x20,0x31,0x2d,0x39,
  0x20,0x39,0x20,0x39,0x2e,0x37,0x35,0x20,0x39,0x2e,0x37,0x35,0x20,0x30,0x20,0x30,
  0x20,0x31,0x2d,0x36,0x2e,0x37,0x34,0x2d,0x32,0x2e,0x37,0x34,0x4c,0x33,0x20,0x31,
  0x36,0x22,0x2f,0x3e,0x3c,0x70,0x6f,0x6c,0x79,0x6c,0x69,0x6e,0x65,0x20,0x70,0x6f,
  0x69,0x6e,0x74,0x73,0x3d,0x22,0x33,0x20,0x32,0x31,0x20,0x33,0x20,0x31,0x36,0x20,
  0x38,0x20,0x31,0x36,0x22,0x2f,0x3e,0x3c,0x2f,0x73,0x76,0x67,0x3e,0xa,
    // /home/ubuntu/repos/lui/platform/qt/qml/icons/send.svg
  0x0,0x0,0x1,0xa,
  0x3c,
  0x73,0x76,0x67,0x20,0x78,0x6d,0x6c,0x6e,0x73,0x3d,0x22,0x68,0x74,0x74,0x70,0x3a,
  0x2f,0x2f,0x77,0x77,0x77,0x2e,0x77,0x33,0x2e,0x6f,0x72,0x67,0x2f,0x32,0x30,0x30,
  0x30,0x2f,0x73,0x76,0x67,0x22,0x20,0x77,0x69,0x64,0x74,0x68,0x3d,0x22,0x32,0x34,
  0x22,0x20,0x68,0x65,0x69,0x67,0x68,0x74,0x3d,0x22,0x32,0x34,0x22,0x20,0x76,0x69,
  0x65,0x77,0x42,0x6f,0x78,0x3d,0x22,0x30,0x20,0x30,0x20,0x32,0x34,0x20,0x32,0x34,
  0x22,0x20,0x66,0x69,0x6c,0x6c,0x3d,0x22,0x6e,0x6f,0x6e,0x65,0x22,0x20,0x73,0x74,
  0x72,0x6f,0x6b,0x65,0x3d,0x22,0x63,0x75,0x72,0x72,0x65,0x6e,0x74,0x43,0x6f,0x6c,
  0x6f,0x72,0x22,0x20,0x73,0x74,0x72,0x6f,0x6b,0x65,0x2d,0x77,0x69,0x64,0x74,0x68,
  0x3d,0x22,0x32,0x22,0x20,0x73,0x74,0x72,0x6f,0x6b,0x65,0x2d,0x6c,0x69,0x6e,0x65,
  0x63,0x61,0x70,0x3d,0x22,0x72,0x6f,0x75,0x6e,0x64,0x22,0x20,0x73,0x74,0x72,0x6f,
  0x6b,0x65,0x2d,0x6c,0x69,0x6e,0x65,0x6a,0x6f,0x69,0x6e,0x3d,0x22,0x72,0x6f,0x75,
  0x6e,0x64,0x22,0x3e,0x3c,0x6c,0x69,0x6e,0x65,0x20,0x78,0x31,0x3d,0x22,0x32,0x32,
  0x22,0x20,0x79,0x31,0x3d,0x22,0x32,0x22,0x20,0x78,0x32,0x3d,0x22,0x31,0x31,0x22,
  0x20,0x79,0x32,0x3d,0x22,0x31,0x33,0x22,0x2f,0x3e,0x3c,0x70,0x6f,0x6c,0x79,0x67,
  0x6f,0x6e,0x20,0x70,0x6f,0x69,0x6e,0x74,0x73,0x3d,0x22,0x32,0x32,0x20,0x32,0x20,
  0x31,0x35,0x20,0x32,0x32,0x20,0x31,0x31,0x20,0x31,0x33,0x20,0x32,0x20,0x39,0x22,
  0x2f,0x3e,0x3c,0x2f,0x73,0x76,0x67,0x3e,0xa,
    // /home/ubuntu/repos/lui/platform/qt/qml/icons/external-link.svg
  0x0,0x0,0x1,0x7d,
  0x3c,
  0x73,0x76,0x67,0x20,0x78,0x6d,0x6c,0x6e,0x73,0x3d,0x22,0x68,0x74,0x74,0x70,0x3a,
  0x2f,0x2f,0x77,0x77,0x77,0x2e,0x77,0x33,0x2e,0x6f,0x72,0x67,0x2f,0x32,0x30,0x30,
  0x30,0x2f,0x73,0x76,0x67,0x22,0x20,0x77,0x69,0x64,0x74,0x68,0x3d,0x22,0x32,0x34,
  0x22,0x20,0x68,0x65,0x69,0x67,0x68,0x74,0x3d,0x22,0x32,0x34,0x22,0x20,0x76,0x69,
  0x65,0x77,0x42,0x6f,0x78,0x3d,0x22,0x30,0x20,0x30,0x20,0x32,0x34,0x20,0x32,0x34,
  0x22,0x20,0x66,0x69,0x6c,0x6c,0x3d,0x22,0x6e,0x6f,0x6e,0x65,0x22,0x20,0x73,0x74,
  0x72,0x6f,0x6b,0x65,0x3d,0x22,0x63,0x75,0x72,0x72,0x65,0x6e,0x74,0x43,0x6f,0x6c,
  0x6f,0x72,0x22,0x20,0x73,0x74,0x72,0x6f,0x6b,0x65,0x2d,0x77,0x69,0x64,0x74,0x68,
  0x3d,0x22,0x32,0x22,0x20,0x73,0x74,0x72,0x6f,0x6b,0x65,0x2d,0x6c,0x69,0x6e,0x65,
  0x63,0x61,0x70,0x3d,0x22,0x72,0x6f,0x75,0x6e,0x64,0x22,0x20,0x73,0x74,0x72,0x6f,
  0x6b,0x65,0x2d,0x6c,0x69,0x6e,0x65,0x6a,0x6f,0x69,0x6e,0x3d,0x22,0x72,0x6f,0x75,
  0x6e,0x64,0x22,0x3e,0x3c,0x70,0x61,0x74,0x68,0x20,0x64,0x3d,0x22,0x4d,0x31,0x31,
  0x20,0x35,0x20,0x48,0x35,0x2e,0x38,0x20,0x41,0x31,0x2e,0x38,0x20,0x31,0x2e,0x38,
  0x20,0x30,0x20,0x30,0x20,0x30,0x20,0x34,0x20,0x36,0x2e,0x38,0x20,0x56,0x31,0x38,
  0x2e,0x32,0x20,0x41,0x31,0x2e,0x38,0x20,0x31,0x2e,0x38,0x20,0x30,0x20,0x30,0x20,
  0x30,0x20,0x35,0x2e,0x38,0x20,0x32,0x30,0x20,0x48,0x31,0x37,0x2e,0x32,0x20,0x41,
  0x31,0x2e,0x38,0x20,0x31,0x2e,0x38,0x20,0x30,0x20,0x30,0x20,0x30,0x20,0x31,0x39,
  0x20,0x31,0x38,0x2e,0x32,0x20,0x56,0x31,0x33,0x22,0x2f,0x3e,0x3c,0x70,0x6f,0x6c,
  0x79,0x6c,0x69,0x6e,0x65,0x20,0x70,0x6f,0x69,0x6e,0x74,0x73,0x3d,0x22,0x31,0x34,
  0x2e,0x35,0x20,0x33,0x2e,0x35,0x20,0x32,0x30,0x2e,0x35,0x20,0x33,0x2e,0x35,0x20,
  0x32,0x30,0x2e,0x35,0x20,0x39,0x2e,0x35,0x22,0x2f,0x3e,0x3c,0x6c,0x69,0x6e,0x65,
  0x20,0x78,0x31,0x3d,0x22,0x31,0x30,0x2e,0x35,0x22,0x20,0x79,0x31,0x3d,0x22,0x31,
  0x33,0x2e,0x35,0x22,0x20,0x78,0x32,0x3d,0x22,0x32,0x30,0x22,0x20,0x79,0x32,0x3d,
  0x22,0x34,0x22,0x2f,0x3e,0x3c,0x2f,0x73,0x76,0x67,0x3e,0xa,
    // /home/ubuntu/repos/lui/platform/qt/qml/icons/folder.svg
  0x0,0x0,0x1,0x3e,
  0x3c,
  0x73,0x76,0x67,0x20,0x78,0x6d,0x6c,0x6e,0x73,0x3d,0x22,0x68,0x74,0x74,0x70,0x3a,
  0x2f,0x2f,0x77,0x77,0x77,0x2e,0x77,0x33,0x2e,0x6f,0x72,0x67,0x2f,0x32,0x30,0x30,
  0x30,0x2f,0x73,0x76,0x67,0x22,0x20,0x77,0x69,0x64,0x74,0x68,0x3d,0x22,0x32,0x34,
  0x22,0x20,0x68,0x65,0x69,0x67,0x68,0x74,0x3d,0x22,0x32,0x34,0x22,0x20,0x76,0x69,
  0x65,0x77,0x42,0x6f,0x78,0x3d,0x22,0x30,0x20,0x30,0x20,0x32,0x34,0x20,0x32,0x34,
  0x22,0x20,0x66,0x69,0x6c,0x6c,0x3d,0x22,0x6e,0x6f,0x6e,0x65,0x22,0x20,0x73,0x74,
  0x72,0x6f,0x6b,0x65,0x3d,0x22,0x63,0x75,0x72,0x72,0x65,0x6e,0x74,0x43,0x6f,0x6c,
  0x6f,0x72,0x22,0x20,0x73,0x74,0x72,0x6f,0x6b,0x65,0x2d,0x77,0x69,0x64,0x74,0x68,
  0x3d,0x22,0x32,0x22,0x20,0x73,0x74,0x72,0x6f,0x6b,0x65,0x2d,0x6c,0x69,0x6e,0x65,
  0x63,0x61,0x70,0x3d,0x22,0x72,0x6f,0x75,0x6e,0x64,0x22,0x20,0x73,0x74,0x72,0x6f,
  0x6b,0x65,0x2d,0x6c,0x69,0x6e,0x65,0x6a,0x6f,0x69,0x6e,0x3d,0x22,0x72,0x6f,0x75,
  0x6e,0x64,0x22,0x3e,0x3c,0x70,0x61,0x74,0x68,0x20,0x64,0x3d,0x22,0x4d,0x32,0x30,
  0x20,0x32,0x30,0x61,0x32,0x20,0x32,0x20,0x30,0x20,0x30,0x20,0x30,0x20,0x32,0x2d,
  0x32,0x56,0x38,0x61,0x32,0x20,0x32,0x20,0x30,0x20,0x30,0x20,0x30,0x2d,0x32,0x2d,
  0x32,0x68,0x2d,0x37,0x2e,0x39,0x61,0x32,0x20,0x32,0x20,0x30,0x20,0x30,0x20,0x31,
  0x2d,0x31,0x2e,0x36,0x39,0x2d,0x2e,0x39,0x4c,0x39,0x2e,0x36,0x20,0x33,0x2e,0x39,
  0x41,0x32,0x20,0x32,0x20,0x30,0x20,0x30,0x20,0x30,0x20,0x37,0x2e,0x39,0x33,0x20,
  0x33,0x48,0x34,0x61,0x32,0x20,0x32,0x20,0x30,0x20,0x30,0x20,0x30,0x2d,0x32,0x20,
  0x32,0x76,0x31,0x33,0x61,0x32,0x20,0x32,0x20,0x30,0x20,0x30,0x20,0x30,0x20,0x32,
  0x20,0x32,0x5a,0x22,0x2f,0x3e,0x3c,0x2f,0x73,0x76,0x67,0x3e,0xa,
    // /home/ubuntu/repos/lui/platform/qt/qml/icons/panel-left.svg
  0x0,0x0,0x1,0x11,
  0x3c,
  0x73,0x76,0x67,0x20,0x78,0x6d,0x6c,0x6e,0x73,0x3d,0x22,0x68,0x74,0x74,0x70,0x3a,
  0x2f,0x2f,0x77,0x77,0x77,0x2e,0x77,0x33,0x2e,0x6f,0x72,0x67,0x2f,0x32,0x30,0x30,
  0x30,0x2f,0x73,0x76,0x67,0x22,0x20,0x77,0x69,0x64,0x74,0x68,0x3d,0x22,0x32,0x34,
  0x22,0x20,0x68,0x65,0x69,0x67,0x68,0x74,0x3d,0x22,0x32,0x34,0x22,0x20,0x76,0x69,
  0x65,0x77,0x42,0x6f,0x78,0x3d,0x22,0x30,0x20,0x30,0x20,0x32,0x34,0x20,0x32,0x34,
  0x22,0x20,0x66,0x69,0x6c,0x6c,0x3d,0x22,0x6e,0x6f,0x6e,0x65,0x22,0x20,0x73,0x74,
  0x72,0x6f,0x6b,0x65,0x3d,0x22,0x63,0x75,0x72,0x72,0x65,0x6e,0x74,0x43,0x6f,0x6c,
  0x6f,0x72,0x22,0x20,0x73,0x74,0x72,0x6f,0x6b,0x65,0x2d,0x77,0x69,0x64,0x74,0x68,
  0x3d,0x22,0x32,0x22,0x20,0x73,0x74,0x72,0x6f,0x6b,0x65,0x2d,0x6c,0x69,0x6e,0x65,
  0x63,0x61,0x70,0x3d,0x22,0x72,0x6f,0x75,0x6e,0x64,0x22,0x20,0x73,0x74,0x72,0x6f,
  0x6b,0x65,0x2d,0x6c,0x69,0x6e,0x65,0x6a,0x6f,0x69,0x6e,0x3d,0x22,0x72,0x6f,0x75,
  0x6e,0x64,0x22,0x3e,0x3c,0x72,0x65,0x63,0x74,0x20,0x78,0x3d,0x22,0x33,0x22,0x20,
  0x79,0x3d,0x22,0x33,0x22,0x20,0x77,0x69,0x64,0x74,0x68,0x3d,0x22,0x31,0x38,0x22,
  0x20,0x68,0x65,0x69,0x67,0x68,0x74,0x3d,0x22,0x31,0x38,0x22,0x20,0x72,0x78,0x3d,
  0x22,0x32,0x22,0x2f,0x3e,0x3c,0x6c,0x69,0x6e,0x65,0x20,0x78,0x31,0x3d,0x22,0x39,
  0x22,0x20,0x79,0x31,0x3d,0x22,0x33,0x22,0x20,0x78,0x32,0x3d,0x22,0x39,0x22,0x20,
  0x79,0x32,0x3d,0x22,0x32,0x31,0x22,0x2f,0x3e,0x3c,0x2f,0x73,0x76,0x67,0x3e,0xa,
  
    // /home/ubuntu/repos/lui/platform/qt/qml/icons/chevron-down.svg
  0x0,0x0,0x0,0xe5,
  0x3c,
  0x73,0x76,0x67,0x20,0x78,0x6d,0x6c,0x6e,0x73,0x3d,0x22,0x68,0x74,0x74,0x70,0x3a,
  0x2f,0x2f,0x77,0x77,0x77,0x2e,0x77,0x33,0x2e,0x6f,0x72,0x67,0x2f,0x32,0x30,0x30,
  0x30,0x2f,0x73,0x76,0x67,0x22,0x20,0x77,0x69,0x64,0x74,0x68,0x3d,0x22,0x32,0x34,
  0x22,0x20,0x68,0x65,0x69,0x67,0x68,0x74,0x3d,0x22,0x32,0x34,0x22,0x20,0x76,0x69,
  0x65,0x77,0x42,0x6f,0x78,0x3d,0x22,0x30,0x20,0x30,0x20,0x32,0x34,0x20,0x32,0x34,
  0x22,0x20,0x66,0x69,0x6c,0x6c,0x3d,0x22,0x6e,0x6f,0x6e,0x65,0x22,0x20,0x73,0x74,
  0x72,0x6f,0x6b,0x65,0x3d,0x22,0x63,0x75,0x72,0x72,0x65,0x6e,0x74,0x43,0x6f,0x6c,
  0x6f,0x72,0x22,0x20,0x73,0x74,0x72,0x6f,0x6b,0x65,0x2d,0x77,0x69,0x64,0x74,0x68,
  0x3d,0x22,0x32,0x22,0x20,0x73,0x74,0x72,0x6f,0x6b,0x65,0x2d,0x6c,0x69,0x6e,0x65,
  0x63,0x61,0x70,0x3d,0x22,0x72,0x6f,0x75,0x6e,0x64,0x22,0x20,0x73,0x74,0x72,0x6f,
  0x6b,0x65,0x2d,0x6c,0x69,0x6e,0x65,0x6a,0x6f,0x69,0x6e,0x3d,0x22,0x72,0x6f,0x75,
  0x6e,0x64,0x22,0x3e,0x3c,0x70,0x6f,0x6c,0x79,0x6c,0x69,0x6e,0x65,0x20,0x70,0x6f,
  0x69,0x6e,0x74,0x73,0x3d,0x22,0x36,0x20,0x39,0x2e,0x35,0x20,0x31,0x32,0x20,0x31,
  0x35,0x2e,0x35,0x20,0x31,0x38,0x20,0x39,0x2e,0x35,0x22,0x2f,0x3e,0x3c,0x2f,0x73,
  0x76,0x67,0x3e,0xa,
    // /home/ubuntu/repos/lui/platform/qt/qml/icons/pause.svg
  0x0,0x0,0x1,0x6,
  0x3c,
  0x73,0x76,0x67,0x20,0x78,0x6d,0x6c,0x6e,0x73,0x3d,0x22,0x68,0x74,0x74,0x70,0x3a,
  0x2f,0x2f,0x77,0x77,0x77,0x2e,0x77,0x33,0x2e,0x6f,0x72,0x67,0x2f,0x32,0x30,0x30,
  0x30,0x2f,0x73,0x76,0x67,0x22,0x20,0x77,0x69,0x64,0x74,0x68,0x3d,0x22,0x32,0x34,
  0x22,0x20,0x68,0x65,0x69,0x67,0x68,0x74,0x3d,0x22,0x32,0x34,0x22,0x20,0x76,0x69,
  0x65,0x77,0x42,0x6f,0x78,0x3d,0x22,0x30,0x20,0x30,0x20,0x32,0x34,0x20,0x32,0x34,
  0x22,0x20,0x66,0x69,0x6c,0x6c,0x3d,0x22,0x6e,0x6f,0x6e,0x65,0x22,0x20,0x73,0x74,
  0x72,0x6f,0x6b,0x65,0x3d,0x22,0x63,0x75,0x72,0x72,0x65,0x6e,0x74,0x43,0x6f,0x6c,
  0x6f,0x72,0x22,0x20,0x73,0x74,0x72,0x6f,0x6b,0x65,0x2d,0x77,0x69,0x64,0x74,0x68,
  0x3d,0x22,0x32,0x22,0x20,0x73,0x74,0x72,0x6f,0x6b,0x65,0x2d,0x6c,0x69,0x6e,0x65,
  0x63,0x61,0x70,0x3d,0x22,0x72,0x6f,0x75,0x6e,0x64,0x22,0x20,0x73,0x74,0x72,0x6f,
  0x6b,0x65,0x2d,0x6c,0x69,0x6e,0x65,0x6a,0x6f,0x69,0x6e,0x3d,0x22,0x72,0x6f,0x75,
  0x6e,0x64,0x22,0x3e,0x3c,0x6c,0x69,0x6e,0x65,0x20,0x78,0x31,0x3d,0x22,0x39,0x22,
  0x20,0x79,0x31,0x3d,0x22,0x35,0x22,0x20,0x78,0x32,0x3d,0x22,0x39,0x22,0x20,0x79,
  0x32,0x3d,0x22,0x31,0x39,0x22,0x2f,0x3e,0x3c,0x6c,0x69,0x6e,0x65,0x20,0x78,0x31,
  0x3d,0x22,0x31,0x35,0x22,0x20,0x79,0x31,0x3d,0x22,0x35,0x22,0x20,0x78,0x32,0x3d,
  0x22,0x31,0x35,0x22,0x20,0x79,0x32,0x3d,0x22,0x31,0x39,0x22,0x2f,0x3e,0x3c,0x2f,
  0x73,0x76,0x67,0x3e,0xa,
    // /home/ubuntu/repos/lui/platform/qt/qml/icons/settings.svg
  0x0,0x0,0x2,0x6a,
  0x3c,
  0x73,0x76,0x67,0x20,0x78,0x6d,0x6c,0x6e,0x73,0x3d,0x22,0x68,0x74,0x74,0x70,0x3a,
  0x2f,0x2f,0x77,0x77,0x77,0x2e,0x77,0x33,0x2e,0x6f,0x72,0x67,0x2f,0x32,0x30,0x30,
  0x30,0x2f,0x73,0x76,0x67,0x22,0x20,0x77,0x69,0x64,0x74,0x68,0x3d,0x22,0x32,0x34,
  0x22,0x20,0x68,0x65,0x69,0x67,0x68,0x74,0x3d,0x22,0x32,0x34,0x22,0x20,0x76,0x69,
  0x65,0x77,0x42,0x6f,0x78,0x3d,0x22,0x30,0x20,0x30,0x20,0x32,0x34,0x20,0x32,0x34,
  0x22,0x20,0x66,0x69,0x6c,0x6c,0x3d,0x22,0x6e,0x6f,0x6e,0x65,0x22,0x20,0x73,0x74,
  0x72,0x6f,0x6b,0x65,0x3d,0x22,0x63,0x75,0x72,0x72,0x65,0x6e,0x74,0x43,0x6f,0x6c,
  0x6f,0x72,0x22,0x20,0x73,0x74,0x72,0x6f,0x6b,0x65,0x2d,0x77,0x69,0x64,0x74,0x68,
  0x3d,0x22,0x32,0x22,0x20,0x73,0x74,0x72,0x6f,0x6b,0x65,0x2d,0x6c,0x69,0x6e,0x65,
  0x63,0x61,0x70,0x3d,0x22,0x72,0x6f,0x75,0x6e,0x64,0x22,0x20,0x73,0x74,0x72,0x6f,
  0x6b,0x65,0x2d,0x6c,0x69,0x6e,0x65,0x6a,0x6f,0x69,0x6e,0x3d,0x22,0x72,0x6f,0x75,
  0x6e,0x64,0x22,0x3e,0x3c,0x63,0x69,0x72,0x63,0x6c,0x65,0x20,0x63,0x78,0x3d,0x22,
  0x31,0x32,0x22,0x20,0x63,0x79,0x3d,0x22,0x31,0x32,0x22,0x20,0x72,0x3d,0x22,0x36,
  0x2e,0x38,0x22,0x2f,0x3e,0x3c,0x63,0x69,0x72,0x63,0x6c,0x65,0x20,0x63,0x78,0x3d,
  0x22,0x31,0x32,0x22,0x20,0x63,0x79,0x3d,0x22,0x31,0x32,0x22,0x20,0x72,0x3d,0x22,
  0x32,0x2e,0x36,0x22,0x2f,0x3e,0x3c,0x6c,0x69,0x6e,0x65,0x20,0x78,0x31,0x3d,0x22,
  0x31,0x38,0x2e,0x38,0x22,0x20,0x79,0x31,0x3d,0x22,0x31,0x32,0x22,0x20,0x78,0x32,
  0x3d,0x22,0x32,0x31,0x2e,0x34,0x22,0x20,0x79,0x32,0x3d,0x22,0x31,0x32,0x22,0x2f,
  0x3e,0x3c,0x6c,0x69,0x6e,0x65,0x20,0x78,0x31,0x3d,0x22,0x32,0x2e,0x36,0x22,0x20,
  0x79,0x31,0x3d,0x22,0x31,0x32,0x22,0x20,0x78,0x32,0x3d,0x22,0x35,0x2e,0x32,0x22,
  0x20,0x79,0x32,0x3d,0x22,0x31,0x32,0x22,0x2f,0x3e,0x3c,0x6c,0x69,0x6e,0x65,0x20,
  0x78,0x31,0x3d,0x22,0x31,0x32,0x22,0x20,0x79,0x31,0x3d,0x22,0x31,0x38,0x2e,0x38,
  0x22,0x20,0x78,0x32,0x3d,0x22,0x31,0x32,0x22,0x20,0x79,0x32,0x3d,0x22,0x32,0x31,
  0x2e,0x34,0x22,0x2f,0x3e,0x3c,0x6c,0x69,0x6e,0x65,0x20,0x78,0x31,0x3d,0x22,0x31,
  0x32,0x22,0x20,0x79,0x31,0x3d,0x22,0x32,0x2e,0x36,0x22,0x20,0x78,0x32,0x3d,0x22,
  0x31,0x32,0x22,0x20,0x79,0x32,0x3d,0x22,0x35,0x2e,0x32,0x22,0x2f,0x3e,0x3c,0x6c,
  0x69,0x6e,0x65,0x20,0x78,0x31,0x3d,0x22,0x31,0x36,0x2e,0x38,0x31,0x22,0x20,0x79,
  0x31,0x3d,0x22,0x31,0x36,0x2e,0x38,0x31,0x22,0x20,0x78,0x32,0x3d,0x22,0x31,0x38,
  0x2e,0x36,0x35,0x22,0x20,0x79,0x32,0x3d,0x22,0x31,0x38,0x2e,0x36,0x35,0x22,0x2f,
  0x3e,0x3c,0x6c,0x69,0x6e,0x65,0x20,0x78,0x31,0x3d,0x22,0x35,0x2e,0x33,0x35,0x22,
  0x20,0x79,0x31,0x3d,0x22,0x35,0x2e,0x33,0x35,0x22,0x20,0x78,0x32,0x3d,0x22,0x37,
  0x2e,0x31,0x39,0x22,0x20,0x79,0x32,0x3d,0x22,0x37,0x2e,0x31,0x39,0x22,0x2f,0x3e,
  0x3c,0x6c,0x69,0x6e,0x65,0x20,0x78,0x31,0x3d,0x22,0x31,0x36,0x2e,0x38,0x31,0x22,
  0x20,0x79,0x31,0x3d,0x22,0x37,0x2e,0x31,0x39,0x22,0x20,0x78,0x32,0x3d,0x22,0x31,
  0x38,0x2e,0x36,0x35,0x22,0x20,0x79,0x32,0x3d,0x22,0x35,0x2e,0x33,0x35,0x22,0x2f,
  0x3e,0x3c,0x6c,0x69,0x6e,0x65,0x20,0x78,0x31,0x3d,0x22,0x35,0x2e,0x33,0x35,0x22,
  0x20,0x79,0x31,0x3d,0x22,0x31,0x38,0x2e,0x36,0x35,0x22,0x20,0x78,0x32,0x3d,0x22,
  0x37,0x2e,0x31,0x39,0x22,0x20,0x79,0x32,0x3d,0x22,0x31,0x36,0x2e,0x38,0x31,0x22,
  0x2f,0x3e,0x3c,0x2f,0x73,0x76,0x67,0x3e,0xa,
    // /home/ubuntu/repos/lui/platform/qt/qml/icons/edit.svg
  0x0,0x0,0x1,0x41,
  0x3c,
  0x73,0x76,0x67,0x20,0x78,0x6d,0x6c,0x6e,0x73,0x3d,0x22,0x68,0x74,0x74,0x70,0x3a,
  0x2f,0x2f,0x77,0x77,0x77,0x2e,0x77,0x33,0x2e,0x6f,0x72,0x67,0x2f,0x32,0x30,0x30,
  0x30,0x2f,0x73,0x76,0x67,0x22,0x20,0x77,0x69,0x64,0x74,0x68,0x3d,0x22,0x32,0x34,
  0x22,0x20,0x68,0x65,0x69,0x67,0x68,0x74,0x3d,0x22,0x32,0x34,0x22,0x20,0x76,0x69,
  0x65,0x77,0x42,0x6f,0x78,0x3d,0x22,0x30,0x20,0x30,0x20,0x32,0x34,0x20,0x32,0x34,
  0x22,0x20,0x66,0x69,0x6c,0x6c,0x3d,0x22,0x6e,0x6f,0x6e,0x65,0x22,0x20,0x73,0x74,
  0x72,0x6f,0x6b,0x65,0x3d,0x22,0x63,0x75,0x72,0x72,0x65,0x6e,0x74,0x43,0x6f,0x6c,
  0x6f,0x72,0x22,0x20,0x73,0x74,0x72,0x6f,0x6b,0x65,0x2d,0x77,0x69,0x64,0x74,0x68,
  0x3d,0x22,0x32,0x22,0x20,0x73,0x74,0x72,0x6f,0x6b,0x65,0x2d,0x6c,0x69,0x6e,0x65,
  0x63,0x61,0x70,0x3d,0x22,0x72,0x6f,0x75,0x6e,0x64,0x22,0x20,0x73,0x74,0x72,0x6f,
  0x6b,0x65,0x2d,0x6c,0x69,0x6e,0x65,0x6a,0x6f,0x69,0x6e,0x3d,0x22,0x72,0x6f,0x75,
  0x6e,0x64,0x22,0x3e,0x3c,0x70,0x61,0x74,0x68,0x20,0x64,0x3d,0x22,0x4d,0x34,0x2e,
  0x35,0x20,0x31,0x39,0x2e,0x35,0x20,0x6c,0x30,0x2e,0x39,0x20,0x2d,0x34,0x2e,0x32,
  0x20,0x4c,0x31,0x36,0x2e,0x36,0x20,0x34,0x2e,0x31,0x20,0x61,0x32,0x2e,0x30,0x35,
  0x20,0x32,0x2e,0x30,0x35,0x20,0x30,0x20,0x30,0x20,0x31,0x20,0x32,0x2e,0x39,0x20,
  0x32,0x2e,0x39,0x20,0x4c,0x38,0x2e,0x33,0x20,0x31,0x38,0x2e,0x32,0x20,0x6c,0x2d,
  0x33,0x2e,0x38,0x20,0x31,0x2e,0x33,0x20,0x5a,0x22,0x2f,0x3e,0x3c,0x6c,0x69,0x6e,
  0x65,0x20,0x78,0x31,0x3d,0x22,0x31,0x34,0x2e,0x35,0x22,0x20,0x79,0x31,0x3d,0x22,
  0x36,0x2e,0x32,0x22,0x20,0x78,0x32,0x3d,0x22,0x31,0x37,0x2e,0x34,0x22,0x20,0x79,
  0x32,0x3d,0x22,0x39,0x2e,0x31,0x22,0x2f,0x3e,0x3c,0x2f,0x73,0x76,0x67,0x3e,0xa,
  
    // /home/ubuntu/repos/lui/platform/qt/qml/icons/trash.svg
  0x0,0x0,0x1,0xb0,
  0x3c,
  0x73,0x76,0x67,0x20,0x78,0x6d,0x6c,0x6e,0x73,0x3d,0x22,0x68,0x74,0x74,0x70,0x3a,
  0x2f,0x2f,0x77,0x77,0x77,0x2e,0x77,0x33,0x2e,0x6f,0x72,0x67,0x2f,0x32,0x30,0x30,
  0x30,0x2f,0x73,0x76,0x67,0x22,0x20,0x77,0x69,0x64,0x74,0x68,0x3d,0x22,0x32,0x34,
  0x22,0x20,0x68,0x65,0x69,0x67,0x68,0x74,0x3d,0x22,0x32,0x34,0x22,0x20,0x76,0x69,
  0x65,0x77,0x42,0x6f,0x78,0x3d,0x22,0x30,0x20,0x30,0x20,0x32,0x34,0x20,0x32,0x34,
  0x22,0x20,0x66,0x69,0x6c,0x6c,0x3d,0x22,0x6e,0x6f,0x6e,0x65,0x22,0x20,0x73,0x74,
  0x72,0x6f,0x6b,0x65,0x3d,0x22,0x63,0x75,0x72,0x72,0x65,0x6e,0x74,0x43,0x6f,0x6c,
  0x6f,0x72,0x22,0x20,0x73,0x74,0x72,0x6f,0x6b,0x65,0x2d,0x77,0x69,0x64,0x74,0x68,
  0x3d,0x22,0x32,0x22,0x20,0x73,0x74,0x72,0x6f,0x6b,0x65,0x2d,0x6c,0x69,0x6e,0x65,
  0x63,0x61,0x70,0x3d,0x22,0x72,0x6f,0x75,0x6e,0x64,0x22,0x20,0x73,0x74,0x72,0x6f,
  0x6b,0x65,0x2d,0x6c,0x69,0x6e,0x65,0x6a,0x6f,0x69,0x6e,0x3d,0x22,0x72,0x6f,0x75,
  0x6e,0x64,0x22,0x3e,0x3c,0x6c,0x69,0x6e,0x65,0x20,0x78,0x31,0x3d,0x22,0x34,0x22,
  0x20,0x79,0x31,0x3d,0x22,0x37,0x22,0x20,0x78,0x32,0x3d,0x22,0x32,0x30,0x22,0x20,
  0x79,0x32,0x3d,0x22,0x37,0x22,0x2f,0x3e,0x3c,0x70,0x61,0x74,0x68,0x20,0x64,0x3d,
  0x22,0x4d,0x39,0x20,0x37,0x20,0x56,0x35,0x20,0x61,0x31,0x20,0x31,0x20,0x30,0x20,
  0x30,0x20,0x31,0x20,0x31,0x20,0x2d,0x31,0x20,0x68,0x34,0x20,0x61,0x31,0x20,0x31,
  0x20,0x30,0x20,0x30,0x20,0x31,0x20,0x31,0x20,0x31,0x20,0x76,0x32,0x22,0x2f,0x3e,
  0x3c,0x70,0x61,0x74,0x68,0x20,0x64,0x3d,0x22,0x4d,0x36,0x2e,0x32,0x20,0x37,0x20,
  0x6c,0x31,0x20,0x31,0x32,0x2e,0x32,0x20,0x61,0x32,0x20,0x32,0x20,0x30,0x20,0x30,
  0x20,0x30,0x20,0x32,0x20,0x31,0x2e,0x38,0x20,0x68,0x35,0x2e,0x36,0x20,0x61,0x32,
  0x20,0x32,0x20,0x30,0x20,0x30,0x20,0x30,0x20,0x32,0x20,0x2d,0x31,0x2e,0x38,0x20,
  0x4c,0x31,0x37,0x2e,0x38,0x20,0x37,0x22,0x2f,0x3e,0x3c,0x6c,0x69,0x6e,0x65,0x20,
  0x78,0x31,0x3d,0x22,0x31,0x30,0x22,0x20,0x79,0x31,0x3d,0x22,0x31,0x31,0x22,0x20,
  0x78,0x32,0x3d,0x22,0x31,0x30,0x22,0x20,0x79,0x32,0x3d,0x22,0x31,0x37,0x22,0x2f,
  0x3e,0x3c,0x6c,0x69,0x6e,0x65,0x20,0x78,0x31,0x3d,0x22,0x31,0x34,0x22,0x20,0x79,
  0x31,0x3d,0x22,0x31,0x31,0x22,0x20,0x78,0x32,0x3d,0x22,0x31,0x34,0x22,0x20,0x79,
  0x32,0x3d,0x22,0x31,0x37,0x22,0x2f,0x3e,0x3c,0x2f,0x73,0x76,0x67,0x3e,0xa,
    // /home/ubuntu/repos/lui/platform/qt/qml/icons/repeat.svg
  0x0,0x0,0x1,0x37,
  0x3c,
  0x73,0x76,0x67,0x20,0x78,0x6d,0x6c,0x6e,0x73,0x3d,0x22,0x68,0x74,0x74,0x70,0x3a,
  0x2f,0x2f,0x77,0x77,0x77,0x2e,0x77,0x33,0x2e,0x6f,0x72,0x67,0x2f,0x32,0x30,0x30,
  0x30,0x2f,0x73,0x76,0x67,0x22,0x20,0x77,0x69,0x64,0x74,0x68,0x3d,0x22,0x32,0x34,
  0x22,0x20,0x68,0x65,0x69,0x67,0x68,0x74,0x3d,0x22,0x32,0x34,0x22,0x20,0x76,0x69,
  0x65,0x77,0x42,0x6f,0x78,0x3d,0x22,0x30,0x20,0x30,0x20,0x32,0x34,0x20,0x32,0x34,
  0x22,0x20,0x66,0x69,0x6c,0x6c,0x3d,0x22,0x6e,0x6f,0x6e,0x65,0x22,0x20,0x73,0x74,
  0x72,0x6f,0x6b,0x65,0x3d,0x22,0x63,0x75,0x72,0x72,0x65,0x6e,0x74,0x43,0x6f,0x6c,
  0x6f,0x72,0x22,0x20,0x73,0x74,0x72,0x6f,0x6b,0x65,0x2d,0x77,0x69,0x64,0x74,0x68,
  0x3d,0x22,0x32,0x22,0x20,0x73,0x74,0x72,0x6f,0x6b,0x65,0x2d,0x6c,0x69,0x6e,0x65,
  0x63,0x61,0x70,0x3d,0x22,0x72,0x6f,0x75,0x6e,0x64,0x22,0x20,0x73,0x74,0x72,0x6f,
  0x6b,0x65,0x2d,0x6c,0x69,0x6e,0x65,0x6a,0x6f,0x69,0x6e,0x3d,0x22,0x72,0x6f,0x75,
  0x6e,0x64,0x22,0x3e,0x3c,0x70,0x61,0x74,0x68,0x20,0x64,0x3d,0x22,0x6d,0x31,0x37,
  0x20,0x32,0x20,0x34,0x20,0x34,0x2d,0x34,0x20,0x34,0x22,0x2f,0x3e,0x3c,0x70,0x61,
  0x74,0x68,0x20,0x64,0x3d,0x22,0x4d,0x33,0x20,0x31,0x31,0x76,0x2d,0x31,0x61,0x34,
  0x20,0x34,0x20,0x30,0x20,0x30,0x20,0x31,0x20,0x34,0x2d,0x34,0x68,0x31,0x34,0x22,
  0x2f,0x3e,0x3c,0x70,0x61,0x74,0x68,0x20,0x64,0x3d,0x22,0x6d,0x37,0x20,0x32,0x32,
  0x2d,0x34,0x2d,0x34,0x20,0x34,0x2d,0x34,0x22,0x2f,0x3e,0x3c,0x70,0x61,0x74,0x68,
  0x20,0x64,0x3d,0x22,0x4d,0x32,0x31,0x20,0x31,0x33,0x76,0x31,0x61,0x34,0x20,0x34,
  0x20,0x30,0x20,0x30,0x20,0x31,0x2d,0x34,0x20,0x34,0x48,0x33,0x22,0x2f,0x3e,0x3c,
  0x2f,0x73,0x76,0x67,0x3e,0xa,
    // /home/ubuntu/repos/lui/platform/qt/qml/icons/check-circle.svg
  0x0,0x0,0x0,0xf5,
  0x3c,
  0x73,0x76,0x67,0x20,0x78,0x6d,0x6c,0x6e,0x73,0x3d,0x22,0x68,0x74,0x74,0x70,0x3a,
  0x2f,0x2f,0x77,0x77,0x77,0x2e,0x77,0x33,0x2e,0x6f,0x72,0x67,0x2f,0x32,0x30,0x30,
  0x30,0x2f,0x73,0x76,0x67,0x22,0x20,0x77,0x69,0x64,0x74,0x68,0x3d,0x22,0x32,0x34,
  0x22,0x20,0x68,0x65,0x69,0x67,0x68,0x74,0x3d,0x22,0x32,0x34,0x22,0x20,0x76,0x69,
  0x65,0x77,0x42,0x6f,0x78,0x3d,0x22,0x30,0x20,0x30,0x20,0x32,0x34,0x20,0x32,0x34,
  0x22,0x20,0x66,0x69,0x6c,0x6c,0x3d,0x22,0x6e,0x6f,0x6e,0x65,0x22,0x20,0x73,0x74,
  0x72,0x6f,0x6b,0x65,0x3d,0x22,0x63,0x75,0x72,0x72,0x65,0x6e,0x74,0x43,0x6f,0x6c,
  0x6f,0x72,0x22,0x20,0x73,0x74,0x72,0x6f,0x6b,0x65,0x2d,0x77,0x69,0x64,0x74,0x68,
  0x3d,0x22,0x32,0x22,0x20,0x73,0x74,0x72,0x6f,0x6b,0x65,0x2d,0x6c,0x69,0x6e,0x65,
  0x63,0x61,0x70,0x3d,0x22,0x72,0x6f,0x75,0x6e,0x64,0x22,0x20,0x73,0x74,0x72,0x6f,
  0x6b,0x65,0x2d,0x6c,0x69,0x6e,0x65,0x6a,0x6f,0x69,0x6e,0x3d,0x22,0x72,0x6f,0x75,
  0x6e,0x64,0x22,0x3e,0x3c,0x63,0x69,0x72,0x63,0x6c,0x65,0x20,0x63,0x78,0x3d,0x22,
  0x31,0x32,0x22,0x20,0x63,0x79,0x3d,0x22,0x31,0x32,0x22,0x20,0x72,0x3d,0x22,0x31,
  0x30,0x22,0x2f,0x3e,0x3c,0x70,0x61,0x74,0x68,0x20,0x64,0x3d,0x22,0x4d,0x39,0x20,
  0x31,0x32,0x6c,0x32,0x20,0x32,0x20,0x34,0x2d,0x34,0x22,0x2f,0x3e,0x3c,0x2f,0x73,
  0x76,0x67,0x3e,0xa,
    // /home/ubuntu/repos/lui/platform/qt/qml/icons/ellipsis.svg
  0x0,0x0,0x1,0x18,
  0x3c,
  0x73,0x76,0x67,0x20,0x78,0x6d,0x6c,0x6e,0x73,0x3d,0x22,0x68,0x74,0x74,0x70,0x3a,
  0x2f,0x2f,0x77,0x77,0x77,0x2e,0x77,0x33,0x2e,0x6f,0x72,0x67,0x2f,0x32,0x30,0x30,
  0x30,0x2f,0x73,0x76,0x67,0x22,0x20,0x77,0x69,0x64,0x74,0x68,0x3d,0x22,0x32,0x34,
  0x22,0x20,0x68,0x65,0x69,0x67,0x68,0x74,0x3d,0x22,0x32,0x34,0x22,0x20,0x76,0x69,
  0x65,0x77,0x42,0x6f,0x78,0x3d,0x22,0x30,0x20,0x30,0x20,0x32,0x34,0x20,0x32,0x34,
  0x22,0x20,0x66,0x69,0x6c,0x6c,0x3d,0x22,0x6e,0x6f,0x6e,0x65,0x22,0x20,0x73,0x74,
  0x72,0x6f,0x6b,0x65,0x3d,0x22,0x63,0x75,0x72,0x72,0x65,0x6e,0x74,0x43,0x6f,0x6c,
  0x6f,0x72,0x22,0x20,0x73,0x74,0x72,0x6f,0x6b,0x65,0x2d,0x77,0x69,0x64,0x74,0x68,
  0x3d,0x22,0x32,0x22,0x20,0x73,0x74,0x72,0x6f,0x6b,0x65,0x2d,0x6c,0x69,0x6e,0x65,
  0x63,0x61,0x70,0x3d,0x22,0x72,0x6f,0x75,0x6e,0x64,0x22,0x20,0x73,0x74,0x72,0x6f,
  0x6b,0x65,0x2d,0x6c,0x69,0x6e,0x65,0x6a,0x6f,0x69,0x6e,0x3d,0x22,0x72,0x6f,0x75,
  0x6e,0x64,0x22,0x3e,0x3c,0x63,0x69,0x72,0x63,0x6c,0x65,0x20,0x63,0x78,0x3d,0x22,
  0x31,0x32,0x22,0x20,0x63,0x79,0x3d,0x22,0x31,0x32,0x22,0x20,0x72,0x3d,0x22,0x31,
  0x22,0x2f,0x3e,0x3c,0x63,0x69,0x72,0x63,0x6c,0x65,0x20,0x63,0x78,0x3d,0x22,0x31,
  0x39,0x22,0x20,0x63,0x79,0x3d,0x22,0x31,0x32,0x22,0x20,0x72,0x3d,0x22,0x31,0x22,
  0x2f,0x3e,0x3c,0x63,0x69,0x72,0x63,0x6c,0x65,0x20,0x63,0x78,0x3d,0x22,0x35,0x22,
  0x20,0x63,0x79,0x3d,0x22,0x31,0x32,0x22,0x20,0x72,0x3d,0x22,0x31,0x22,0x2f,0x3e,
  0x3c,0x2f,0x73,0x76,0x67,0x3e,0xa,
    // /home/ubuntu/repos/lui/platform/qt/qml/icons/folder-open.svg
  0x0,0x0,0x1,0x7b,
  0x3c,
  0x73,0x76,0x67,0x20,0x78,0x6d,0x6c,0x6e,0x73,0x3d,0x22,0x68,0x74,0x74,0x70,0x3a,
  0x2f,0x2f,0x77,0x77,0x77,0x2e,0x77,0x33,0x2e,0x6f,0x72,0x67,0x2f,0x32,0x30,0x30,
  0x30,0x2f,0x73,0x76,0x67,0x22,0x20,0x77,0x69,0x64,0x74,0x68,0x3d,0x22,0x32,0x34,
  0x22,0x20,0x68,0x65,0x69,0x67,0x68,0x74,0x3d,0x22,0x32,0x34,0x22,0x20,0x76,0x69,
  0x65,0x77,0x42,0x6f,0x78,0x3d,0x22,0x30,0x20,0x30,0x20,0x32,0x34,0x20,0x32,0x34,
  0x22,0x20,0x66,0x69,0x6c,0x6c,0x3d,0x22,0x6e,0x6f,0x6e,0x65,0x22,0x20,0x73,0x74,
  0x72,0x6f,0x6b,0x65,0x3d,0x22,0x63,0x75,0x72,0x72,0x65,0x6e,0x74,0x43,0x6f,0x6c,
  0x6f,0x72,0x22,0x20,0x73,0x74,0x72,0x6f,0x6b,0x65,0x2d,0x77,0x69,0x64,0x74,0x68,
  0x3d,0x22,0x32,0x22,0x20,0x73,0x74,0x72,0x6f,0x6b,0x65,0x2d,0x6c,0x69,0x6e,0x65,
  0x63,0x61,0x70,0x3d,0x22,0x72,0x6f,0x75,0x6e,0x64,0x22,0x20,0x73,0x74,0x72,0x6f,
  0x6b,0x65,0x2d,0x6c,0x69,0x6e,0x65,0x6a,0x6f,0x69,0x6e,0x3d,0x22,0x72,0x6f,0x75,
  0x6e,0x64,0x22,0x3e,0x3c,0x70,0x61,0x74,0x68,0x20,0x64,0x3d,0x22,0x6d,0x36,0x20,
  0x31,0x34,0x20,0x31,0x2e,0x34,0x35,0x2d,0x32,0x2e,0x39,0x41,0x32,0x20,0x32,0x20,
  0x30,0x20,0x30,0x20,0x31,0x20,0x39,0x2e,0x32,0x34,0x20,0x31,0x30,0x48,0x32,0x30,
  0x61,0x32,0x20,0x32,0x20,0x30,0x20,0x30,0x20,0x31,0x20,0x31,0x2e,0x39,0x34,0x20,
  0x32,0x2e,0x35,0x6c,0x2d,0x31,0x2e,0x35,0x35,0x20,0x36,0x61,0x32,0x20,0x32,0x20,
  0x30,0x20,0x30,0x20,0x31,0x2d,0x31,0x2e,0x39,0x34,0x20,0x31,0x2e,0x35,0x48,0x34,
  0x61,0x32,0x20,0x32,0x20,0x30,0x20,0x30,0x20,0x31,0x2d,0x32,0x2d,0x32,0x56,0x35,
  0x61,0x32,0x20,0x32,0x20,0x30,0x20,0x30,0x20,0x31,0x20,0x32,0x2d,0x32,0x68,0x33,
  0x2e,0x39,0x33,0x61,0x32,0x20,0x32,0x20,0x30,0x20,0x30,0x20,0x31,0x20,0x31,0x2e,
  0x36,0x36,0x2e,0x39,0x6c,0x2e,0x38,0x32,0x20,0x31,0x2e,0x32,0x61,0x32,0x20,0x32,
  0x20,0x30,0x20,0x30,0x20,0x30,0x20,0x31,0x2e,0x36,0x36,0x2e,0x39,0x48,0x31,0x38,
  0x61,0x32,0x20,0x32,0x20,0x30,0x20,0x30,0x20,0x31,0x20,0x32,0x20,0x32,0x76,0x32,
  0x22,0x2f,0x3e,0x3c,0x2f,0x73,0x76,0x67,0x3e,0xa,
    // /home/ubuntu/repos/lui/platform/qt/qml/icons/alert.svg
  0x0,0x0,0x1,0x2f,
  0x3c,
  0x73,0x76,0x67,0x20,0x78,0x6d,0x6c,0x6e,0x73,0x3d,0x22,0x68,0x74,0x74,0x70,0x3a,
  0x2f,0x2f,0x77,0x77,0x77,0x2e,0x77,0x33,0x2e,0x6f,0x72,0x67,0x2f,0x32,0x30,0x30,
  0x30,0x2f,0x73,0x76,0x67,0x22,0x20,0x77,0x69,0x64,0x74,0x68,0x3d,0x22,0x32,0x34,
  0x22,0x20,0x68,0x65,0x69,0x67,0x68,0x74,0x3d,0x22,0x32,0x34,0x22,0x20,0x76,0x69,
  0x65,0x77,0x42,0x6f,0x78,0x3d,0x22,0x30,0x20,0x30,0x20,0x32,0x34,0x20,0x32,0x34,
  0x22,0x20,0x66,0x69,0x6c,0x6c,0x3d,0x22,0x6e,0x6f,0x6e,0x65,0x22,0x20,0x73,0x74,
  0x72,0x6f,0x6b,0x65,0x3d,0x22,0x63,0x75,0x72,0x72,0x65,0x6e,0x74,0x43,0x6f,0x6c,
  0x6f,0x72,0x22,0x20,0x73,0x74,0x72,0x6f,0x6b,0x65,0x2d,0x77,0x69,0x64,0x74,0x68,
  0x3d,0x22,0x32,0x22,0x20,0x73,0x74,0x72,0x6f,0x6b,0x65,0x2d,0x6c,0x69,0x6e,0x65,
  0x63,0x61,0x70,0x3d,0x22,0x72,0x6f,0x75,0x6e,0x64,0x22,0x20,0x73,0x74,0x72,0x6f,
  0x6b,0x65,0x2d,0x6c,0x69,0x6e,0x65,0x6a,0x6f,0x69,0x6e,0x3d,0x22,0x72,0x6f,0x75,
  0x6e,0x64,0x22,0x3e,0x3c,0x63,0x69,0x72,0x63,0x6c,0x65,0x20,0x63,0x78,0x3d,0x22,
  0x31,0x32,0x22,0x20,0x63,0x79,0x3d,0x22,0x31,0x32,0x22,0x20,0x72,0x3d,0x22,0x39,
  0x22,0x2f,0x3e,0x3c,0x6c,0x69,0x6e,0x65,0x20,0x78,0x31,0x3d,0x22,0x31,0x32,0x22,
  0x20,0x79,0x31,0x3d,0x22,0x37,0x2e,0x35,0x22,0x20,0x78,0x32,0x3d,0x22,0x31,0x32,
  0x22,0x20,0x79,0x32,0x3d,0x22,0x31,0x33,0x22,0x2f,0x3e,0x3c,0x6c,0x69,0x6e,0x65,
  0x20,0x78,0x31,0x3d,0x22,0x31,0x32,0x22,0x20,0x79,0x31,0x3d,0x22,0x31,0x36,0x2e,
  0x34,0x22,0x20,0x78,0x32,0x3d,0x22,0x31,0x32,0x22,0x20,0x79,0x32,0x3d,0x22,0x31,
  0x36,0x2e,0x34,0x31,0x22,0x2f,0x3e,0x3c,0x2f,0x73,0x76,0x67,0x3e,0xa,
    // /home/ubuntu/repos/lui/platform/qt/qml/icons/info.svg
  0x0,0x0,0x1,0x2e,
  0x3c,
  0x73,0x76,0x67,0x20,0x78,0x6d,0x6c,0x6e,0x73,0x3d,0x22,0x68,0x74,0x74,0x70,0x3a,
  0x2f,0x2f,0x77,0x77,0x77,0x2e,0x77,0x33,0x2e,0x6f,0x72,0x67,0x2f,0x32,0x30,0x30,
  0x30,0x2f,0x73,0x76,0x67,0x22,0x20,0x77,0x69,0x64,0x74,0x68,0x3d,0x22,0x32,0x34,
  0x22,0x20,0x68,0x65,0x69,0x67,0x68,0x74,0x3d,0x22,0x32,0x34,0x22,0x20,0x76,0x69,
  0x65,0x77,0x42,0x6f,0x78,0x3d,0x22,0x30,0x20,0x30,0x20,0x32,0x34,0x20,0x32,0x34,
  0x22,0x20,0x66,0x69,0x6c,0x6c,0x3d,0x22,0x6e,0x6f,0x6e,0x65,0x22,0x20,0x73,0x74,
  0x72,0x6f,0x6b,0x65,0x3d,0x22,0x63,0x75,0x72,0x72,0x65,0x6e,0x74,0x43,0x6f,0x6c,
  0x6f,0x72,0x22,0x20,0x73,0x74,0x72,0x6f,0x6b,0x65,0x2d,0x77,0x69,0x64,0x74,0x68,
  0x3d,0x22,0x32,0x22,0x20,0x73,0x74,0x72,0x6f,0x6b,0x65,0x2d,0x6c,0x69,0x6e,0x65,
  0x63,0x61,0x70,0x3d,0x22,0x72,0x6f,0x75,0x6e,0x64,0x22,0x20,0x73,0x74,0x72,0x6f,
  0x6b,0x65,0x2d,0x6c,0x69,0x6e,0x65,0x6a,0x6f,0x69,0x6e,0x3d,0x22,0x72,0x6f,0x75,
  0x6e,0x64,0x22,0x3e,0x3c,0x63,0x69,0x72,0x63,0x6c,0x65,0x20,0x63,0x78,0x3d,0x22,
  0x31,0x32,0x22,0x20,0x63,0x79,0x3d,0x22,0x31,0x32,0x22,0x20,0x72,0x3d,0x22,0x39,
  0x22,0x2f,0x3e,0x3c,0x6c,0x69,0x6e,0x65,0x20,0x78,0x31,0x3d,0x22,0x31,0x32,0x22,
  0x20,0x79,0x31,0x3d,0x22,0x31,0x31,0x22,0x20,0x78,0x32,0x3d,0x22,0x31,0x32,0x22,
  0x20,0x79,0x32,0x3d,0x22,0x31,0x36,0x2e,0x32,0x22,0x2f,0x3e,0x3c,0x6c,0x69,0x6e,
  0x65,0x20,0x78,0x31,0x3d,0x22,0x31,0x32,0x22,0x20,0x79,0x31,0x3d,0x22,0x37,0x2e,
  0x38,0x22,0x20,0x78,0x32,0x3d,0x22,0x31,0x32,0x22,0x20,0x79,0x32,0x3d,0x22,0x37,
  0x2e,0x38,0x31,0x22,0x2f,0x3e,0x3c,0x2f,0x73,0x76,0x67,0x3e,0xa,
    // /home/ubuntu/repos/lui/platform/qt/qml/icons/arrow-up.svg
  0x0,0x0,0x1,0x10,
  0x3c,
  0x73,0x76,0x67,0x20,0x78,0x6d,0x6c,0x6e,0x73,0x3d,0x22,0x68,0x74,0x74,0x70,0x3a,
  0x2f,0x2f,0x77,0x77,0x77,0x2e,0x77,0x33,0x2e,0x6f,0x72,0x67,0x2f,0x32,0x30,0x30,
  0x30,0x2f,0x73,0x76,0x67,0x22,0x20,0x77,0x69,0x64,0x74,0x68,0x3d,0x22,0x32,0x34,
  0x22,0x20,0x68,0x65,0x69,0x67,0x68,0x74,0x3d,0x22,0x32,0x34,0x22,0x20,0x76,0x69,
  0x65,0x77,0x42,0x6f,0x78,0x3d,0x22,0x30,0x20,0x30,0x20,0x32,0x34,0x20,0x32,0x34,
  0x22,0x20,0x66,0x69,0x6c,0x6c,0x3d,0x22,0x6e,0x6f,0x6e,0x65,0x22,0x20,0x73,0x74,
  0x72,0x6f,0x6b,0x65,0x3d,0x22,0x63,0x75,0x72,0x72,0x65,0x6e,0x74,0x43,0x6f,0x6c,
  0x6f,0x72,0x22,0x20,0x73,0x74,0x72,0x6f,0x6b,0x65,0x2d,0x77,0x69,0x64,0x74,0x68,
  0x3d,0x22,0x32,0x22,0x20,0x73,0x74,0x72,0x6f,0x6b,0x65,0x2d,0x6c,0x69,0x6e,0x65,
  0x63,0x61,0x70,0x3d,0x22,0x72,0x6f,0x75,0x6e,0x64,0x22,0x20,0x73,0x74,0x72,0x6f,
  0x6b,0x65,0x2d,0x6c,0x69,0x6e,0x65,0x6a,0x6f,0x69,0x6e,0x3d,0x22,0x72,0x6f,0x75,
  0x6e,0x64,0x22,0x3e,0x3c,0x6c,0x69,0x6e,0x65,0x20,0x78,0x31,0x3d,0x22,0x31,0x32,
  0x22,0x20,0x79,0x31,0x3d,0x22,0x31,0x39,0x2e,0x35,0x22,0x20,0x78,0x32,0x3d,0x22,
  0x31,0x32,0x22,0x20,0x79,0x32,0x3d,0x22,0x34,0x2e,0x35,0x22,0x2f,0x3e,0x3c,0x70,
  0x6f,0x6c,0x79,0x6c,0x69,0x6e,0x65,0x20,0x70,0x6f,0x69,0x6e,0x74,0x73,0x3d,0x22,
  0x35,0x2e,0x35,0x20,0x31,0x31,0x20,0x31,0x32,0x20,0x34,0x2e,0x35,0x20,0x31,0x38,
  0x2e,0x35,0x20,0x31,0x31,0x22,0x2f,0x3e,0x3c,0x2f,0x73,0x76,0x67,0x3e,0xa,
    // /home/ubuntu/repos/lui/platform/qt/qml/icons/eye.svg
  0x0,0x0,0x1,0x45,
  0x3c,
  0x73,0x76,0x67,0x20,0x78,0x6d,0x6c,0x6e,0x73,0x3d,0x22,0x68,0x74,0x74,0x70,0x3a,
  0x2f,0x2f,0x77,0x77,0x77,0x2e,0x77,0x33,0x2e,0x6f,0x72,0x67,0x2f,0x32,0x30,0x30,
  0x30,0x2f,0x73,0x76,0x67,0x22,0x20,0x77,0x69,0x64,0x74,0x68,0x3d,0x22,0x32,0x34,
  0x22,0x20,0x68,0x65,0x69,0x67,0x68,0x74,0x3d,0x22,0x32,0x34,0x22,0x20,0x76,0x69,
  0x65,0x77,0x42,0x6f,0x78,0x3d,0x22,0x30,0x20,0x30,0x20,0x32,0x34,0x20,0x32,0x34,
  0x22,0x20,0x66,0x69,0x6c,0x6c,0x3d,0x22,0x6e,0x6f,0x6e,0x65,0x22,0x20,0x73,0x74,
  0x72,0x6f,0x6b,0x65,0x3d,0x22,0x63,0x75,0x72,0x72,0x65,0x6e,0x74,0x43,0x6f,0x6c,
  0x6f,0x72,0x22,0x20,0x73,0x74,0x72,0x6f,0x6b,0x65,0x2d,0x77,0x69,0x64,0x74,0x68,
  0x3d,0x22,0x32,0x22,0x20,0x73,0x74,0x72,0x6f,0x6b,0x65,0x2d,0x6c,0x69,0x6e,0x65,
  0x63,0x61,0x70,0x3d,0x22,0x72,0x6f,0x75,0x6e,0x64,0x22,0x20,0x73,0x74,0x72,0x6f,
  0x6b,0x65,0x2d,0x6c,0x69,0x6e,0x65,0x6a,0x6f,0x69,0x6e,0x3d,0x22,0x72,0x6f,0x75,
  0x6e,0x64,0x22,0x3e,0x3c,0x70,0x61,0x74,0x68,0x20,0x64,0x3d,0x22,0x4d,0x32,0x2e,
  0x30,0x36,0x20,0x31,0x32,0x2e,0x33,0x35,0x61,0x31,0x20,0x31,0x20,0x30,0x20,0x30,
  0x20,0x31,0x20,0x30,0x2d,0x2e,0x37,0x20,0x31,0x30,0x2e,0x37,0x35,0x20,0x31,0x30,
  0x2e,0x37,0x35,0x20,0x30,0x20,0x30,0x20,0x31,0x20,0x31,0x39,0x2e,0x38,0x38,0x20,
  0x30,0x20,0x31,0x20,0x31,0x20,0x30,0x20,0x30,0x20,0x31,0x20,0x30,0x20,0x2e,0x37,
  0x20,0x31,0x30,0x2e,0x37,0x35,0x20,0x31,0x30,0x2e,0x37,0x35,0x20,0x30,0x20,0x30,
  0x20,0x31,0x2d,0x31,0x39,0x2e,0x38,0x38,0x20,0x30,0x5a,0x22,0x2f,0x3e,0x3c,0x63,
  0x69,0x72,0x63,0x6c,0x65,0x20,0x63,0x78,0x3d,0x22,0x31,0x32,0x22,0x20,0x63,0x79,
  0x3d,0x22,0x31,0x32,0x22,0x20,0x72,0x3d,0x22,0x33,0x22,0x2f,0x3e,0x3c,0x2f,0x73,
  0x76,0x67,0x3e,0xa,
    // /home/ubuntu/repos/lui/platform/qt/qml/icons/sun.svg
  0x0,0x0,0x2,0x47,
  0x3c,
  0x73,0x76,0x67,0x20,0x78,0x6d,0x6c,0x6e,0x73,0x3d,0x22,0x68,0x74,0x74,0x70,0x3a,
  0x2f,0x2f,0x77,0x77,0x77,0x2e,0x77,0x33,0x2e,0x6f,0x72,0x67,0x2f,0x32,0x30,0x30,
  0x30,0x2f,0x73,0x76,0x67,0x22,0x20,0x77,0x69,0x64,0x74,0x68,0x3d,0x22,0x32,0x34,
  0x22,0x20,0x68,0x65,0x69,0x67,0x68,0x74,0x3d,0x22,0x32,0x34,0x22,0x20,0x76,0x69,
  0x65,0x77,0x42,0x6f,0x78,0x3d,0x22,0x30,0x20,0x30,0x20,0x32,0x34,0x20,0x32,0x34,
  0x22,0x20,0x66,0x69,0x6c,0x6c,0x3d,0x22,0x6e,0x6f,0x6e,0x65,0x22,0x20,0x73,0x74,
  0x72,0x6f,0x6b,0x65,0x3d,0x22,0x63,0x75,0x72,0x72,0x65,0x6e,0x74,0x43,0x6f,0x6c,
  0x6f,0x72,0x22,0x20,0x73,0x74,0x72,0x6f,0x6b,0x65,0x2d,0x77,0x69,0x64,0x74,0x68,
  0x3d,0x22,0x32,0x22,0x20,0x73,0x74,0x72,0x6f,0x6b,0x65,0x2d,0x6c,0x69,0x6e,0x65,
  0x63,0x61,0x70,0x3d,0x22,0x72,0x6f,0x75,0x6e,0x64,0x22,0x20,0x73,0x74,0x72,0x6f,
  0x6b,0x65,0x2d,0x6c,0x69,0x6e,0x65,0x6a,0x6f,0x69,0x6e,0x3d,0x22,0x72,0x6f,0x75,
  0x6e,0x64,0x22,0x3e,0x3c,0x63,0x69,0x72,0x63,0x6c,0x65,0x20,0x63,0x78,0x3d,0x22,
  0x31,0x32,0x22,0x20,0x63,0x79,0x3d,0x22,0x31,0x32,0x22,0x20,0x72,0x3d,0x22,0x34,
  0x22,0x2f,0x3e,0x3c,0x6c,0x69,0x6e,0x65,0x20,0x78,0x31,0x3d,0x22,0x31,0x32,0x22,
  0x20,0x79,0x31,0x3d,0x22,0x32,0x2e,0x36,0x22,0x20,0x78,0x32,0x3d,0x22,0x31,0x32,
  0x22,0x20,0x79,0x32,0x3d,0x22,0x34,0x2e,0x36,0x22,0x2f,0x3e,0x3c,0x6c,0x69,0x6e,
  0x65,0x20,0x78,0x31,0x3d,0x22,0x31,0x32,0x22,0x20,0x79,0x31,0x3d,0x22,0x31,0x39,
  0x2e,0x34,0x22,0x20,0x78,0x32,0x3d,0x22,0x31,0x32,0x22,0x20,0x79,0x32,0x3d,0x22,
  0x32,0x31,0x2e,0x34,0x22,0x2f,0x3e,0x3c,0x6c,0x69,0x6e,0x65,0x20,0x78,0x31,0x3d,
  0x22,0x34,0x2e,0x39,0x33,0x22,0x20,0x79,0x31,0x3d,0x22,0x34,0x2e,0x39,0x33,0x22,
  0x20,0x78,0x32,0x3d,0x22,0x36,0x2e,0x33,0x34,0x22,0x20,0x79,0x32,0x3d,0x22,0x36,
  0x2e,0x33,0x34,0x22,0x2f,0x3e,0x3c,0x6c,0x69,0x6e,0x65,0x20,0x78,0x31,0x3d,0x22,
  0x31,0x37,0x2e,0x36,0x36,0x22,0x20,0x79,0x31,0x3d,0x22,0x31,0x37,0x2e,0x36,0x36,
  0x22,0x20,0x78,0x32,0x3d,0x22,0x31,0x39,0x2e,0x30,0x37,0x22,0x20,0x79,0x32,0x3d,
  0x22,0x31,0x39,0x2e,0x30,0x37,0x22,0x2f,0x3e,0x3c,0x6c,0x69,0x6e,0x65,0x20,0x78,
  0x31,0x3d,0x22,0x32,0x2e,0x36,0x22,0x20,0x79,0x31,0x3d,0x22,0x31,0x32,0x22,0x20,
  0x78,0x32,0x3d,0x22,0x34,0x2e,0x36,0x22,0x20,0x79,0x32,0x3d,0x22,0x31,0x32,0x22,
  0x2f,0x3e,0x3c,0x6c,0x69,0x6e,0x65,0x20,0x78,0x31,0x3d,0x22,0x31,0x39,0x2e,0x34,
  0x22,0x20,0x79,0x31,0x3d,0x22,0x31,0x32,0x22,0x20,0x78,0x32,0x3d,0x22,0x32,0x31,
  0x2e,0x34,0x22,0x20,0x79,0x32,0x3d,0x22,0x31,0x32,0x22,0x2f,0x3e,0x3c,0x6c,0x69,
  0x6e,0x65,0x20,0x78,0x31,0x3d,0x22,0x34,0x2e,0x39,0x33,0x22,0x20,0x79,0x31,0x3d,
  0x22,0x31,0x39,0x2e,0x30,0x37,0x22,0x20,0x78,0x32,0x3d,0x22,0x36,0x2e,0x33,0x34,
  0x22,0x20,0x79,0x32,0x3d,0x22,0x31,0x37,0x2e,0x36,0x36,0x22,0x2f,0x3e,0x3c,0x6c,
  0x69,0x6e,0x65,0x20,0x78,0x31,0x3d,0x22,0x31,0x37,0x2e,0x36,0x36,0x22,0x20,0x79,
  0x31,0x3d,0x22,0x36,0x2e,0x33,0x34,0x22,0x20,0x78,0x32,0x3d,0x22,0x31,0x39,0x2e,
  0x30,0x37,0x22,0x20,0x79,0x32,0x3d,0x22,0x34,0x2e,0x39,0x33,0x22,0x2f,0x3e,0x3c,
  0x2f,0x73,0x76,0x67,0x3e,0xa,
    // /home/ubuntu/repos/lui/platform/qt/qml/icons/circle-dot.svg
  0x0,0x0,0x0,0xfc,
  0x3c,
  0x73,0x76,0x67,0x20,0x78,0x6d,0x6c,0x6e,0x73,0x3d,0x22,0x68,0x74,0x74,0x70,0x3a,
  0x2f,0x2f,0x77,0x77,0x77,0x2e,0x77,0x33,0x2e,0x6f,0x72,0x67,0x2f,0x32,0x30,0x30,
  0x30,0x2f,0x73,0x76,0x67,0x22,0x20,0x77,0x69,0x64,0x74,0x68,0x3d,0x22,0x32,0x34,
  0x22,0x20,0x68,0x65,0x69,0x67,0x68,0x74,0x3d,0x22,0x32,0x34,0x22,0x20,0x76,0x69,
  0x65,0x77,0x42,0x6f,0x78,0x3d,0x22,0x30,0x20,0x30,0x20,0x32,0x34,0x20,0x32,0x34,
  0x22,0x20,0x66,0x69,0x6c,0x6c,0x3d,0x22,0x6e,0x6f,0x6e,0x65,0x22,0x20,0x73,0x74,
  0x72,0x6f,0x6b,0x65,0x3d,0x22,0x63,0x75,0x72,0x72,0x65,0x6e,0x74,0x43,0x6f,0x6c,
  0x6f,0x72,0x22,0x20,0x73,0x74,0x72,0x6f,0x6b,0x65,0x2d,0x77,0x69,0x64,0x74,0x68,
  0x3d,0x22,0x32,0x22,0x20,0x73,0x74,0x72,0x6f,0x6b,0x65,0x2d,0x6c,0x69,0x6e,0x65,
  0x63,0x61,0x70,0x3d,0x22,0x72,0x6f,0x75,0x6e,0x64,0x22,0x20,0x73,0x74,0x72,0x6f,
  0x6b,0x65,0x2d,0x6c,0x69,0x6e,0x65,0x6a,0x6f,0x69,0x6e,0x3d,0x22,0x72,0x6f,0x75,
  0x6e,0x64,0x22,0x3e,0x3c,0x63,0x69,0x72,0x63,0x6c,0x65,0x20,0x63,0x78,0x3d,0x22,
  0x31,0x32,0x22,0x20,0x63,0x79,0x3d,0x22,0x31,0x32,0x22,0x20,0x72,0x3d,0x22,0x39,
  0x2e,0x34,0x22,0x2f,0x3e,0x3c,0x63,0x69,0x72,0x63,0x6c,0x65,0x20,0x63,0x78,0x3d,
  0x22,0x31,0x32,0x22,0x20,0x63,0x79,0x3d,0x22,0x31,0x32,0x22,0x20,0x72,0x3d,0x22,
  0x31,0x22,0x2f,0x3e,0x3c,0x2f,0x73,0x76,0x67,0x3e,0xa,
    // /home/ubuntu/repos/lui/platform/qt/qml/icons/git-pull-request.svg
  0x0,0x0,0x1,0x3f,
  0x3c,
  0x73,0x76,0x67,0x20,0x78,0x6d,0x6c,0x6e,0x73,0x3d,0x22,0x68,0x74,0x74,0x70,0x3a,
  0x2f,0x2f,0x77,0x77,0x77,0x2e,0x77,0x33,0x2e,0x6f,0x72,0x67,0x2f,0x32,0x30,0x30,
  0x30,0x2f,0x73,0x76,0x67,0x22,0x20,0x77,0x69,0x64,0x74,0x68,0x3d,0x22,0x32,0x34,
  0x22,0x20,0x68,0x65,0x69,0x67,0x68,0x74,0x3d,0x22,0x32,0x34,0x22,0x20,0x76,0x69,
  0x65,0x77,0x42,0x6f,0x78,0x3d,0x22,0x30,0x20,0x30,0x20,0x32,0x34,0x20,0x32,0x34,
  0x22,0x20,0x66,0x69,0x6c,0x6c,0x3d,0x22,0x6e,0x6f,0x6e,0x65,0x22,0x20,0x73,0x74,
  0x72,0x6f,0x6b,0x65,0x3d,0x22,0x63,0x75,0x72,0x72,0x65,0x6e,0x74,0x43,0x6f,0x6c,
  0x6f,0x72,0x22,0x20,0x73,0x74,0x72,0x6f,0x6b,0x65,0x2d,0x77,0x69,0x64,0x74,0x68,
  0x3d,0x22,0x32,0x22,0x20,0x73,0x74,0x72,0x6f,0x6b,0x65,0x2d,0x6c,0x69,0x6e,0x65,
  0x63,0x61,0x70,0x3d,0x22,0x72,0x6f,0x75,0x6e,0x64,0x22,0x20,0x73,0x74,0x72,0x6f,
  0x6b,0x65,0x2d,0x6c,0x69,0x6e,0x65,0x6a,0x6f,0x69,0x6e,0x3d,0x22,0x72,0x6f,0x75,
  0x6e,0x64,0x22,0x3e,0x3c,0x63,0x69,0x72,0x63,0x6c,0x65,0x20,0x63,0x78,0x3d,0x22,
  0x36,0x22,0x20,0x63,0x79,0x3d,0x22,0x36,0x22,0x20,0x72,0x3d,0x22,0x33,0x22,0x2f,
  0x3e,0x3c,0x6c,0x69,0x6e,0x65,0x20,0x78,0x31,0x3d,0x22,0x36,0x22,0x20,0x79,0x31,
  0x3d,0x22,0x39,0x22,0x20,0x78,0x32,0x3d,0x22,0x36,0x22,0x20,0x79,0x32,0x3d,0x22,
  0x32,0x31,0x22,0x2f,0x3e,0x3c,0x63,0x69,0x72,0x63,0x6c,0x65,0x20,0x63,0x78,0x3d,
  0x22,0x31,0x38,0x22,0x20,0x63,0x79,0x3d,0x22,0x31,0x38,0x22,0x20,0x72,0x3d,0x22,
  0x33,0x22,0x2f,0x3e,0x3c,0x70,0x61,0x74,0x68,0x20,0x64,0x3d,0x22,0x4d,0x31,0x33,
  0x20,0x36,0x68,0x33,0x61,0x32,0x20,0x32,0x20,0x30,0x20,0x30,0x20,0x31,0x20,0x32,
  0x20,0x32,0x76,0x37,0x22,0x2f,0x3e,0x3c,0x2f,0x73,0x76,0x67,0x3e,0xa,
    // /home/ubuntu/repos/lui/platform/qt/qml/icons/volume.svg
  0x0,0x0,0x1,0x3f,
  0x3c,
  0x73,0x76,0x67,0x20,0x78,0x6d,0x6c,0x6e,0x73,0x3d,0x22,0x68,0x74,0x74,0x70,0x3a,
  0x2f,0x2f,0x77,0x77,0x77,0x2e,0x77,0x33,0x2e,0x6f,0x72,0x67,0x2f,0x32,0x30,0x30,
  0x30,0x2f,0x73,0x76,0x67,0x22,0x20,0x77,0x69,0x64,0x74,0x68,0x3d,0x22,0x32,0x34,
  0x22,0x20,0x68,0x65,0x69,0x67,0x68,0x74,0x3d,0x22,0x32,0x34,0x22,0x20,0x76,0x69,
  0x65,0x77,0x42,0x6f,0x78,0x3d,0x22,0x30,0x20,0x30,0x20,0x32,0x34,0x20,0x32,0x34,
  0x22,0x20,0x66,0x69,0x6c,0x6c,0x3d,0x22,0x6e,0x6f,0x6e,0x65,0x22,0x20,0x73,0x74,
  0x72,0x6f,0x6b,0x65,0x3d,0x22,0x63,0x75,0x72,0x72,0x65,0x6e,0x74,0x43,0x6f,0x6c,
  0x6f,0x72,0x22,0x20,0x73,0x74,0x72,0x6f,0x6b,0x65,0x2d,0x77,0x69,0x64,0x74,0x68,
  0x3d,0x22,0x32,0x22,0x20,0x73,0x74,0x72,0x6f,0x6b,0x65,0x2d,0x6c,0x69,0x6e,0x65,
  0x63,0x61,0x70,0x3d,0x22,0x72,0x6f,0x75,0x6e,0x64,0x22,0x20,0x73,0x74,0x72,0x6f,
  0x6b,0x65,0x2d,0x6c,0x69,0x6e,0x65,0x6a,0x6f,0x69,0x6e,0x3d,0x22,0x72,0x6f,0x75,
  0x6e,0x64,0x22,0x3e,0x3c,0x70,0x6f,0x6c,0x79,0x67,0x6f,0x6e,0x20,0x70,0x6f,0x69,
  0x6e,0x74,0x73,0x3d,0x22,0x31,0x31,0x20,0x35,0x20,0x36,0x20,0x39,0x20,0x32,0x20,
  0x39,0x20,0x32,0x20,0x31,0x35,0x20,0x36,0x20,0x31,0x35,0x20,0x31,0x31,0x20,0x31,
  0x39,0x22,0x2f,0x3e,0x3c,0x70,0x61,0x74,0x68,0x20,0x64,0x3d,0x22,0x4d,0x31,0x35,
  0x2e,0x35,0x34,0x20,0x38,0x2e,0x34,0x36,0x61,0x35,0x20,0x35,0x20,0x30,0x20,0x30,
  0x20,0x31,0x20,0x30,0x20,0x37,0x2e,0x30,0x37,0x22,0x2f,0x3e,0x3c,0x70,0x61,0x74,
  0x68,0x20,0x64,0x3d,0x22,0x4d,0x31,0x39,0x2e,0x30,0x37,0x20,0x34,0x2e,0x39,0x33,
  0x61,0x31,0x30,0x20,0x31,0x30,0x20,0x30,0x20,0x30,0x20,0x31,0x20,0x30,0x20,0x31,
  0x34,0x2e,0x31,0x34,0x22,0x2f,0x3e,0x3c,0x2f,0x73,0x76,0x67,0x3e,0xa,
    // /home/ubuntu/repos/lui/platform/qt/qml/icons/chevron-up.svg
  0x0,0x0,0x0,0xe6,
  0x3c,
  0x73,0x76,0x67,0x20,0x78,0x6d,0x6c,0x6e,0x73,0x3d,0x22,0x68,0x74,0x74,0x70,0x3a,
  0x2f,0x2f,0x77,0x77,0x77,0x2e,0x77,0x33,0x2e,0x6f,0x72,0x67,0x2f,0x32,0x30,0x30,
  0x30,0x2f,0x73,0x76,0x67,0x22,0x20,0x77,0x69,0x64,0x74,0x68,0x3d,0x22,0x32,0x34,
  0x22,0x20,0x68,0x65,0x69,0x67,0x68,0x74,0x3d,0x22,0x32,0x34,0x22,0x20,0x76,0x69,
  0x65,0x77,0x42,0x6f,0x78,0x3d,0x22,0x30,0x20,0x30,0x20,0x32,0x34,0x20,0x32,0x34,
  0x22,0x20,0x66,0x69,0x6c,0x6c,0x3d,0x22,0x6e,0x6f,0x6e,0x65,0x22,0x20,0x73,0x74,
  0x72,0x6f,0x6b,0x65,0x3d,0x22,0x63,0x75,0x72,0x72,0x65,0x6e,0x74,0x43,0x6f,0x6c,
  0x6f,0x72,0x22,0x20,0x73,0x74,0x72,0x6f,0x6b,0x65,0x2d,0x77,0x69,0x64,0x74,0x68,
  0x3d,0x22,0x32,0x22,0x20,0x73,0x74,0x72,0x6f,0x6b,0x65,0x2d,0x6c,0x69,0x6e,0x65,
  0x63,0x61,0x70,0x3d,0x22,0x72,0x6f,0x75,0x6e,0x64,0x22,0x20,0x73,0x74,0x72,0x6f,
  0x6b,0x65,0x2d,0x6c,0x69,0x6e,0x65,0x6a,0x6f,0x69,0x6e,0x3d,0x22,0x72,0x6f,0x75,
  0x6e,0x64,0x22,0x3e,0x3c,0x70,0x6f,0x6c,0x79,0x6c,0x69,0x6e,0x65,0x20,0x70,0x6f,
  0x69,0x6e,0x74,0x73,0x3d,0x22,0x36,0x20,0x31,0x34,0x2e,0x35,0x20,0x31,0x32,0x20,
  0x38,0x2e,0x35,0x20,0x31,0x38,0x20,0x31,0x34,0x2e,0x35,0x22,0x2f,0x3e,0x3c,0x2f,
  0x73,0x76,0x67,0x3e,0xa,
    // /home/ubuntu/repos/lui/platform/qt/qml/icons/wrench.svg
  0x0,0x0,0x1,0x60,
  0x3c,
  0x73,0x76,0x67,0x20,0x78,0x6d,0x6c,0x6e,0x73,0x3d,0x22,0x68,0x74,0x74,0x70,0x3a,
  0x2f,0x2f,0x77,0x77,0x77,0x2e,0x77,0x33,0x2e,0x6f,0x72,0x67,0x2f,0x32,0x30,0x30,
  0x30,0x2f,0x73,0x76,0x67,0x22,0x20,0x77,0x69,0x64,0x74,0x68,0x3d,0x22,0x32,0x34,
  0x22,0x20,0x68,0x65,0x69,0x67,0x68,0x74,0x3d,0x22,0x32,0x34,0x22,0x20,0x76,0x69,
  0x65,0x77,0x42,0x6f,0x78,0x3d,0x22,0x30,0x20,0x30,0x20,0x32,0x34,0x20,0x32,0x34,
  0x22,0x20,0x66,0x69,0x6c,0x6c,0x3d,0x22,0x6e,0x6f,0x6e,0x65,0x22,0x20,0x73,0x74,
  0x72,0x6f,0x6b,0x65,0x3d,0x22,0x63,0x75,0x72,0x72,0x65,0x6e,0x74,0x43,0x6f,0x6c,
  0x6f,0x72,0x22,0x20,0x73,0x74,0x72,0x6f,0x6b,0x65,0x2d,0x77,0x69,0x64,0x74,0x68,
  0x3d,0x22,0x32,0x22,0x20,0x73,0x74,0x72,0x6f,0x6b,0x65,0x2d,0x6c,0x69,0x6e,0x65,
  0x63,0x61,0x70,0x3d,0x22,0x72,0x6f,0x75,0x6e,0x64,0x22,0x20,0x73,0x74,0x72,0x6f,
  0x6b,0x65,0x2d,0x6c,0x69,0x6e,0x65,0x6a,0x6f,0x69,0x6e,0x3d,0x22,0x72,0x6f,0x75,
  0x6e,0x64,0x22,0x3e,0x3c,0x70,0x61,0x74,0x68,0x20,0x64,0x3d,0x22,0x4d,0x31,0x34,
  0x2e,0x37,0x20,0x36,0x2e,0x33,0x61,0x31,0x20,0x31,0x20,0x30,0x20,0x30,0x20,0x30,
  0x20,0x30,0x20,0x31,0x2e,0x34,0x6c,0x31,0x2e,0x36,0x20,0x31,0x2e,0x36,0x61,0x31,
  0x20,0x31,0x20,0x30,0x20,0x30,0x20,0x30,0x20,0x31,0x2e,0x34,0x20,0x30,0x6c,0x33,
  0x2e,0x37,0x37,0x2d,0x33,0x2e,0x37,0x37,0x61,0x36,0x20,0x36,0x20,0x30,0x20,0x30,
  0x20,0x31,0x2d,0x37,0x2e,0x39,0x34,0x20,0x37,0x2e,0x39,0x34,0x6c,0x2d,0x36,0x2e,
  0x39,0x31,0x20,0x36,0x2e,0x39,0x31,0x61,0x32,0x2e,0x31,0x32,0x20,0x32,0x2e,0x31,
  0x32,0x20,0x30,0x20,0x30,0x20,0x31,0x2d,0x33,0x2d,0x33,0x6c,0x36,0x2e,0x39,0x31,
  0x2d,0x36,0x2e,0x39,0x31,0x61,0x36,0x20,0x36,0x20,0x30,0x20,0x30,0x20,0x31,0x20,
  0x37,0x2e,0x39,0x34,0x2d,0x37,0x2e,0x39,0x34,0x6c,0x2d,0x33,0x2e,0x37,0x36,0x20,
  0x33,0x2e,0x37,0x36,0x7a,0x22,0x2f,0x3e,0x3c,0x2f,0x73,0x76,0x67,0x3e,0xa,
    // /home/ubuntu/repos/lui/platform/qt/qml/icons/clock.svg
  0x0,0x0,0x1,0x6,
  0x3c,
  0x73,0x76,0x67,0x20,0x78,0x6d,0x6c,0x6e,0x73,0x3d,0x22,0x68,0x74,0x74,0x70,0x3a,
  0x2f,0x2f,0x77,0x77,0x77,0x2e,0x77,0x33,0x2e,0x6f,0x72,0x67,0x2f,0x32,0x30,0x30,
  0x30,0x2f,0x73,0x76,0x67,0x22,0x20,0x77,0x69,0x64,0x74,0x68,0x3d,0x22,0x32,0x34,
  0x22,0x20,0x68,0x65,0x69,0x67,0x68,0x74,0x3d,0x22,0x32,0x34,0x22,0x20,0x76,0x69,
  0x65,0x77,0x42,0x6f,0x78,0x3d,0x22,0x30,0x20,0x30,0x20,0x32,0x34,0x20,0x32,0x34,
  0x22,0x20,0x66,0x69,0x6c,0x6c,0x3d,0x22,0x6e,0x6f,0x6e,0x65,0x22,0x20,0x73,0x74,
  0x72,0x6f,0x6b,0x65,0x3d,0x22,0x63,0x75,0x72,0x72,0x65,0x6e,0x74,0x43,0x6f,0x6c,
  0x6f,0x72,0x22,0x20,0x73,0x74,0x72,0x6f,0x6b,0x65,0x2d,0x77,0x69,0x64,0x74,0x68,
  0x3d,0x22,0x32,0x22,0x20,0x73,0x74,0x72,0x6f,0x6b,0x65,0x2d,0x6c,0x69,0x6e,0x65,
  0x63,0x61,0x70,0x3d,0x22,0x72,0x6f,0x75,0x6e,0x64,0x22,0x20,0x73,0x74,0x72,0x6f,
  0x6b,0x65,0x2d,0x6c,0x69,0x6e,0x65,0x6a,0x6f,0x69,0x6e,0x3d,0x22,0x72,0x6f,0x75,
  0x6e,0x64,0x22,0x3e,0x3c,0x63,0x69,0x72,0x63,0x6c,0x65,0x20,0x63,0x78,0x3d,0x22,
  0x31,0x32,0x22,0x20,0x63,0x79,0x3d,0x22,0x31,0x32,0x22,0x20,0x72,0x3d,0x22,0x39,
  0x2e,0x34,0x22,0x2f,0x3e,0x3c,0x70,0x6f,0x6c,0x79,0x6c,0x69,0x6e,0x65,0x20,0x70,
  0x6f,0x69,0x6e,0x74,0x73,0x3d,0x22,0x31,0x32,0x20,0x36,0x2e,0x35,0x20,0x31,0x32,
  0x20,0x31,0x32,0x20,0x31,0x35,0x2e,0x35,0x20,0x31,0x34,0x22,0x2f,0x3e,0x3c,0x2f,
  0x73,0x76,0x67,0x3e,0xa,
    // /home/ubuntu/repos/lui/platform/qt/qml/icons/missing.svg
  0x0,0x0,0x1,0xc,
  0x3c,
  0x73,0x76,0x67,0x20,0x78,0x6d,0x6c,0x6e,0x73,0x3d,0x22,0x68,0x74,0x74,0x70,0x3a,
  0x2f,0x2f,0x77,0x77,0x77,0x2e,0x77,0x33,0x2e,0x6f,0x72,0x67,0x2f,0x32,0x30,0x30,
  0x30,0x2f,0x73,0x76,0x67,0x22,0x20,0x77,0x69,0x64,0x74,0x68,0x3d,0x22,0x32,0x34,
  0x22,0x20,0x68,0x65,0x69,0x67,0x68,0x74,0x3d,0x22,0x32,0x34,0x22,0x20,0x76,0x69,
  0x65,0x77,0x42,0x6f,0x78,0x3d,0x22,0x30,0x20,0x30,0x20,0x32,0x34,0x20,0x32,0x34,
  0x22,0x20,0x66,0x69,0x6c,0x6c,0x3d,0x22,0x6e,0x6f,0x6e,0x65,0x22,0x20,0x73,0x74,
  0x72,0x6f,0x6b,0x65,0x3d,0x22,0x63,0x75,0x72,0x72,0x65,0x6e,0x74,0x43,0x6f,0x6c,
  0x6f,0x72,0x22,0x20,0x73,0x74,0x72,0x6f,0x6b,0x65,0x2d,0x77,0x69,0x64,0x74,0x68,
  0x3d,0x22,0x32,0x22,0x20,0x73,0x74,0x72,0x6f,0x6b,0x65,0x2d,0x6c,0x69,0x6e,0x65,
  0x63,0x61,0x70,0x3d,0x22,0x72,0x6f,0x75,0x6e,0x64,0x22,0x20,0x73,0x74,0x72,0x6f,
  0x6b,0x65,0x2d,0x6c,0x69,0x6e,0x65,0x6a,0x6f,0x69,0x6e,0x3d,0x22,0x72,0x6f,0x75,
  0x6e,0x64,0x22,0x3e,0x3c,0x63,0x69,0x72,0x63,0x6c,0x65,0x20,0x63,0x78,0x3d,0x22,
  0x31,0x32,0x22,0x20,0x63,0x79,0x3d,0x22,0x31,0x32,0x22,0x20,0x72,0x3d,0x22,0x39,
  0x22,0x2f,0x3e,0x3c,0x6c,0x69,0x6e,0x65,0x20,0x78,0x31,0x3d,0x22,0x35,0x2e,0x36,
  0x34,0x22,0x20,0x79,0x31,0x3d,0x22,0x35,0x2e,0x36,0x34,0x22,0x20,0x78,0x32,0x3d,
  0x22,0x31,0x38,0x2e,0x33,0x36,0x22,0x20,0x79,0x32,0x3d,0x22,0x31,0x38,0x2e,0x33,
  0x36,0x22,0x2f,0x3e,0x3c,0x2f,0x73,0x76,0x67,0x3e,0xa,
    // /home/ubuntu/repos/lui/platform/qt/qml/icons/arrow-down.svg
  0x0,0x0,0x1,0x11,
  0x3c,
  0x73,0x76,0x67,0x20,0x78,0x6d,0x6c,0x6e,0x73,0x3d,0x22,0x68,0x74,0x74,0x70,0x3a,
  0x2f,0x2f,0x77,0x77,0x77,0x2e,0x77,0x33,0x2e,0x6f,0x72,0x67,0x2f,0x32,0x30,0x30,
  0x30,0x2f,0x73,0x76,0x67,0x22,0x20,0x77,0x69,0x64,0x74,0x68,0x3d,0x22,0x32,0x34,
  0x22,0x20,0x68,0x65,0x69,0x67,0x68,0x74,0x3d,0x22,0x32,0x34,0x22,0x20,0x76,0x69,
  0x65,0x77,0x42,0x6f,0x78,0x3d,0x22,0x30,0x20,0x30,0x20,0x32,0x34,0x20,0x32,0x34,
  0x22,0x20,0x66,0x69,0x6c,0x6c,0x3d,0x22,0x6e,0x6f,0x6e,0x65,0x22,0x20,0x73,0x74,
  0x72,0x6f,0x6b,0x65,0x3d,0x22,0x63,0x75,0x72,0x72,0x65,0x6e,0x74,0x43,0x6f,0x6c,
  0x6f,0x72,0x22,0x20,0x73,0x74,0x72,0x6f,0x6b,0x65,0x2d,0x77,0x69,0x64,0x74,0x68,
  0x3d,0x22,0x32,0x22,0x20,0x73,0x74,0x72,0x6f,0x6b,0x65,0x2d,0x6c,0x69,0x6e,0x65,
  0x63,0x61,0x70,0x3d,0x22,0x72,0x6f,0x75,0x6e,0x64,0x22,0x20,0x73,0x74,0x72,0x6f,
  0x6b,0x65,0x2d,0x6c,0x69,0x6e,0x65,0x6a,0x6f,0x69,0x6e,0x3d,0x22,0x72,0x6f,0x75,
  0x6e,0x64,0x22,0x3e,0x3c,0x6c,0x69,0x6e,0x65,0x20,0x78,0x31,0x3d,0x22,0x31,0x32,
  0x22,0x20,0x79,0x31,0x3d,0x22,0x34,0x2e,0x35,0x22,0x20,0x78,0x32,0x3d,0x22,0x31,
  0x32,0x22,0x20,0x79,0x32,0x3d,0x22,0x31,0x39,0x2e,0x35,0x22,0x2f,0x3e,0x3c,0x70,
  0x6f,0x6c,0x79,0x6c,0x69,0x6e,0x65,0x20,0x70,0x6f,0x69,0x6e,0x74,0x73,0x3d,0x22,
  0x35,0x2e,0x35,0x20,0x31,0x33,0x20,0x31,0x32,0x20,0x31,0x39,0x2e,0x35,0x20,0x31,
  0x38,0x2e,0x35,0x20,0x31,0x33,0x22,0x2f,0x3e,0x3c,0x2f,0x73,0x76,0x67,0x3e,0xa,
  
    // /home/ubuntu/repos/lui/platform/qt/qml/icons/shuffle.svg
  0x0,0x0,0x1,0x74,
  0x3c,
  0x73,0x76,0x67,0x20,0x78,0x6d,0x6c,0x6e,0x73,0x3d,0x22,0x68,0x74,0x74,0x70,0x3a,
  0x2f,0x2f,0x77,0x77,0x77,0x2e,0x77,0x33,0x2e,0x6f,0x72,0x67,0x2f,0x32,0x30,0x30,
  0x30,0x2f,0x73,0x76,0x67,0x22,0x20,0x77,0x69,0x64,0x74,0x68,0x3d,0x22,0x32,0x34,
  0x22,0x20,0x68,0x65,0x69,0x67,0x68,0x74,0x3d,0x22,0x32,0x34,0x22,0x20,0x76,0x69,
  0x65,0x77,0x42,0x6f,0x78,0x3d,0x22,0x30,0x20,0x30,0x20,0x32,0x34,0x20,0x32,0x34,
  0x22,0x20,0x66,0x69,0x6c,0x6c,0x3d,0x22,0x6e,0x6f,0x6e,0x65,0x22,0x20,0x73,0x74,
  0x72,0x6f,0x6b,0x65,0x3d,0x22,0x63,0x75,0x72,0x72,0x65,0x6e,0x74,0x43,0x6f,0x6c,
  0x6f,0x72,0x22,0x20,0x73,0x74,0x72,0x6f,0x6b,0x65,0x2d,0x77,0x69,0x64,0x74,0x68,
  0x3d,0x22,0x32,0x22,0x20,0x73,0x74,0x72,0x6f,0x6b,0x65,0x2d,0x6c,0x69,0x6e,0x65,
  0x63,0x61,0x70,0x3d,0x22,0x72,0x6f,0x75,0x6e,0x64,0x22,0x20,0x73,0x74,0x72,0x6f,
  0x6b,0x65,0x2d,0x6c,0x69,0x6e,0x65,0x6a,0x6f,0x69,0x6e,0x3d,0x22,0x72,0x6f,0x75,
  0x6e,0x64,0x22,0x3e,0x3c,0x70,0x6f,0x6c,0x79,0x6c,0x69,0x6e,0x65,0x20,0x70,0x6f,
  0x69,0x6e,0x74,0x73,0x3d,0x22,0x31,0x36,0x20,0x33,0x20,0x32,0x31,0x20,0x33,0x20,
  0x32,0x31,0x20,0x38,0x22,0x2f,0x3e,0x3c,0x6c,0x69,0x6e,0x65,0x20,0x78,0x31,0x3d,
  0x22,0x34,0x22,0x20,0x79,0x31,0x3d,0x22,0x32,0x30,0x22,0x20,0x78,0x32,0x3d,0x22,
  0x32,0x31,0x22,0x20,0x79,0x32,0x3d,0x22,0x33,0x22,0x2f,0x3e,0x3c,0x70,0x6f,0x6c,
  0x79,0x6c,0x69,0x6e,0x65,0x20,0x70,0x6f,0x69,0x6e,0x74,0x73,0x3d,0x22,0x32,0x31,
  0x20,0x31,0x36,0x20,0x32,0x31,0x20,0x32,0x31,0x20,0x31,0x36,0x20,0x32,0x31,0x22,
  0x2f,0x3e,0x3c,0x6c,0x69,0x6e,0x65,0x20,0x78,0x31,0x3d,0x22,0x31,0x35,0x22,0x20,
  0x79,0x31,0x3d,0x22,0x31,0x35,0x22,0x20,0x78,0x32,0x3d,0x22,0x32,0x31,0x22,0x20,
  0x79,0x32,0x3d,0x22,0x32,0x31,0x22,0x2f,0x3e,0x3c,0x6c,0x69,0x6e,0x65,0x20,0x78,
  0x31,0x3d,0x22,0x34,0x22,0x20,0x79,0x31,0x3d,0x22,0x34,0x22,0x20,0x78,0x32,0x3d,
  0x22,0x39,0x22,0x20,0x79,0x32,0x3d,0x22,0x39,0x22,0x2f,0x3e,0x3c,0x2f,0x73,0x76,
  0x67,0x3e,0xa,
    // /home/ubuntu/repos/lui/platform/qt/qml/icons/x.svg
  0x0,0x0,0x1,0x6,
  0x3c,
  0x73,0x76,0x67,0x20,0x78,0x6d,0x6c,0x6e,0x73,0x3d,0x22,0x68,0x74,0x74,0x70,0x3a,
  0x2f,0x2f,0x77,0x77,0x77,0x2e,0x77,0x33,0x2e,0x6f,0x72,0x67,0x2f,0x32,0x30,0x30,
  0x30,0x2f,0x73,0x76,0x67,0x22,0x20,0x77,0x69,0x64,0x74,0x68,0x3d,0x22,0x32,0x34,
  0x22,0x20,0x68,0x65,0x69,0x67,0x68,0x74,0x3d,0x22,0x32,0x34,0x22,0x20,0x76,0x69,
  0x65,0x77,0x42,0x6f,0x78,0x3d,0x22,0x30,0x20,0x30,0x20,0x32,0x34,0x20,0x32,0x34,
  0x22,0x20,0x66,0x69,0x6c,0x6c,0x3d,0x22,0x6e,0x6f,0x6e,0x65,0x22,0x20,0x73,0x74,
  0x72,0x6f,0x6b,0x65,0x3d,0x22,0x63,0x75,0x72,0x72,0x65,0x6e,0x74,0x43,0x6f,0x6c,
  0x6f,0x72,0x22,0x20,0x73,0x74,0x72,0x6f,0x6b,0x65,0x2d,0x77,0x69,0x64,0x74,0x68,
  0x3d,0x22,0x32,0x22,0x20,0x73,0x74,0x72,0x6f,0x6b,0x65,0x2d,0x6c,0x69,0x6e,0x65,
  0x63,0x61,0x70,0x3d,0x22,0x72,0x6f,0x75,0x6e,0x64,0x22,0x20,0x73,0x74,0x72,0x6f,
  0x6b,0x65,0x2d,0x6c,0x69,0x6e,0x65,0x6a,0x6f,0x69,0x6e,0x3d,0x22,0x72,0x6f,0x75,
  0x6e,0x64,0x22,0x3e,0x3c,0x6c,0x69,0x6e,0x65,0x20,0x78,0x31,0x3d,0x22,0x36,0x22,
  0x20,0x79,0x31,0x3d,0x22,0x36,0x22,0x20,0x78,0x32,0x3d,0x22,0x31,0x38,0x22,0x20,
  0x79,0x32,0x3d,0x22,0x31,0x38,0x22,0x2f,0x3e,0x3c,0x6c,0x69,0x6e,0x65,0x20,0x78,
  0x31,0x3d,0x22,0x31,0x38,0x22,0x20,0x79,0x31,0x3d,0x22,0x36,0x22,0x20,0x78,0x32,
  0x3d,0x22,0x36,0x22,0x20,0x79,0x32,0x3d,0x22,0x31,0x38,0x22,0x2f,0x3e,0x3c,0x2f,
  0x73,0x76,0x67,0x3e,0xa,
    // /home/ubuntu/repos/lui/platform/qt/qml/icons/copy.svg
  0x0,0x0,0x1,0x4f,
  0x3c,
  0x73,0x76,0x67,0x20,0x78,0x6d,0x6c,0x6e,0x73,0x3d,0x22,0x68,0x74,0x74,0x70,0x3a,
  0x2f,0x2f,0x77,0x77,0x77,0x2e,0x77,0x33,0x2e,0x6f,0x72,0x67,0x2f,0x32,0x30,0x30,
  0x30,0x2f,0x73,0x76,0x67,0x22,0x20,0x77,0x69,0x64,0x74,0x68,0x3d,0x22,0x32,0x34,
  0x22,0x20,0x68,0x65,0x69,0x67,0x68,0x74,0x3d,0x22,0x32,0x34,0x22,0x20,0x76,0x69,
  0x65,0x77,0x42,0x6f,0x78,0x3d,0x22,0x30,0x20,0x30,0x20,0x32,0x34,0x20,0x32,0x34,
  0x22,0x20,0x66,0x69,0x6c,0x6c,0x3d,0x22,0x6e,0x6f,0x6e,0x65,0x22,0x20,0x73,0x74,
  0x72,0x6f,0x6b,0x65,0x3d,0x22,0x63,0x75,0x72,0x72,0x65,0x6e,0x74,0x43,0x6f,0x6c,
  0x6f,0x72,0x22,0x20,0x73,0x74,0x72,0x6f,0x6b,0x65,0x2d,0x77,0x69,0x64,0x74,0x68,
  0x3d,0x22,0x32,0x22,0x20,0x73,0x74,0x72,0x6f,0x6b,0x65,0x2d,0x6c,0x69,0x6e,0x65,
  0x63,0x61,0x70,0x3d,0x22,0x72,0x6f,0x75,0x6e,0x64,0x22,0x20,0x73,0x74,0x72,0x6f,
  0x6b,0x65,0x2d,0x6c,0x69,0x6e,0x65,0x6a,0x6f,0x69,0x6e,0x3d,0x22,0x72,0x6f,0x75,
  0x6e,0x64,0x22,0x3e,0x3c,0x72,0x65,0x63,0x74,0x20,0x78,0x3d,0x22,0x39,0x22,0x20,
  0x79,0x3d,0x22,0x39,0x22,0x20,0x77,0x69,0x64,0x74,0x68,0x3d,0x22,0x31,0x31,0x22,
  0x20,0x68,0x65,0x69,0x67,0x68,0x74,0x3d,0x22,0x31,0x31,0x22,0x20,0x72,0x78,0x3d,
  0x22,0x32,0x22,0x2f,0x3e,0x3c,0x70,0x61,0x74,0x68,0x20,0x64,0x3d,0x22,0x4d,0x35,
  0x20,0x31,0x35,0x20,0x48,0x34,0x2e,0x35,0x20,0x41,0x32,0x2e,0x35,0x20,0x32,0x2e,
  0x35,0x20,0x30,0x20,0x30,0x20,0x31,0x20,0x32,0x20,0x31,0x32,0x2e,0x35,0x20,0x56,
  0x34,0x2e,0x35,0x20,0x41,0x32,0x2e,0x35,0x20,0x32,0x2e,0x35,0x20,0x30,0x20,0x30,
  0x20,0x31,0x20,0x34,0x2e,0x35,0x20,0x32,0x20,0x68,0x38,0x20,0x41,0x32,0x2e,0x35,
  0x20,0x32,0x2e,0x35,0x20,0x30,0x20,0x30,0x20,0x31,0x20,0x31,0x35,0x20,0x34,0x2e,
  0x35,0x20,0x56,0x35,0x22,0x2f,0x3e,0x3c,0x2f,0x73,0x76,0x67,0x3e,0xa,
    // /home/ubuntu/repos/lui/platform/qt/qml/icons/file-text.svg
  0x0,0x0,0x1,0x95,
  0x3c,
  0x73,0x76,0x67,0x20,0x78,0x6d,0x6c,0x6e,0x73,0x3d,0x22,0x68,0x74,0x74,0x70,0x3a,
  0x2f,0x2f,0x77,0x77,0x77,0x2e,0x77,0x33,0x2e,0x6f,0x72,0x67,0x2f,0x32,0x30,0x30,
  0x30,0x2f,0x73,0x76,0x67,0x22,0x20,0x77,0x69,0x64,0x74,0x68,0x3d,0x22,0x32,0x34,
  0x22,0x20,0x68,0x65,0x69,0x67,0x68,0x74,0x3d,0x22,0x32,0x34,0x22,0x20,0x76,0x69,
  0x65,0x77,0x42,0x6f,0x78,0x3d,0x22,0x30,0x20,0x30,0x20,0x32,0x34,0x20,0x32,0x34,
  0x22,0x20,0x66,0x69,0x6c,0x6c,0x3d,0x22,0x6e,0x6f,0x6e,0x65,0x22,0x20,0x73,0x74,
  0x72,0x6f,0x6b,0x65,0x3d,0x22,0x63,0x75,0x72,0x72,0x65,0x6e,0x74,0x43,0x6f,0x6c,
  0x6f,0x72,0x22,0x20,0x73,0x74,0x72,0x6f,0x6b,0x65,0x2d,0x77,0x69,0x64,0x74,0x68,
  0x3d,0x22,0x32,0x22,0x20,0x73,0x74,0x72,0x6f,0x6b,0x65,0x2d,0x6c,0x69,0x6e,0x65,
  0x63,0x61,0x70,0x3d,0x22,0x72,0x6f,0x75,0x6e,0x64,0x22,0x20,0x73,0x74,0x72,0x6f,
  0x6b,0x65,0x2d,0x6c,0x69,0x6e,0x65,0x6a,0x6f,0x69,0x6e,0x3d,0x22,0x72,0x6f,0x75,
  0x6e,0x64,0x22,0x3e,0x3c,0x70,0x61,0x74,0x68,0x20,0x64,0x3d,0x22,0x4d,0x31,0x35,
  0x20,0x32,0x48,0x36,0x61,0x32,0x20,0x32,0x20,0x30,0x20,0x30,0x20,0x30,0x2d,0x32,
  0x20,0x32,0x76,0x31,0x36,0x61,0x32,0x20,0x32,0x20,0x30,0x20,0x30,0x20,0x30,0x20,
  0x32,0x20,0x32,0x68,0x31,0x32,0x61,0x32,0x20,0x32,0x20,0x30,0x20,0x30,0x20,0x30,
  0x20,0x32,0x2d,0x32,0x56,0x37,0x5a,0x22,0x2f,0x3e,0x3c,0x70,0x61,0x74,0x68,0x20,
  0x64,0x3d,0x22,0x4d,0x31,0x34,0x20,0x32,0x76,0x34,0x61,0x32,0x20,0x32,0x20,0x30,
  0x20,0x30,0x20,0x30,0x20,0x32,0x20,0x32,0x68,0x34,0x22,0x2f,0x3e,0x3c,0x6c,0x69,
  0x6e,0x65,0x20,0x78,0x31,0x3d,0x22,0x31,0x36,0x22,0x20,0x79,0x31,0x3d,0x22,0x31,
  0x33,0x22,0x20,0x78,0x32,0x3d,0x22,0x38,0x22,0x20,0x79,0x32,0x3d,0x22,0x31,0x33,
  0x22,0x2f,0x3e,0x3c,0x6c,0x69,0x6e,0x65,0x20,0x78,0x31,0x3d,0x22,0x31,0x36,0x22,
  0x20,0x79,0x31,0x3d,0x22,0x31,0x37,0x22,0x20,0x78,0x32,0x3d,0x22,0x38,0x22,0x20,
  0x79,0x32,0x3d,0x22,0x31,0x37,0x22,0x2f,0x3e,0x3c,0x6c,0x69,0x6e,0x65,0x20,0x78,
  0x31,0x3d,0x22,0x31,0x30,0x22,0x20,0x79,0x31,0x3d,0x22,0x39,0x22,0x20,0x78,0x32,
  0x3d,0x22,0x38,0x22,0x20,0x79,0x32,0x3d,0x22,0x39,0x22,0x2f,0x3e,0x3c,0x2f,0x73,
  0x76,0x67,0x3e,0xa,
    // /home/ubuntu/repos/lui/platform/qt/qml/icons/git-merge.svg
  0x0,0x0,0x1,0x19,
  0x3c,
  0x73,0x76,0x67,0x20,0x78,0x6d,0x6c,0x6e,0x73,0x3d,0x22,0x68,0x74,0x74,0x70,0x3a,
  0x2f,0x2f,0x77,0x77,0x77,0x2e,0x77,0x33,0x2e,0x6f,0x72,0x67,0x2f,0x32,0x30,0x30,
  0x30,0x2f,0x73,0x76,0x67,0x22,0x20,0x77,0x69,0x64,0x74,0x68,0x3d,0x22,0x32,0x34,
  0x22,0x20,0x68,0x65,0x69,0x67,0x68,0x74,0x3d,0x22,0x32,0x34,0x22,0x20,0x76,0x69,
  0x65,0x77,0x42,0x6f,0x78,0x3d,0x22,0x30,0x20,0x30,0x20,0x32,0x34,0x20,0x32,0x34,
  0x22,0x20,0x66,0x69,0x6c,0x6c,0x3d,0x22,0x6e,0x6f,0x6e,0x65,0x22,0x20,0x73,0x74,
  0x72,0x6f,0x6b,0x65,0x3d,0x22,0x63,0x75,0x72,0x72,0x65,0x6e,0x74,0x43,0x6f,0x6c,
  0x6f,0x72,0x22,0x20,0x73,0x74,0x72,0x6f,0x6b,0x65,0x2d,0x77,0x69,0x64,0x74,0x68,
  0x3d,0x22,0x32,0x22,0x20,0x73,0x74,0x72,0x6f,0x6b,0x65,0x2d,0x6c,0x69,0x6e,0x65,
  0x63,0x61,0x70,0x3d,0x22,0x72,0x6f,0x75,0x6e,0x64,0x22,0x20,0x73,0x74,0x72,0x6f,
  0x6b,0x65,0x2d,0x6c,0x69,0x6e,0x65,0x6a,0x6f,0x69,0x6e,0x3d,0x22,0x72,0x6f,0x75,
  0x6e,0x64,0x22,0x3e,0x3c,0x63,0x69,0x72,0x63,0x6c,0x65,0x20,0x63,0x78,0x3d,0x22,
  0x31,0x38,0x22,0x20,0x63,0x79,0x3d,0x22,0x31,0x38,0x22,0x20,0x72,0x3d,0x22,0x33,
  0x22,0x2f,0x3e,0x3c,0x63,0x69,0x72,0x63,0x6c,0x65,0x20,0x63,0x78,0x3d,0x22,0x36,
  0x22,0x20,0x63,0x79,0x3d,0x22,0x36,0x22,0x20,0x72,0x3d,0x22,0x33,0x22,0x2f,0x3e,
  0x3c,0x70,0x61,0x74,0x68,0x20,0x64,0x3d,0x22,0x4d,0x36,0x20,0x32,0x31,0x56,0x39,
  0x61,0x39,0x20,0x39,0x20,0x30,0x20,0x30,0x20,0x30,0x20,0x39,0x20,0x39,0x22,0x2f,
  0x3e,0x3c,0x2f,0x73,0x76,0x67,0x3e,0xa,
    // /home/ubuntu/repos/lui/platform/qt/qml/icons/search.svg
  0x0,0x0,0x1,0x6,
  0x3c,
  0x73,0x76,0x67,0x20,0x78,0x6d,0x6c,0x6e,0x73,0x3d,0x22,0x68,0x74,0x74,0x70,0x3a,
  0x2f,0x2f,0x77,0x77,0x77,0x2e,0x77,0x33,0x2e,0x6f,0x72,0x67,0x2f,0x32,0x30,0x30,
  0x30,0x2f,0x73,0x76,0x67,0x22,0x20,0x77,0x69,0x64,0x74,0x68,0x3d,0x22,0x32,0x34,
  0x22,0x20,0x68,0x65,0x69,0x67,0x68,0x74,0x3d,0x22,0x32,0x34,0x22,0x20,0x76,0x69,
  0x65,0x77,0x42,0x6f,0x78,0x3d,0x22,0x30,0x20,0x30,0x20,0x32,0x34,0x20,0x32,0x34,
  0x22,0x20,0x66,0x69,0x6c,0x6c,0x3d,0x22,0x6e,0x6f,0x6e,0x65,0x22,0x20,0x73,0x74,
  0x72,0x6f,0x6b,0x65,0x3d,0x22,0x63,0x75,0x72,0x72,0x65,0x6e,0x74,0x43,0x6f,0x6c,
  0x6f,0x72,0x22,0x20,0x73,0x74,0x72,0x6f,0x6b,0x65,0x2d,0x77,0x69,0x64,0x74,0x68,
  0x3d,0x22,0x32,0x22,0x20,0x73,0x74,0x72,0x6f,0x6b,0x65,0x2d,0x6c,0x69,0x6e,0x65,
  0x63,0x61,0x70,0x3d,0x22,0x72,0x6f,0x75,0x6e,0x64,0x22,0x20,0x73,0x74,0x72,0x6f,
  0x6b,0x65,0x2d,0x6c,0x69,0x6e,0x65,0x6a,0x6f,0x69,0x6e,0x3d,0x22,0x72,0x6f,0x75,
  0x6e,0x64,0x22,0x3e,0x3c,0x63,0x69,0x72,0x63,0x6c,0x65,0x20,0x63,0x78,0x3d,0x22,
  0x31,0x31,0x22,0x20,0x63,0x79,0x3d,0x22,0x31,0x31,0x22,0x20,0x72,0x3d,0x22,0x37,
  0x22,0x2f,0x3e,0x3c,0x6c,0x69,0x6e,0x65,0x20,0x78,0x31,0x3d,0x22,0x31,0x36,0x2e,
  0x32,0x22,0x20,0x79,0x31,0x3d,0x22,0x31,0x36,0x2e,0x32,0x22,0x20,0x78,0x32,0x3d,
  0x22,0x32,0x31,0x22,0x20,0x79,0x32,0x3d,0x22,0x32,0x31,0x22,0x2f,0x3e,0x3c,0x2f,
  0x73,0x76,0x67,0x3e,0xa,
    // /home/ubuntu/repos/lui/platform/qt/qml/icons/check.svg
  0x0,0x0,0x0,0xe0,
  0x3c,
  0x73,0x76,0x67,0x20,0x78,0x6d,0x6c,0x6e,0x73,0x3d,0x22,0x68,0x74,0x74,0x70,0x3a,
  0x2f,0x2f,0x77,0x77,0x77,0x2e,0x77,0x33,0x2e,0x6f,0x72,0x67,0x2f,0x32,0x30,0x30,
  0x30,0x2f,0x73,0x76,0x67,0x22,0x20,0x77,0x69,0x64,0x74,0x68,0x3d,0x22,0x32,0x34,
  0x22,0x20,0x68,0x65,0x69,0x67,0x68,0x74,0x3d,0x22,0x32,0x34,0x22,0x20,0x76,0x69,
  0x65,0x77,0x42,0x6f,0x78,0x3d,0x22,0x30,0x20,0x30,0x20,0x32,0x34,0x20,0x32,0x34,
  0x22,0x20,0x66,0x69,0x6c,0x6c,0x3d,0x22,0x6e,0x6f,0x6e,0x65,0x22,0x20,0x73,0x74,
  0x72,0x6f,0x6b,0x65,0x3d,0x22,0x63,0x75,0x72,0x72,0x65,0x6e,0x74,0x43,0x6f,0x6c,
  0x6f,0x72,0x22,0x20,0x73,0x74,0x72,0x6f,0x6b,0x65,0x2d,0x77,0x69,0x64,0x74,0x68,
  0x3d,0x22,0x32,0x22,0x20,0x73,0x74,0x72,0x6f,0x6b,0x65,0x2d,0x6c,0x69,0x6e,0x65,
  0x63,0x61,0x70,0x3d,0x22,0x72,0x6f,0x75,0x6e,0x64,0x22,0x20,0x73,0x74,0x72,0x6f,
  0x6b,0x65,0x2d,0x6c,0x69,0x6e,0x65,0x6a,0x6f,0x69,0x6e,0x3d,0x22,0x72,0x6f,0x75,
  0x6e,0x64,0x22,0x3e,0x3c,0x70,0x6f,0x6c,0x79,0x6c,0x69,0x6e,0x65,0x20,0x70,0x6f,
  0x69,0x6e,0x74,0x73,0x3d,0x22,0x35,0x20,0x31,0x33,0x20,0x31,0x30,0x20,0x31,0x38,
  0x20,0x31,0x39,0x20,0x37,0x22,0x2f,0x3e,0x3c,0x2f,0x73,0x76,0x67,0x3e,0xa,
    // /home/ubuntu/repos/lui/platform/qt/qml/icons/menu.svg
  0x0,0x0,0x1,0x2c,
  0x3c,
  0x73,0x76,0x67,0x20,0x78,0x6d,0x6c,0x6e,0x73,0x3d,0x22,0x68,0x74,0x74,0x70,0x3a,
  0x2f,0x2f,0x77,0x77,0x77,0x2e,0x77,0x33,0x2e,0x6f,0x72,0x67,0x2f,0x32,0x30,0x30,
  0x30,0x2f,0x73,0x76,0x67,0x22,0x20,0x77,0x69,0x64,0x74,0x68,0x3d,0x22,0x32,0x34,
  0x22,0x20,0x68,0x65,0x69,0x67,0x68,0x74,0x3d,0x22,0x32,0x34,0x22,0x20,0x76,0x69,
  0x65,0x77,0x42,0x6f,0x78,0x3d,0x22,0x30,0x20,0x30,0x20,0x32,0x34,0x20,0x32,0x34,
  0x22,0x20,0x66,0x69,0x6c,0x6c,0x3d,0x22,0x6e,0x6f,0x6e,0x65,0x22,0x20,0x73,0x74,
  0x72,0x6f,0x6b,0x65,0x3d,0x22,0x63,0x75,0x72,0x72,0x65,0x6e,0x74,0x43,0x6f,0x6c,
  0x6f,0x72,0x22,0x20,0x73,0x74,0x72,0x6f,0x6b,0x65,0x2d,0x77,0x69,0x64,0x74,0x68,
  0x3d,0x22,0x32,0x22,0x20,0x73,0x74,0x72,0x6f,0x6b,0x65,0x2d,0x6c,0x69,0x6e,0x65,
  0x63,0x61,0x70,0x3d,0x22,0x72,0x6f,0x75,0x6e,0x64,0x22,0x20,0x73,0x74,0x72,0x6f,
  0x6b,0x65,0x2d,0x6c,0x69,0x6e,0x65,0x6a,0x6f,0x69,0x6e,0x3d,0x22,0x72,0x6f,0x75,
  0x6e,0x64,0x22,0x3e,0x3c,0x6c,0x69,0x6e,0x65,0x20,0x78,0x31,0x3d,0x22,0x34,0x22,
  0x20,0x79,0x31,0x3d,0x22,0x36,0x22,0x20,0x78,0x32,0x3d,0x22,0x32,0x30,0x22,0x20,
  0x79,0x32,0x3d,0x22,0x36,0x22,0x2f,0x3e,0x3c,0x6c,0x69,0x6e,0x65,0x20,0x78,0x31,
  0x3d,0x22,0x34,0x22,0x20,0x79,0x31,0x3d,0x22,0x31,0x32,0x22,0x20,0x78,0x32,0x3d,
  0x22,0x32,0x30,0x22,0x20,0x79,0x32,0x3d,0x22,0x31,0x32,0x22,0x2f,0x3e,0x3c,0x6c,
  0x69,0x6e,0x65,0x20,0x78,0x31,0x3d,0x22,0x34,0x22,0x20,0x79,0x31,0x3d,0x22,0x31,
  0x38,0x22,0x20,0x78,0x32,0x3d,0x22,0x32,0x30,0x22,0x20,0x79,0x32,0x3d,0x22,0x31,
  0x38,0x22,0x2f,0x3e,0x3c,0x2f,0x73,0x76,0x67,0x3e,0xa,
    // /home/ubuntu/repos/lui/platform/qt/qml/icons/terminal.svg
  0x0,0x0,0x1,0x6,
  0x3c,
  0x73,0x76,0x67,0x20,0x78,0x6d,0x6c,0x6e,0x73,0x3d,0x22,0x68,0x74,0x74,0x70,0x3a,
  0x2f,0x2f,0x77,0x77,0x77,0x2e,0x77,0x33,0x2e,0x6f,0x72,0x67,0x2f,0x32,0x30,0x30,
  0x30,0x2f,0x73,0x76,0x67,0x22,0x20,0x77,0x69,0x64,0x74,0x68,0x3d,0x22,0x32,0x34,
  0x22,0x20,0x68,0x65,0x69,0x67,0x68,0x74,0x3d,0x22,0x32,0x34,0x22,0x20,0x76,0x69,
  0x65,0x77,0x42,0x6f,0x78,0x3d,0x22,0x30,0x20,0x30,0x20,0x32,0x34,0x20,0x32,0x34,
  0x22,0x20,0x66,0x69,0x6c,0x6c,0x3d,0x22,0x6e,0x6f,0x6e,0x65,0x22,0x20,0x73,0x74,
  0x72,0x6f,0x6b,0x65,0x3d,0x22,0x63,0x75,0x72,0x72,0x65,0x6e,0x74,0x43,0x6f,0x6c,
  0x6f,0x72,0x22,0x20,0x73,0x74,0x72,0x6f,0x6b,0x65,0x2d,0x77,0x69,0x64,0x74,0x68,
  0x3d,0x22,0x32,0x22,0x20,0x73,0x74,0x72,0x6f,0x6b,0x65,0x2d,0x6c,0x69,0x6e,0x65,
  0x63,0x61,0x70,0x3d,0x22,0x72,0x6f,0x75,0x6e,0x64,0x22,0x20,0x73,0x74,0x72,0x6f,
  0x6b,0x65,0x2d,0x6c,0x69,0x6e,0x65,0x6a,0x6f,0x69,0x6e,0x3d,0x22,0x72,0x6f,0x75,
  0x6e,0x64,0x22,0x3e,0x3c,0x70,0x6f,0x6c,0x79,0x6c,0x69,0x6e,0x65,0x20,0x70,0x6f,
  0x69,0x6e,0x74,0x73,0x3d,0x22,0x34,0x20,0x31,0x37,0x20,0x31,0x30,0x20,0x31,0x31,
  0x20,0x34,0x20,0x35,0x22,0x2f,0x3e,0x3c,0x6c,0x69,0x6e,0x65,0x20,0x78,0x31,0x3d,
  0x22,0x31,0x32,0x22,0x20,0x79,0x31,0x3d,0x22,0x31,0x39,0x22,0x20,0x78,0x32,0x3d,
  0x22,0x32,0x30,0x22,0x20,0x79,0x32,0x3d,0x22,0x31,0x39,0x22,0x2f,0x3e,0x3c,0x2f,
  0x73,0x76,0x67,0x3e,0xa,
    // /home/ubuntu/repos/lui/platform/qt/qml/icons/chevron-right.svg
  0x0,0x0,0x0,0xe5,
  0x3c,
  0x73,0x76,0x67,0x20,0x78,0x6d,0x6c,0x6e,0x73,0x3d,0x22,0x68,0x74,0x74,0x70,0x3a,
  0x2f,0x2f,0x77,0x77,0x77,0x2e,0x77,0x33,0x2e,0x6f,0x72,0x67,0x2f,0x32,0x30,0x30,
  0x30,0x2f,0x73,0x76,0x67,0x22,0x20,0x77,0x69,0x64,0x74,0x68,0x3d,0x22,0x32,0x34,
  0x22,0x20,0x68,0x65,0x69,0x67,0x68,0x74,0x3d,0x22,0x32,0x34,0x22,0x20,0x76,0x69,
  0x65,0x77,0x42,0x6f,0x78,0x3d,0x22,0x30,0x20,0x30,0x20,0x32,0x34,0x20,0x32,0x34,
  0x22,0x20,0x66,0x69,0x6c,0x6c,0x3d,0x22,0x6e,0x6f,0x6e,0x65,0x22,0x20,0x73,0x74,
  0x72,0x6f,0x6b,0x65,0x3d,0x22,0x63,0x75,0x72,0x72,0x65,0x6e,0x74,0x43,0x6f,0x6c,
  0x6f,0x72,0x22,0x20,0x73,0x74,0x72,0x6f,0x6b,0x65,0x2d,0x77,0x69,0x64,0x74,0x68,
  0x3d,0x22,0x32,0x22,0x20,0x73,0x74,0x72,0x6f,0x6b,0x65,0x2d,0x6c,0x69,0x6e,0x65,
  0x63,0x61,0x70,0x3d,0x22,0x72,0x6f,0x75,0x6e,0x64,0x22,0x20,0x73,0x74,0x72,0x6f,
  0x6b,0x65,0x2d,0x6c,0x69,0x6e,0x65,0x6a,0x6f,0x69,0x6e,0x3d,0x22,0x72,0x6f,0x75,
  0x6e,0x64,0x22,0x3e,0x3c,0x70,0x6f,0x6c,0x79,0x6c,0x69,0x6e,0x65,0x20,0x70,0x6f,
  0x69,0x6e,0x74,0x73,0x3d,0x22,0x39,0x2e,0x35,0x20,0x36,0x20,0x31,0x35,0x2e,0x35,
  0x20,0x31,0x32,0x20,0x39,0x2e,0x35,0x20,0x31,0x38,0x22,0x2f,0x3e,0x3c,0x2f,0x73,
  0x76,0x67,0x3e,0xa,
    // /home/ubuntu/repos/lui/platform/qt/qml/icons/download.svg
  0x0,0x0,0x1,0x59,
  0x3c,
  0x73,0x76,0x67,0x20,0x78,0x6d,0x6c,0x6e,0x73,0x3d,0x22,0x68,0x74,0x74,0x70,0x3a,
  0x2f,0x2f,0x77,0x77,0x77,0x2e,0x77,0x33,0x2e,0x6f,0x72,0x67,0x2f,0x32,0x30,0x30,
  0x30,0x2f,0x73,0x76,0x67,0x22,0x20,0x77,0x69,0x64,0x74,0x68,0x3d,0x22,0x32,0x34,
  0x22,0x20,0x68,0x65,0x69,0x67,0x68,0x74,0x3d,0x22,0x32,0x34,0x22,0x20,0x76,0x69,
  0x65,0x77,0x42,0x6f,0x78,0x3d,0x22,0x30,0x20,0x30,0x20,0x32,0x34,0x20,0x32,0x34,
  0x22,0x20,0x66,0x69,0x6c,0x6c,0x3d,0x22,0x6e,0x6f,0x6e,0x65,0x22,0x20,0x73,0x74,
  0x72,0x6f,0x6b,0x65,0x3d,0x22,0x63,0x75,0x72,0x72,0x65,0x6e,0x74,0x43,0x6f,0x6c,
  0x6f,0x72,0x22,0x20,0x73,0x74,0x72,0x6f,0x6b,0x65,0x2d,0x77,0x69,0x64,0x74,0x68,
  0x3d,0x22,0x32,0x22,0x20,0x73,0x74,0x72,0x6f,0x6b,0x65,0x2d,0x6c,0x69,0x6e,0x65,
  0x63,0x61,0x70,0x3d,0x22,0x72,0x6f,0x75,0x6e,0x64,0x22,0x20,0x73,0x74,0x72,0x6f,
  0x6b,0x65,0x2d,0x6c,0x69,0x6e,0x65,0x6a,0x6f,0x69,0x6e,0x3d,0x22,0x72,0x6f,0x75,
  0x6e,0x64,0x22,0x3e,0x3c,0x6c,0x69,0x6e,0x65,0x20,0x78,0x31,0x3d,0x22,0x31,0x32,
  0x22,0x20,0x79,0x31,0x3d,0x22,0x33,0x2e,0x35,0x22,0x20,0x78,0x32,0x3d,0x22,0x31,
  0x32,0x22,0x20,0x79,0x32,0x3d,0x22,0x31,0x34,0x2e,0x35,0x22,0x2f,0x3e,0x3c,0x70,
  0x6f,0x6c,0x79,0x6c,0x69,0x6e,0x65,0x20,0x70,0x6f,0x69,0x6e,0x74,0x73,0x3d,0x22,
  0x36,0x2e,0x35,0x20,0x39,0x2e,0x35,0x20,0x31,0x32,0x20,0x31,0x35,0x20,0x31,0x37,
  0x2e,0x35,0x20,0x39,0x2e,0x35,0x22,0x2f,0x3e,0x3c,0x70,0x61,0x74,0x68,0x20,0x64,
  0x3d,0x22,0x4d,0x34,0x20,0x31,0x36,0x2e,0x35,0x20,0x56,0x31,0x38,0x2e,0x35,0x20,
  0x41,0x32,0x20,0x32,0x20,0x30,0x20,0x30,0x20,0x30,0x20,0x36,0x20,0x32,0x30,0x2e,
  0x35,0x20,0x48,0x31,0x38,0x20,0x41,0x32,0x20,0x32,0x20,0x30,0x20,0x30,0x20,0x30,
  0x20,0x32,0x30,0x20,0x31,0x38,0x2e,0x35,0x20,0x56,0x31,0x36,0x2e,0x35,0x22,0x2f,
  0x3e,0x3c,0x2f,0x73,0x76,0x67,0x3e,0xa,
    // /home/ubuntu/repos/lui/platform/qt/qml/icons/git-branch.svg
  0x0,0x0,0x1,0x3b,
  0x3c,
  0x73,0x76,0x67,0x20,0x78,0x6d,0x6c,0x6e,0x73,0x3d,0x22,0x68,0x74,0x74,0x70,0x3a,
  0x2f,0x2f,0x77,0x77,0x77,0x2e,0x77,0x33,0x2e,0x6f,0x72,0x67,0x2f,0x32,0x30,0x30,
  0x30,0x2f,0x73,0x76,0x67,0x22,0x20,0x77,0x69,0x64,0x74,0x68,0x3d,0x22,0x32,0x34,
  0x22,0x20,0x68,0x65,0x69,0x67,0x68,0x74,0x3d,0x22,0x32,0x34,0x22,0x20,0x76,0x69,
  0x65,0x77,0x42,0x6f,0x78,0x3d,0x22,0x30,0x20,0x30,0x20,0x32,0x34,0x20,0x32,0x34,
  0x22,0x20,0x66,0x69,0x6c,0x6c,0x3d,0x22,0x6e,0x6f,0x6e,0x65,0x22,0x20,0x73,0x74,
  0x72,0x6f,0x6b,0x65,0x3d,0x22,0x63,0x75,0x72,0x72,0x65,0x6e,0x74,0x43,0x6f,0x6c,
  0x6f,0x72,0x22,0x20,0x73,0x74,0x72,0x6f,0x6b,0x65,0x2d,0x77,0x69,0x64,0x74,0x68,
  0x3d,0x22,0x32,0x22,0x20,0x73,0x74,0x72,0x6f,0x6b,0x65,0x2d,0x6c,0x69,0x6e,0x65,
  0x63,0x61,0x70,0x3d,0x22,0x72,0x6f,0x75,0x6e,0x64,0x22,0x20,0x73,0x74,0x72,0x6f,
  0x6b,0x65,0x2d,0x6c,0x69,0x6e,0x65,0x6a,0x6f,0x69,0x6e,0x3d,0x22,0x72,0x6f,0x75,
  0x6e,0x64,0x22,0x3e,0x3c,0x6c,0x69,0x6e,0x65,0x20,0x78,0x31,0x3d,0x22,0x36,0x22,
  0x20,0x79,0x31,0x3d,0x22,0x33,0x22,0x20,0x78,0x32,0x3d,0x22,0x36,0x22,0x20,0x79,
  0x32,0x3d,0x22,0x31,0x35,0x22,0x2f,0x3e,0x3c,0x63,0x69,0x72,0x63,0x6c,0x65,0x20,
  0x63,0x78,0x3d,0x22,0x31,0x38,0x22,0x20,0x63,0x79,0x3d,0x22,0x36,0x22,0x20,0x72,
  0x3d,0x22,0x33,0x22,0x2f,0x3e,0x3c,0x63,0x69,0x72,0x63,0x6c,0x65,0x20,0x63,0x78,
  0x3d,0x22,0x36,0x22,0x20,0x63,0x79,0x3d,0x22,0x31,0x38,0x22,0x20,0x72,0x3d,0x22,
  0x33,0x22,0x2f,0x3e,0x3c,0x70,0x61,0x74,0x68,0x20,0x64,0x3d,0x22,0x4d,0x31,0x38,
  0x20,0x39,0x61,0x39,0x20,0x39,0x20,0x30,0x20,0x30,0x20,0x31,0x2d,0x39,0x20,0x39,
  0x22,0x2f,0x3e,0x3c,0x2f,0x73,0x76,0x67,0x3e,0xa,
    // /home/ubuntu/repos/lui/platform/qt/qml/icons/arrow-right.svg
  0x0,0x0,0x1,0x11,
  0x3c,
  0x73,0x76,0x67,0x20,0x78,0x6d,0x6c,0x6e,0x73,0x3d,0x22,0x68,0x74,0x74,0x70,0x3a,
  0x2f,0x2f,0x77,0x77,0x77,0x2e,0x77,0x33,0x2e,0x6f,0x72,0x67,0x2f,0x32,0x30,0x30,
  0x30,0x2f,0x73,0x76,0x67,0x22,0x20,0x77,0x69,0x64,0x74,0x68,0x3d,0x22,0x32,0x34,
  0x22,0x20,0x68,0x65,0x69,0x67,0x68,0x74,0x3d,0x22,0x32,0x34,0x22,0x20,0x76,0x69,
  0x65,0x77,0x42,0x6f,0x78,0x3d,0x22,0x30,0x20,0x30,0x20,0x32,0x34,0x20,0x32,0x34,
  0x22,0x20,0x66,0x69,0x6c,0x6c,0x3d,0x22,0x6e,0x6f,0x6e,0x65,0x22,0x20,0x73,0x74,
  0x72,0x6f,0x6b,0x65,0x3d,0x22,0x63,0x75,0x72,0x72,0x65,0x6e,0x74,0x43,0x6f,0x6c,
  0x6f,0x72,0x22,0x20,0x73,0x74,0x72,0x6f,0x6b,0x65,0x2d,0x77,0x69,0x64,0x74,0x68,
  0x3d,0x22,0x32,0x22,0x20,0x73,0x74,0x72,0x6f,0x6b,0x65,0x2d,0x6c,0x69,0x6e,0x65,
  0x63,0x61,0x70,0x3d,0x22,0x72,0x6f,0x75,0x6e,0x64,0x22,0x20,0x73,0x74,0x72,0x6f,
  0x6b,0x65,0x2d,0x6c,0x69,0x6e,0x65,0x6a,0x6f,0x69,0x6e,0x3d,0x22,0x72,0x6f,0x75,
  0x6e,0x64,0x22,0x3e,0x3c,0x6c,0x69,0x6e,0x65,0x20,0x78,0x31,0x3d,0x22,0x34,0x2e,
  0x35,0x22,0x20,0x79,0x31,0x3d,0x22,0x31,0x32,0x22,0x20,0x78,0x32,0x3d,0x22,0x31,
  0x39,0x2e,0x35,0x22,0x20,0x79,0x32,0x3d,0x22,0x31,0x32,0x22,0x2f,0x3e,0x3c,0x70,
  0x6f,0x6c,0x79,0x6c,0x69,0x6e,0x65,0x20,0x70,0x6f,0x69,0x6e,0x74,0x73,0x3d,0x22,
  0x31,0x33,0x20,0x35,0x2e,0x35,0x20,0x31,0x39,0x2e,0x35,0x20,0x31,0x32,0x20,0x31,
  0x33,0x20,0x31,0x38,0x2e,0x35,0x22,0x2f,0x3e,0x3c,0x2f,0x73,0x76,0x67,0x3e,0xa,
  
    // /home/ubuntu/repos/lui/platform/qt/qml/icons/save.svg
  0x0,0x0,0x1,0x81,
  0x3c,
  0x73,0x76,0x67,0x20,0x78,0x6d,0x6c,0x6e,0x73,0x3d,0x22,0x68,0x74,0x74,0x70,0x3a,
  0x2f,0x2f,0x77,0x77,0x77,0x2e,0x77,0x33,0x2e,0x6f,0x72,0x67,0x2f,0x32,0x30,0x30,
  0x30,0x2f,0x73,0x76,0x67,0x22,0x20,0x77,0x69,0x64,0x74,0x68,0x3d,0x22,0x32,0x34,
  0x22,0x20,0x68,0x65,0x69,0x67,0x68,0x74,0x3d,0x22,0x32,0x34,0x22,0x20,0x76,0x69,
  0x65,0x77,0x42,0x6f,0x78,0x3d,0x22,0x30,0x20,0x30,0x20,0x32,0x34,0x20,0x32,0x34,
  0x22,0x20,0x66,0x69,0x6c,0x6c,0x3d,0x22,0x6e,0x6f,0x6e,0x65,0x22,0x20,0x73,0x74,
  0x72,0x6f,0x6b,0x65,0x3d,0x22,0x63,0x75,0x72,0x72,0x65,0x6e,0x74,0x43,0x6f,0x6c,
  0x6f,0x72,0x22,0x20,0x73,0x74,0x72,0x6f,0x6b,0x65,0x2d,0x77,0x69,0x64,0x74,0x68,
  0x3d,0x22,0x32,0x22,0x20,0x73,0x74,0x72,0x6f,0x6b,0x65,0x2d,0x6c,0x69,0x6e,0x65,
  0x63,0x61,0x70,0x3d,0x22,0x72,0x6f,0x75,0x6e,0x64,0x22,0x20,0x73,0x74,0x72,0x6f,
  0x6b,0x65,0x2d,0x6c,0x69,0x6e,0x65,0x6a,0x6f,0x69,0x6e,0x3d,0x22,0x72,0x6f,0x75,
  0x6e,0x64,0x22,0x3e,0x3c,0x70,0x61,0x74,0x68,0x20,0x64,0x3d,0x22,0x4d,0x31,0x35,
  0x2e,0x32,0x20,0x33,0x61,0x32,0x20,0x32,0x20,0x30,0x20,0x30,0x20,0x31,0x20,0x31,
  0x2e,0x34,0x2e,0x36,0x6c,0x33,0x2e,0x38,0x20,0x33,0x2e,0x38,0x61,0x32,0x20,0x32,
  0x20,0x30,0x20,0x30,0x20,0x31,0x20,0x2e,0x36,0x20,0x31,0x2e,0x34,0x56,0x31,0x39,
  0x61,0x32,0x20,0x32,0x20,0x30,0x20,0x30,0x20,0x31,0x2d,0x32,0x20,0x32,0x48,0x35,
  0x61,0x32,0x20,0x32,0x20,0x30,0x20,0x30,0x20,0x31,0x2d,0x32,0x2d,0x32,0x56,0x35,
  0x61,0x32,0x20,0x32,0x20,0x30,0x20,0x30,0x20,0x31,0x20,0x32,0x2d,0x32,0x5a,0x22,
  0x2f,0x3e,0x3c,0x70,0x61,0x74,0x68,0x20,0x64,0x3d,0x22,0x4d,0x31,0x37,0x20,0x32,
  0x31,0x76,0x2d,0x37,0x61,0x31,0x20,0x31,0x20,0x30,0x20,0x30,0x20,0x30,0x2d,0x31,
  0x2d,0x31,0x48,0x38,0x61,0x31,0x20,0x31,0x20,0x30,0x20,0x30,0x20,0x30,0x2d,0x31,
  0x20,0x31,0x76,0x37,0x22,0x2f,0x3e,0x3c,0x70,0x61,0x74,0x68,0x20,0x64,0x3d,0x22,
  0x4d,0x37,0x20,0x33,0x76,0x34,0x61,0x31,0x20,0x31,0x20,0x30,0x20,0x30,0x20,0x30,
  0x20,0x31,0x20,0x31,0x68,0x37,0x22,0x2f,0x3e,0x3c,0x2f,0x73,0x76,0x67,0x3e,0xa,
  
    // /home/ubuntu/repos/lui/platform/qt/qml/icons/plus.svg
  0x0,0x0,0x1,0x8,
  0x3c,
  0x73,0x76,0x67,0x20,0x78,0x6d,0x6c,0x6e,0x73,0x3d,0x22,0x68,0x74,0x74,0x70,0x3a,
  0x2f,0x2f,0x77,0x77,0x77,0x2e,0x77,0x33,0x2e,0x6f,0x72,0x67,0x2f,0x32,0x30,0x30,
  0x30,0x2f,0x73,0x76,0x67,0x22,0x20,0x77,0x69,0x64,0x74,0x68,0x3d,0x22,0x32,0x34,
  0x22,0x20,0x68,0x65,0x69,0x67,0x68,0x74,0x3d,0x22,0x32,0x34,0x22,0x20,0x76,0x69,
  0x65,0x77,0x42,0x6f,0x78,0x3d,0x22,0x30,0x20,0x30,0x20,0x32,0x34,0x20,0x32,0x34,
  0x22,0x20,0x66,0x69,0x6c,0x6c,0x3d,0x22,0x6e,0x6f,0x6e,0x65,0x22,0x20,0x73,0x74,
  0x72,0x6f,0x6b,0x65,0x3d,0x22,0x63,0x75,0x72,0x72,0x65,0x6e,0x74,0x43,0x6f,0x6c,
  0x6f,0x72,0x22,0x20,0x73,0x74,0x72,0x6f,0x6b,0x65,0x2d,0x77,0x69,0x64,0x74,0x68,
  0x3d,0x22,0x32,0x22,0x20,0x73,0x74,0x72,0x6f,0x6b,0x65,0x2d,0x6c,0x69,0x6e,0x65,
  0x63,0x61,0x70,0x3d,0x22,0x72,0x6f,0x75,0x6e,0x64,0x22,0x20,0x73,0x74,0x72,0x6f,
  0x6b,0x65,0x2d,0x6c,0x69,0x6e,0x65,0x6a,0x6f,0x69,0x6e,0x3d,0x22,0x72,0x6f,0x75,
  0x6e,0x64,0x22,0x3e,0x3c,0x6c,0x69,0x6e,0x65,0x20,0x78,0x31,0x3d,0x22,0x31,0x32,
  0x22,0x20,0x79,0x31,0x3d,0x22,0x35,0x22,0x20,0x78,0x32,0x3d,0x22,0x31,0x32,0x22,
  0x20,0x79,0x32,0x3d,0x22,0x31,0x39,0x22,0x2f,0x3e,0x3c,0x6c,0x69,0x6e,0x65,0x20,
  0x78,0x31,0x3d,0x22,0x35,0x22,0x20,0x79,0x31,0x3d,0x22,0x31,0x32,0x22,0x20,0x78,
  0x32,0x3d,0x22,0x31,0x39,0x22,0x20,0x79,0x32,0x3d,0x22,0x31,0x32,0x22,0x2f,0x3e,
  0x3c,0x2f,0x73,0x76,0x67,0x3e,0xa,
  
};

static const unsigned char qt_resource_name[] = {
  // qt
  0x0,0x2,
  0x0,0x0,0x7,0x84,
  0x0,0x71,
  0x0,0x74,
    // qml
  0x0,0x3,
  0x0,0x0,0x78,0x3c,
  0x0,0x71,
  0x0,0x6d,0x0,0x6c,
    // Lui
  0x0,0x3,
  0x0,0x0,0x53,0xb9,
  0x0,0x4c,
  0x0,0x75,0x0,0x69,
    // LuiPagination.qml
  0x0,0x11,
  0x2,0xd7,0x40,0xfc,
  0x0,0x4c,
  0x0,0x75,0x0,0x69,0x0,0x50,0x0,0x61,0x0,0x67,0x0,0x69,0x0,0x6e,0x0,0x61,0x0,0x74,0x0,0x69,0x0,0x6f,0x0,0x6e,0x0,0x2e,0x0,0x71,0x0,0x6d,0x0,0x6c,
  
    // icons
  0x0,0x5,
  0x0,0x6f,0xa6,0x53,
  0x0,0x69,
  0x0,0x63,0x0,0x6f,0x0,0x6e,0x0,0x73,
    // LuiDivider.qml
  0x0,0xe,
  0xd,0x73,0x5d,0x3c,
  0x0,0x4c,
  0x0,0x75,0x0,0x69,0x0,0x44,0x0,0x69,0x0,0x76,0x0,0x69,0x0,0x64,0x0,0x65,0x0,0x72,0x0,0x2e,0x0,0x71,0x0,0x6d,0x0,0x6c,
    // LuiHeading.qml
  0x0,0xe,
  0xb,0xf7,0x2f,0x9c,
  0x0,0x4c,
  0x0,0x75,0x0,0x69,0x0,0x48,0x0,0x65,0x0,0x61,0x0,0x64,0x0,0x69,0x0,0x6e,0x0,0x67,0x0,0x2e,0x0,0x71,0x0,0x6d,0x0,0x6c,
    // LuiInput.qml
  0x0,0xc,
  0xd,0xb0,0x98,0x9c,
  0x0,0x4c,
  0x0,0x75,0x0,0x69,0x0,0x49,0x0,0x6e,0x0,0x70,0x0,0x75,0x0,0x74,0x0,0x2e,0x0,0x71,0x0,0x6d,0x0,0x6c,
    // LuiRow.qml
  0x0,0xa,
  0x9,0x64,0x23,0xfc,
  0x0,0x4c,
  0x0,0x75,0x0,0x69,0x0,0x52,0x0,0x6f,0x0,0x77,0x0,0x2e,0x0,0x71,0x0,0x6d,0x0,0x6c,
    // LuiRadioGroup.qml
  0x0,0x11,
  0x8,0xd5,0xd3,0x1c,
  0x0,0x4c,
  0x0,0x75,0x0,0x69,0x0,0x52,0x0,0x61,0x0,0x64,0x0,0x69,0x0,0x6f,0x0,0x47,0x0,0x72,0x0,0x6f,0x0,0x75,0x0,0x70,0x0,0x2e,0x0,0x71,0x0,0x6d,0x0,0x6c,
  
    // LuiTooltip.qml
  0x0,0xe,
  0xc,0xd5,0xb8,0xbc,
  0x0,0x4c,
  0x0,0x75,0x0,0x69,0x0,0x54,0x0,0x6f,0x0,0x6f,0x0,0x6c,0x0,0x74,0x0,0x69,0x0,0x70,0x0,0x2e,0x0,0x71,0x0,0x6d,0x0,0x6c,
    // LuiContextMenu.qml
  0x0,0x12,
  0x7,0xe2,0xcf,0xfc,
  0x0,0x4c,
  0x0,0x75,0x0,0x69,0x0,0x43,0x0,0x6f,0x0,0x6e,0x0,0x74,0x0,0x65,0x0,0x78,0x0,0x74,0x0,0x4d,0x0,0x65,0x0,0x6e,0x0,0x75,0x0,0x2e,0x0,0x71,0x0,0x6d,
  0x0,0x6c,
    // LuiSecureField.qml
  0x0,0x12,
  0xd,0x59,0xcb,0x1c,
  0x0,0x4c,
  0x0,0x75,0x0,0x69,0x0,0x53,0x0,0x65,0x0,0x63,0x0,0x75,0x0,0x72,0x0,0x65,0x0,0x46,0x0,0x69,0x0,0x65,0x0,0x6c,0x0,0x64,0x0,0x2e,0x0,0x71,0x0,0x6d,
  0x0,0x6c,
    // LuiList.qml
  0x0,0xb,
  0x0,0x0,0x2c,0x5c,
  0x0,0x4c,
  0x0,0x75,0x0,0x69,0x0,0x4c,0x0,0x69,0x0,0x73,0x0,0x74,0x0,0x2e,0x0,0x71,0x0,0x6d,0x0,0x6c,
    // LuiSpacer.qml
  0x0,0xd,
  0xe,0xb8,0x1d,0x9c,
  0x0,0x4c,
  0x0,0x75,0x0,0x69,0x0,0x53,0x0,0x70,0x0,0x61,0x0,0x63,0x0,0x65,0x0,0x72,0x0,0x2e,0x0,0x71,0x0,0x6d,0x0,0x6c,
    // LuiBottomTab.qml
  0x0,0x10,
  0x8,0xb6,0xdf,0x1c,
  0x0,0x4c,
  0x0,0x75,0x0,0x69,0x0,0x42,0x0,0x6f,0x0,0x74,0x0,0x74,0x0,0x6f,0x0,0x6d,0x0,0x54,0x0,0x61,0x0,0x62,0x0,0x2e,0x0,0x71,0x0,0x6d,0x0,0x6c,
    // LuiSplit.qml
  0x0,0xc,
  0x9,0x70,0x84,0xdc,
  0x0,0x4c,
  0x0,0x75,0x0,0x69,0x0,0x53,0x0,0x70,0x0,0x6c,0x0,0x69,0x0,0x74,0x0,0x2e,0x0,0x71,0x0,0x6d,0x0,0x6c,
    // LuiProgress.qml
  0x0,0xf,
  0x0,0x59,0xa7,0xdc,
  0x0,0x4c,
  0x0,0x75,0x0,0x69,0x0,0x50,0x0,0x72,0x0,0x6f,0x0,0x67,0x0,0x72,0x0,0x65,0x0,0x73,0x0,0x73,0x0,0x2e,0x0,0x71,0x0,0x6d,0x0,0x6c,
    // LuiCheckbox.qml
  0x0,0xf,
  0x2,0x57,0x16,0xfc,
  0x0,0x4c,
  0x0,0x75,0x0,0x69,0x0,0x43,0x0,0x68,0x0,0x65,0x0,0x63,0x0,0x6b,0x0,0x62,0x0,0x6f,0x0,0x78,0x0,0x2e,0x0,0x71,0x0,0x6d,0x0,0x6c,
    // LuiResizable.qml
  0x0,0x10,
  0x8,0xb0,0x9b,0x7c,
  0x0,0x4c,
  0x0,0x75,0x0,0x69,0x0,0x52,0x0,0x65,0x0,0x73,0x0,0x69,0x0,0x7a,0x0,0x61,0x0,0x62,0x0,0x6c,0x0,0x65,0x0,0x2e,0x0,0x71,0x0,0x6d,0x0,0x6c,
    // LuiTable.qml
  0x0,0xc,
  0x3,0x53,0x84,0xdc,
  0x0,0x4c,
  0x0,0x75,0x0,0x69,0x0,0x54,0x0,0x61,0x0,0x62,0x0,0x6c,0x0,0x65,0x0,0x2e,0x0,0x71,0x0,0x6d,0x0,0x6c,
    // LuiImage.qml
  0x0,0xc,
  0xd,0xa3,0x98,0x5c,
  0x0,0x4c,
  0x0,0x75,0x0,0x69,0x0,0x49,0x0,0x6d,0x0,0x61,0x0,0x67,0x0,0x65,0x0,0x2e,0x0,0x71,0x0,0x6d,0x0,0x6c,
    // LuiVirtualList.qml
  0x0,0x12,
  0x7,0x3e,0xe2,0x5c,
  0x0,0x4c,
  0x0,0x75,0x0,0x69,0x0,0x56,0x0,0x69,0x0,0x72,0x0,0x74,0x0,0x75,0x0,0x61,0x0,0x6c,0x0,0x4c,0x0,0x69,0x0,0x73,0x0,0x74,0x0,0x2e,0x0,0x71,0x0,0x6d,
  0x0,0x6c,
    // LuiBubble.qml
  0x0,0xd,
  0xe,0x5f,0x62,0x7c,
  0x0,0x4c,
  0x0,0x75,0x0,0x69,0x0,0x42,0x0,0x75,0x0,0x62,0x0,0x62,0x0,0x6c,0x0,0x65,0x0,0x2e,0x0,0x71,0x0,0x6d,0x0,0x6c,
    // LuiDrawer.qml
  0x0,0xd,
  0xa,0xbe,0x28,0x7c,
  0x0,0x4c,
  0x0,0x75,0x0,0x69,0x0,0x44,0x0,0x72,0x0,0x61,0x0,0x77,0x0,0x65,0x0,0x72,0x0,0x2e,0x0,0x71,0x0,0x6d,0x0,0x6c,
    // LuiGrid.qml
  0x0,0xb,
  0x8,0x50,0x2f,0xfc,
  0x0,0x4c,
  0x0,0x75,0x0,0x69,0x0,0x47,0x0,0x72,0x0,0x69,0x0,0x64,0x0,0x2e,0x0,0x71,0x0,0x6d,0x0,0x6c,
    // LuiStyle.js
  0x0,0xb,
  0xb,0x65,0x38,0x53,
  0x0,0x4c,
  0x0,0x75,0x0,0x69,0x0,0x53,0x0,0x74,0x0,0x79,0x0,0x6c,0x0,0x65,0x0,0x2e,0x0,0x6a,0x0,0x73,
    // LuiRadio.qml
  0x0,0xc,
  0x0,0xb9,0x88,0xdc,
  0x0,0x4c,
  0x0,0x75,0x0,0x69,0x0,0x52,0x0,0x61,0x0,0x64,0x0,0x69,0x0,0x6f,0x0,0x2e,0x0,0x71,0x0,0x6d,0x0,0x6c,
    // LuiPanel.qml
  0x0,0xc,
  0xe,0xc8,0x9d,0x3c,
  0x0,0x4c,
  0x0,0x75,0x0,0x69,0x0,0x50,0x0,0x61,0x0,0x6e,0x0,0x65,0x0,0x6c,0x0,0x2e,0x0,0x71,0x0,0x6d,0x0,0x6c,
    // LuiDropdownMenu.qml
  0x0,0x13,
  0xb,0xcf,0xf9,0x5c,
  0x0,0x4c,
  0x0,0x75,0x0,0x69,0x0,0x44,0x0,0x72,0x0,0x6f,0x0,0x70,0x0,0x64,0x0,0x6f,0x0,0x77,0x0,0x6e,0x0,0x4d,0x0,0x65,0x0,0x6e,0x0,0x75,0x0,0x2e,0x0,0x71,
  0x0,0x6d,0x0,0x6c,
    // LuiCard.qml
  0x0,0xb,
  0x8,0x20,0x2f,0x1c,
  0x0,0x4c,
  0x0,0x75,0x0,0x69,0x0,0x43,0x0,0x61,0x0,0x72,0x0,0x64,0x0,0x2e,0x0,0x71,0x0,0x6d,0x0,0x6c,
    // LuiSpinner.qml
  0x0,0xe,
  0x3,0x11,0x9c,0x7c,
  0x0,0x4c,
  0x0,0x75,0x0,0x69,0x0,0x53,0x0,0x70,0x0,0x69,0x0,0x6e,0x0,0x6e,0x0,0x65,0x0,0x72,0x0,0x2e,0x0,0x71,0x0,0x6d,0x0,0x6c,
    // LuiTableRow.qml
  0x0,0xf,
  0x4,0x28,0x3f,0x9c,
  0x0,0x4c,
  0x0,0x75,0x0,0x69,0x0,0x54,0x0,0x61,0x0,0x62,0x0,0x6c,0x0,0x65,0x0,0x52,0x0,0x6f,0x0,0x77,0x0,0x2e,0x0,0x71,0x0,0x6d,0x0,0x6c,
    // LuiToolbar.qml
  0x0,0xe,
  0xf,0x53,0xb8,0x9c,
  0x0,0x4c,
  0x0,0x75,0x0,0x69,0x0,0x54,0x0,0x6f,0x0,0x6f,0x0,0x6c,0x0,0x62,0x0,0x61,0x0,0x72,0x0,0x2e,0x0,0x71,0x0,0x6d,0x0,0x6c,
    // LuiBottomTabs.qml
  0x0,0x11,
  0xb,0xae,0xe7,0x3c,
  0x0,0x4c,
  0x0,0x75,0x0,0x69,0x0,0x42,0x0,0x6f,0x0,0x74,0x0,0x74,0x0,0x6f,0x0,0x6d,0x0,0x54,0x0,0x61,0x0,0x62,0x0,0x73,0x0,0x2e,0x0,0x71,0x0,0x6d,0x0,0x6c,
  
    // LuiIcon.qml
  0x0,0xb,
  0xb,0x6,0x2f,0xdc,
  0x0,0x4c,
  0x0,0x75,0x0,0x69,0x0,0x49,0x0,0x63,0x0,0x6f,0x0,0x6e,0x0,0x2e,0x0,0x71,0x0,0x6d,0x0,0x6c,
    // LuiTextarea.qml
  0x0,0xf,
  0x5,0xec,0xef,0xdc,
  0x0,0x4c,
  0x0,0x75,0x0,0x69,0x0,0x54,0x0,0x65,0x0,0x78,0x0,0x74,0x0,0x61,0x0,0x72,0x0,0x65,0x0,0x61,0x0,0x2e,0x0,0x71,0x0,0x6d,0x0,0x6c,
    // LuiBreadcrumb.qml
  0x0,0x11,
  0xc,0x14,0xf7,0x7c,
  0x0,0x4c,
  0x0,0x75,0x0,0x69,0x0,0x42,0x0,0x72,0x0,0x65,0x0,0x61,0x0,0x64,0x0,0x63,0x0,0x72,0x0,0x75,0x0,0x6d,0x0,0x62,0x0,0x2e,0x0,0x71,0x0,0x6d,0x0,0x6c,
  
    // LuiButton.qml
  0x0,0xd,
  0xc,0x5a,0x70,0x1c,
  0x0,0x4c,
  0x0,0x75,0x0,0x69,0x0,0x42,0x0,0x75,0x0,0x74,0x0,0x74,0x0,0x6f,0x0,0x6e,0x0,0x2e,0x0,0x71,0x0,0x6d,0x0,0x6c,
    // LuiMediaSurface.qml
  0x0,0x13,
  0x7,0xbd,0x2d,0x9c,
  0x0,0x4c,
  0x0,0x75,0x0,0x69,0x0,0x4d,0x0,0x65,0x0,0x64,0x0,0x69,0x0,0x61,0x0,0x53,0x0,0x75,0x0,0x72,0x0,0x66,0x0,0x61,0x0,0x63,0x0,0x65,0x0,0x2e,0x0,0x71,
  0x0,0x6d,0x0,0x6c,
    // LuiAccordion.qml
  0x0,0x10,
  0x3,0x89,0x6a,0x3c,
  0x0,0x4c,
  0x0,0x75,0x0,0x69,0x0,0x41,0x0,0x63,0x0,0x63,0x0,0x6f,0x0,0x72,0x0,0x64,0x0,0x69,0x0,0x6f,0x0,0x6e,0x0,0x2e,0x0,0x71,0x0,0x6d,0x0,0x6c,
    // LuiTimelineItem.qml
  0x0,0x13,
  0x4,0x16,0x2,0x5c,
  0x0,0x4c,
  0x0,0x75,0x0,0x69,0x0,0x54,0x0,0x69,0x0,0x6d,0x0,0x65,0x0,0x6c,0x0,0x69,0x0,0x6e,0x0,0x65,0x0,0x49,0x0,0x74,0x0,0x65,0x0,0x6d,0x0,0x2e,0x0,0x71,
  0x0,0x6d,0x0,0x6c,
    // LuiTextField.qml
  0x0,0x10,
  0x1,0xac,0xa2,0x5c,
  0x0,0x4c,
  0x0,0x75,0x0,0x69,0x0,0x54,0x0,0x65,0x0,0x78,0x0,0x74,0x0,0x46,0x0,0x69,0x0,0x65,0x0,0x6c,0x0,0x64,0x0,0x2e,0x0,0x71,0x0,0x6d,0x0,0x6c,
    // LuiColumn.qml
  0x0,0xd,
  0xf,0x7a,0x1d,0x1c,
  0x0,0x4c,
  0x0,0x75,0x0,0x69,0x0,0x43,0x0,0x6f,0x0,0x6c,0x0,0x75,0x0,0x6d,0x0,0x6e,0x0,0x2e,0x0,0x71,0x0,0x6d,0x0,0x6c,
    // LuiMenuItem.qml
  0x0,0xf,
  0x6,0xc6,0x56,0xdc,
  0x0,0x4c,
  0x0,0x75,0x0,0x69,0x0,0x4d,0x0,0x65,0x0,0x6e,0x0,0x75,0x0,0x49,0x0,0x74,0x0,0x65,0x0,0x6d,0x0,0x2e,0x0,0x71,0x0,0x6d,0x0,0x6c,
    // LuiSheet.qml
  0x0,0xc,
  0x1,0xb0,0x87,0xfc,
  0x0,0x4c,
  0x0,0x75,0x0,0x69,0x0,0x53,0x0,0x68,0x0,0x65,0x0,0x65,0x0,0x74,0x0,0x2e,0x0,0x71,0x0,0x6d,0x0,0x6c,
    // LuiStepper.qml
  0x0,0xe,
  0x1,0x10,0x1c,0x3c,
  0x0,0x4c,
  0x0,0x75,0x0,0x69,0x0,0x53,0x0,0x74,0x0,0x65,0x0,0x70,0x0,0x70,0x0,0x65,0x0,0x72,0x0,0x2e,0x0,0x71,0x0,0x6d,0x0,0x6c,
    // LuiSelect.qml
  0x0,0xd,
  0xc,0xda,0x71,0x3c,
  0x0,0x4c,
  0x0,0x75,0x0,0x69,0x0,0x53,0x0,0x65,0x0,0x6c,0x0,0x65,0x0,0x63,0x0,0x74,0x0,0x2e,0x0,0x71,0x0,0x6d,0x0,0x6c,
    // LuiAvatar.qml
  0x0,0xd,
  0xd,0xfe,0x50,0x7c,
  0x0,0x4c,
  0x0,0x75,0x0,0x69,0x0,0x41,0x0,0x76,0x0,0x61,0x0,0x74,0x0,0x61,0x0,0x72,0x0,0x2e,0x0,0x71,0x0,0x6d,0x0,0x6c,
    // LuiStack.qml
  0x0,0xc,
  0xd,0xed,0x85,0x7c,
  0x0,0x4c,
  0x0,0x75,0x0,0x69,0x0,0x53,0x0,0x74,0x0,0x61,0x0,0x63,0x0,0x6b,0x0,0x2e,0x0,0x71,0x0,0x6d,0x0,0x6c,
    // LuiInputGroup.qml
  0x0,0x11,
  0xd,0x74,0xb5,0x1c,
  0x0,0x4c,
  0x0,0x75,0x0,0x69,0x0,0x49,0x0,0x6e,0x0,0x70,0x0,0x75,0x0,0x74,0x0,0x47,0x0,0x72,0x0,0x6f,0x0,0x75,0x0,0x70,0x0,0x2e,0x0,0x71,0x0,0x6d,0x0,0x6c,
  
    // LuiTableCell.qml
  0x0,0x10,
  0x0,0xc9,0xec,0x9c,
  0x0,0x4c,
  0x0,0x75,0x0,0x69,0x0,0x54,0x0,0x61,0x0,0x62,0x0,0x6c,0x0,0x65,0x0,0x43,0x0,0x65,0x0,0x6c,0x0,0x6c,0x0,0x2e,0x0,0x71,0x0,0x6d,0x0,0x6c,
    // LuiTree.qml
  0x0,0xb,
  0x8,0x13,0x2d,0x5c,
  0x0,0x4c,
  0x0,0x75,0x0,0x69,0x0,0x54,0x0,0x72,0x0,0x65,0x0,0x65,0x0,0x2e,0x0,0x71,0x0,0x6d,0x0,0x6c,
    // LuiToast.qml
  0x0,0xc,
  0x2,0xd0,0x82,0x9c,
  0x0,0x4c,
  0x0,0x75,0x0,0x69,0x0,0x54,0x0,0x6f,0x0,0x61,0x0,0x73,0x0,0x74,0x0,0x2e,0x0,0x71,0x0,0x6d,0x0,0x6c,
    // LuiNodeView.qml
  0x0,0xf,
  0x3,0x64,0x4f,0x5c,
  0x0,0x4c,
  0x0,0x75,0x0,0x69,0x0,0x4e,0x0,0x6f,0x0,0x64,0x0,0x65,0x0,0x56,0x0,0x69,0x0,0x65,0x0,0x77,0x0,0x2e,0x0,0x71,0x0,0x6d,0x0,0x6c,
    // LuiLabel.qml
  0x0,0xc,
  0x2,0xc8,0x94,0xdc,
  0x0,0x4c,
  0x0,0x75,0x0,0x69,0x0,0x4c,0x0,0x61,0x0,0x62,0x0,0x65,0x0,0x6c,0x0,0x2e,0x0,0x71,0x0,0x6d,0x0,0x6c,
    // LuiParagraph.qml
  0x0,0x10,
  0x5,0x6f,0x46,0xbc,
  0x0,0x4c,
  0x0,0x75,0x0,0x69,0x0,0x50,0x0,0x61,0x0,0x72,0x0,0x61,0x0,0x67,0x0,0x72,0x0,0x61,0x0,0x70,0x0,0x68,0x0,0x2e,0x0,0x71,0x0,0x6d,0x0,0x6c,
    // LuiAlert.qml
  0x0,0xc,
  0x6,0xe0,0xe8,0x7c,
  0x0,0x4c,
  0x0,0x75,0x0,0x69,0x0,0x41,0x0,0x6c,0x0,0x65,0x0,0x72,0x0,0x74,0x0,0x2e,0x0,0x71,0x0,0x6d,0x0,0x6c,
    // LuiCombobox.qml
  0x0,0xf,
  0x2,0x26,0x6c,0x7c,
  0x0,0x4c,
  0x0,0x75,0x0,0x69,0x0,0x43,0x0,0x6f,0x0,0x6d,0x0,0x62,0x0,0x6f,0x0,0x62,0x0,0x6f,0x0,0x78,0x0,0x2e,0x0,0x71,0x0,0x6d,0x0,0x6c,
    // LuiButtonGroup.qml
  0x0,0x12,
  0x5,0x48,0x6e,0x1c,
  0x0,0x4c,
  0x0,0x75,0x0,0x69,0x0,0x42,0x0,0x75,0x0,0x74,0x0,0x74,0x0,0x6f,0x0,0x6e,0x0,0x47,0x0,0x72,0x0,0x6f,0x0,0x75,0x0,0x70,0x0,0x2e,0x0,0x71,0x0,0x6d,
  0x0,0x6c,
    // LuiStatusBar.qml
  0x0,0x10,
  0xd,0xc0,0xc3,0x7c,
  0x0,0x4c,
  0x0,0x75,0x0,0x69,0x0,0x53,0x0,0x74,0x0,0x61,0x0,0x74,0x0,0x75,0x0,0x73,0x0,0x42,0x0,0x61,0x0,0x72,0x0,0x2e,0x0,0x71,0x0,0x6d,0x0,0x6c,
    // LuiSwitch.qml
  0x0,0xd,
  0xd,0xe6,0xd,0x7c,
  0x0,0x4c,
  0x0,0x75,0x0,0x69,0x0,0x53,0x0,0x77,0x0,0x69,0x0,0x74,0x0,0x63,0x0,0x68,0x0,0x2e,0x0,0x71,0x0,0x6d,0x0,0x6c,
    // LuiRoot.qml
  0x0,0xb,
  0x6,0xc0,0x2d,0x1c,
  0x0,0x4c,
  0x0,0x75,0x0,0x69,0x0,0x52,0x0,0x6f,0x0,0x6f,0x0,0x74,0x0,0x2e,0x0,0x71,0x0,0x6d,0x0,0x6c,
    // LuiSearchField.qml
  0x0,0x12,
  0x1,0xdb,0x6b,0x7c,
  0x0,0x4c,
  0x0,0x75,0x0,0x69,0x0,0x53,0x0,0x65,0x0,0x61,0x0,0x72,0x0,0x63,0x0,0x68,0x0,0x46,0x0,0x69,0x0,0x65,0x0,0x6c,0x0,0x64,0x0,0x2e,0x0,0x71,0x0,0x6d,
  0x0,0x6c,
    // LuiSlider.qml
  0x0,0xd,
  0xd,0xb8,0x14,0x9c,
  0x0,0x4c,
  0x0,0x75,0x0,0x69,0x0,0x53,0x0,0x6c,0x0,0x69,0x0,0x64,0x0,0x65,0x0,0x72,0x0,0x2e,0x0,0x71,0x0,0x6d,0x0,0x6c,
    // LuiTabs.qml
  0x0,0xb,
  0x7,0x35,0x2d,0x7c,
  0x0,0x4c,
  0x0,0x75,0x0,0x69,0x0,0x54,0x0,0x61,0x0,0x62,0x0,0x73,0x0,0x2e,0x0,0x71,0x0,0x6d,0x0,0x6c,
    // LuiScroll.qml
  0x0,0xd,
  0x5,0x52,0x64,0x5c,
  0x0,0x4c,
  0x0,0x75,0x0,0x69,0x0,0x53,0x0,0x63,0x0,0x72,0x0,0x6f,0x0,0x6c,0x0,0x6c,0x0,0x2e,0x0,0x71,0x0,0x6d,0x0,0x6c,
    // LuiToggle.qml
  0x0,0xd,
  0xd,0x5d,0x3e,0xdc,
  0x0,0x4c,
  0x0,0x75,0x0,0x69,0x0,0x54,0x0,0x6f,0x0,0x67,0x0,0x67,0x0,0x6c,0x0,0x65,0x0,0x2e,0x0,0x71,0x0,0x6d,0x0,0x6c,
    // LuiBox.qml
  0x0,0xa,
  0x9,0x61,0x23,0x9c,
  0x0,0x4c,
  0x0,0x75,0x0,0x69,0x0,0x42,0x0,0x6f,0x0,0x78,0x0,0x2e,0x0,0x71,0x0,0x6d,0x0,0x6c,
    // LuiToggleButton.qml
  0x0,0x13,
  0x2,0x8,0xbc,0xbc,
  0x0,0x4c,
  0x0,0x75,0x0,0x69,0x0,0x54,0x0,0x6f,0x0,0x67,0x0,0x67,0x0,0x6c,0x0,0x65,0x0,0x42,0x0,0x75,0x0,0x74,0x0,0x74,0x0,0x6f,0x0,0x6e,0x0,0x2e,0x0,0x71,
  0x0,0x6d,0x0,0x6c,
    // LuiListItem.qml
  0x0,0xf,
  0x6,0xe0,0x4c,0xdc,
  0x0,0x4c,
  0x0,0x75,0x0,0x69,0x0,0x4c,0x0,0x69,0x0,0x73,0x0,0x74,0x0,0x49,0x0,0x74,0x0,0x65,0x0,0x6d,0x0,0x2e,0x0,0x71,0x0,0x6d,0x0,0x6c,
    // LuiInputGroupActions.qml
  0x0,0x18,
  0xc,0x29,0xa6,0xfc,
  0x0,0x4c,
  0x0,0x75,0x0,0x69,0x0,0x49,0x0,0x6e,0x0,0x70,0x0,0x75,0x0,0x74,0x0,0x47,0x0,0x72,0x0,0x6f,0x0,0x75,0x0,0x70,0x0,0x41,0x0,0x63,0x0,0x74,0x0,0x69,
  0x0,0x6f,0x0,0x6e,0x0,0x73,0x0,0x2e,0x0,0x71,0x0,0x6d,0x0,0x6c,
    // LuiDialog.qml
  0x0,0xd,
  0x4,0x25,0xb,0xfc,
  0x0,0x4c,
  0x0,0x75,0x0,0x69,0x0,0x44,0x0,0x69,0x0,0x61,0x0,0x6c,0x0,0x6f,0x0,0x67,0x0,0x2e,0x0,0x71,0x0,0x6d,0x0,0x6c,
    // LuiText.qml
  0x0,0xb,
  0xc,0x50,0x2d,0x7c,
  0x0,0x4c,
  0x0,0x75,0x0,0x69,0x0,0x54,0x0,0x65,0x0,0x78,0x0,0x74,0x0,0x2e,0x0,0x71,0x0,0x6d,0x0,0x6c,
    // LuiStep.qml
  0x0,0xb,
  0xa,0x64,0x2d,0x7c,
  0x0,0x4c,
  0x0,0x75,0x0,0x69,0x0,0x53,0x0,0x74,0x0,0x65,0x0,0x70,0x0,0x2e,0x0,0x71,0x0,0x6d,0x0,0x6c,
    // LuiTimeline.qml
  0x0,0xf,
  0x5,0x29,0x6a,0x9c,
  0x0,0x4c,
  0x0,0x75,0x0,0x69,0x0,0x54,0x0,0x69,0x0,0x6d,0x0,0x65,0x0,0x6c,0x0,0x69,0x0,0x6e,0x0,0x65,0x0,0x2e,0x0,0x71,0x0,0x6d,0x0,0x6c,
    // LuiToggleGroup.qml
  0x0,0x12,
  0x9,0x69,0xc8,0x5c,
  0x0,0x4c,
  0x0,0x75,0x0,0x69,0x0,0x54,0x0,0x6f,0x0,0x67,0x0,0x67,0x0,0x6c,0x0,0x65,0x0,0x47,0x0,0x72,0x0,0x6f,0x0,0x75,0x0,0x70,0x0,0x2e,0x0,0x71,0x0,0x6d,
  0x0,0x6c,
    // mic.svg
  0x0,0x7,
  0x3,0xf6,0x5a,0x27,
  0x0,0x6d,
  0x0,0x69,0x0,0x63,0x0,0x2e,0x0,0x73,0x0,0x76,0x0,0x67,
    // moon.svg
  0x0,0x8,
  0x6,0x61,0x54,0x47,
  0x0,0x6d,
  0x0,0x6f,0x0,0x6f,0x0,0x6e,0x0,0x2e,0x0,0x73,0x0,0x76,0x0,0x67,
    // skip-forward.svg
  0x0,0x10,
  0xe,0xe3,0x1,0x67,
  0x0,0x73,
  0x0,0x6b,0x0,0x69,0x0,0x70,0x0,0x2d,0x0,0x66,0x0,0x6f,0x0,0x72,0x0,0x77,0x0,0x61,0x0,0x72,0x0,0x64,0x0,0x2e,0x0,0x73,0x0,0x76,0x0,0x67,
    // x-circle.svg
  0x0,0xc,
  0x9,0x43,0x1b,0xc7,
  0x0,0x78,
  0x0,0x2d,0x0,0x63,0x0,0x69,0x0,0x72,0x0,0x63,0x0,0x6c,0x0,0x65,0x0,0x2e,0x0,0x73,0x0,0x76,0x0,0x67,
    // skip-back.svg
  0x0,0xd,
  0x3,0xde,0x3c,0x27,
  0x0,0x73,
  0x0,0x6b,0x0,0x69,0x0,0x70,0x0,0x2d,0x0,0x62,0x0,0x61,0x0,0x63,0x0,0x6b,0x0,0x2e,0x0,0x73,0x0,0x76,0x0,0x67,
    // archive.svg
  0x0,0xb,
  0x0,0x19,0x49,0x27,
  0x0,0x61,
  0x0,0x72,0x0,0x63,0x0,0x68,0x0,0x69,0x0,0x76,0x0,0x65,0x0,0x2e,0x0,0x73,0x0,0x76,0x0,0x67,
    // chevron-left.svg
  0x0,0x10,
  0x0,0xe1,0x39,0xa7,
  0x0,0x63,
  0x0,0x68,0x0,0x65,0x0,0x76,0x0,0x72,0x0,0x6f,0x0,0x6e,0x0,0x2d,0x0,0x6c,0x0,0x65,0x0,0x66,0x0,0x74,0x0,0x2e,0x0,0x73,0x0,0x76,0x0,0x67,
    // panel-right.svg
  0x0,0xf,
  0x4,0x88,0x11,0x27,
  0x0,0x70,
  0x0,0x61,0x0,0x6e,0x0,0x65,0x0,0x6c,0x0,0x2d,0x0,0x72,0x0,0x69,0x0,0x67,0x0,0x68,0x0,0x74,0x0,0x2e,0x0,0x73,0x0,0x76,0x0,0x67,
    // play.svg
  0x0,0x8,
  0x2,0x8c,0x54,0x27,
  0x0,0x70,
  0x0,0x6c,0x0,0x61,0x0,0x79,0x0,0x2e,0x0,0x73,0x0,0x76,0x0,0x67,
    // music.svg
  0x0,0x9,
  0x9,0xf6,0xb3,0x47,
  0x0,0x6d,
  0x0,0x75,0x0,0x73,0x0,0x69,0x0,0x63,0x0,0x2e,0x0,0x73,0x0,0x76,0x0,0x67,
    // refresh-cw.svg
  0x0,0xe,
  0x4,0x1b,0xd7,0x87,
  0x0,0x72,
  0x0,0x65,0x0,0x66,0x0,0x72,0x0,0x65,0x0,0x73,0x0,0x68,0x0,0x2d,0x0,0x63,0x0,0x77,0x0,0x2e,0x0,0x73,0x0,0x76,0x0,0x67,
    // send.svg
  0x0,0x8,
  0xc,0x47,0x55,0xe7,
  0x0,0x73,
  0x0,0x65,0x0,0x6e,0x0,0x64,0x0,0x2e,0x0,0x73,0x0,0x76,0x0,0x67,
    // external-link.svg
  0x0,0x11,
  0xf,0x72,0x49,0xa7,
  0x0,0x65,
  0x0,0x78,0x0,0x74,0x0,0x65,0x0,0x72,0x0,0x6e,0x0,0x61,0x0,0x6c,0x0,0x2d,0x0,0x6c,0x0,0x69,0x0,0x6e,0x0,0x6b,0x0,0x2e,0x0,0x73,0x0,0x76,0x0,0x67,
  
    // folder.svg
  0x0,0xa,
  0xa,0xc8,0xf6,0x87,
  0x0,0x66,
  0x0,0x6f,0x0,0x6c,0x0,0x64,0x0,0x65,0x0,0x72,0x0,0x2e,0x0,0x73,0x0,0x76,0x0,0x67,
    // panel-left.svg
  0x0,0xe,
  0xb,0x40,0xa7,0x27,
  0x0,0x70,
  0x0,0x61,0x0,0x6e,0x0,0x65,0x0,0x6c,0x0,0x2d,0x0,0x6c,0x0,0x65,0x0,0x66,0x0,0x74,0x0,0x2e,0x0,0x73,0x0,0x76,0x0,0x67,
    // chevron-down.svg
  0x0,0x10,
  0xe,0x17,0x6,0x87,
  0x0,0x63,
  0x0,0x68,0x0,0x65,0x0,0x76,0x0,0x72,0x0,0x6f,0x0,0x6e,0x0,0x2d,0x0,0x64,0x0,0x6f,0x0,0x77,0x0,0x6e,0x0,0x2e,0x0,0x73,0x0,0x76,0x0,0x67,
    // pause.svg
  0x0,0x9,
  0xc,0x98,0xb7,0xc7,
  0x0,0x70,
  0x0,0x61,0x0,0x75,0x0,0x73,0x0,0x65,0x0,0x2e,0x0,0x73,0x0,0x76,0x0,0x67,
    // settings.svg
  0x0,0xc,
  0xb,0xdf,0x2c,0xc7,
  0x0,0x73,
  0x0,0x65,0x0,0x74,0x0,0x74,0x0,0x69,0x0,0x6e,0x0,0x67,0x0,0x73,0x0,0x2e,0x0,0x73,0x0,0x76,0x0,0x67,
    // edit.svg
  0x0,0x8,
  0xb,0x7,0x57,0xa7,
  0x0,0x65,
  0x0,0x64,0x0,0x69,0x0,0x74,0x0,0x2e,0x0,0x73,0x0,0x76,0x0,0x67,
    // trash.svg
  0x0,0x9,
  0x8,0x9b,0xad,0xc7,
  0x0,0x74,
  0x0,0x72,0x0,0x61,0x0,0x73,0x0,0x68,0x0,0x2e,0x0,0x73,0x0,0x76,0x0,0x67,
    // repeat.svg
  0x0,0xa,
  0xb,0x88,0x42,0x7,
  0x0,0x72,
  0x0,0x65,0x0,0x70,0x0,0x65,0x0,0x61,0x0,0x74,0x0,0x2e,0x0,0x73,0x0,0x76,0x0,0x67,
    // check-circle.svg
  0x0,0x10,
  0xd,0xfd,0xe1,0x27,
  0x0,0x63,
  0x0,0x68,0x0,0x65,0x0,0x63,0x0,0x6b,0x0,0x2d,0x0,0x63,0x0,0x69,0x0,0x72,0x0,0x63,0x0,0x6c,0x0,0x65,0x0,0x2e,0x0,0x73,0x0,0x76,0x0,0x67,
    // ellipsis.svg
  0x0,0xc,
  0x7,0x84,0x3a,0x27,
  0x0,0x65,
  0x0,0x6c,0x0,0x6c,0x0,0x69,0x0,0x70,0x0,0x73,0x0,0x69,0x0,0x73,0x0,0x2e,0x0,0x73,0x0,0x76,0x0,0x67,
    // folder-open.svg
  0x0,0xf,
  0x4,0x18,0x4f,0x87,
  0x0,0x66,
  0x0,0x6f,0x0,0x6c,0x0,0x64,0x0,0x65,0x0,0x72,0x0,0x2d,0x0,0x6f,0x0,0x70,0x0,0x65,0x0,0x6e,0x0,0x2e,0x0,0x73,0x0,0x76,0x0,0x67,
    // alert.svg
  0x0,0x9,
  0xc,0x97,0x8a,0x87,
  0x0,0x61,
  0x0,0x6c,0x0,0x65,0x0,0x72,0x0,0x74,0x0,0x2e,0x0,0x73,0x0,0x76,0x0,0x67,
    // info.svg
  0x0,0x8,
  0x4,0xd2,0x54,0xc7,
  0x0,0x69,
  0x0,0x6e,0x0,0x66,0x0,0x6f,0x0,0x2e,0x0,0x73,0x0,0x76,0x0,0x67,
    // arrow-up.svg
  0x0,0xc,
  0x9,0xd0,0x77,0x87,
  0x0,0x61,
  0x0,0x72,0x0,0x72,0x0,0x6f,0x0,0x77,0x0,0x2d,0x0,0x75,0x0,0x70,0x0,0x2e,0x0,0x73,0x0,0x76,0x0,0x67,
    // eye.svg
  0x0,0x7,
  0xc,0xf8,0x5a,0x7,
  0x0,0x65,
  0x0,0x79,0x0,0x65,0x0,0x2e,0x0,0x73,0x0,0x76,0x0,0x67,
    // sun.svg
  0x0,0x7,
  0xa,0xc1,0x5a,0x27,
  0x0,0x73,
  0x0,0x75,0x0,0x6e,0x0,0x2e,0x0,0x73,0x0,0x76,0x0,0x67,
    // circle-dot.svg
  0x0,0xe,
  0xa,0x73,0x0,0x27,
  0x0,0x63,
  0x0,0x69,0x0,0x72,0x0,0x63,0x0,0x6c,0x0,0x65,0x0,0x2d,0x0,0x64,0x0,0x6f,0x0,0x74,0x0,0x2e,0x0,0x73,0x0,0x76,0x0,0x67,
    // git-pull-request.svg
  0x0,0x14,
  0x3,0xe7,0x2c,0x7,
  0x0,0x67,
  0x0,0x69,0x0,0x74,0x0,0x2d,0x0,0x70,0x0,0x75,0x0,0x6c,0x0,0x6c,0x0,0x2d,0x0,0x72,0x0,0x65,0x0,0x71,0x0,0x75,0x0,0x65,0x0,0x73,0x0,0x74,0x0,0x2e,
  0x0,0x73,0x0,0x76,0x0,0x67,
    // volume.svg
  0x0,0xa,
  0xc,0x3b,0xf6,0xa7,
  0x0,0x76,
  0x0,0x6f,0x0,0x6c,0x0,0x75,0x0,0x6d,0x0,0x65,0x0,0x2e,0x0,0x73,0x0,0x76,0x0,0x67,
    // chevron-up.svg
  0x0,0xe,
  0x9,0x58,0x6c,0x87,
  0x0,0x63,
  0x0,0x68,0x0,0x65,0x0,0x76,0x0,0x72,0x0,0x6f,0x0,0x6e,0x0,0x2d,0x0,0x75,0x0,0x70,0x0,0x2e,0x0,0x73,0x0,0x76,0x0,0x67,
    // wrench.svg
  0x0,0xa,
  0x4,0x94,0x8b,0x47,
  0x0,0x77,
  0x0,0x72,0x0,0x65,0x0,0x6e,0x0,0x63,0x0,0x68,0x0,0x2e,0x0,0x73,0x0,0x76,0x0,0x67,
    // clock.svg
  0x0,0x9,
  0x5,0x9e,0x8e,0xa7,
  0x0,0x63,
  0x0,0x6c,0x0,0x6f,0x0,0x63,0x0,0x6b,0x0,0x2e,0x0,0x73,0x0,0x76,0x0,0x67,
    // missing.svg
  0x0,0xb,
  0x0,0xa2,0x4f,0x87,
  0x0,0x6d,
  0x0,0x69,0x0,0x73,0x0,0x73,0x0,0x69,0x0,0x6e,0x0,0x67,0x0,0x2e,0x0,0x73,0x0,0x76,0x0,0x67,
    // arrow-down.svg
  0x0,0xe,
  0x6,0xc,0x7,0x87,
  0x0,0x61,
  0x0,0x72,0x0,0x72,0x0,0x6f,0x0,0x77,0x0,0x2d,0x0,0x64,0x0,0x6f,0x0,0x77,0x0,0x6e,0x0,0x2e,0x0,0x73,0x0,0x76,0x0,0x67,
    // shuffle.svg
  0x0,0xb,
  0xd,0xd7,0xad,0x47,
  0x0,0x73,
  0x0,0x68,0x0,0x75,0x0,0x66,0x0,0x66,0x0,0x6c,0x0,0x65,0x0,0x2e,0x0,0x73,0x0,0x76,0x0,0x67,
    // x.svg
  0x0,0x5,
  0x0,0x7b,0x5a,0xc7,
  0x0,0x78,
  0x0,0x2e,0x0,0x73,0x0,0x76,0x0,0x67,
    // copy.svg
  0x0,0x8,
  0x6,0x7c,0x57,0x87,
  0x0,0x63,
  0x0,0x6f,0x0,0x70,0x0,0x79,0x0,0x2e,0x0,0x73,0x0,0x76,0x0,0x67,
    // file-text.svg
  0x0,0xd,
  0x6,0xf2,0x52,0x27,
  0x0,0x66,
  0x0,0x69,0x0,0x6c,0x0,0x65,0x0,0x2d,0x0,0x74,0x0,0x65,0x0,0x78,0x0,0x74,0x0,0x2e,0x0,0x73,0x0,0x76,0x0,0x67,
    // git-merge.svg
  0x0,0xd,
  0x4,0xda,0xdc,0xe7,
  0x0,0x67,
  0x0,0x69,0x0,0x74,0x0,0x2d,0x0,0x6d,0x0,0x65,0x0,0x72,0x0,0x67,0x0,0x65,0x0,0x2e,0x0,0x73,0x0,0x76,0x0,0x67,
    // search.svg
  0x0,0xa,
  0x8,0x94,0x6d,0xc7,
  0x0,0x73,
  0x0,0x65,0x0,0x61,0x0,0x72,0x0,0x63,0x0,0x68,0x0,0x2e,0x0,0x73,0x0,0x76,0x0,0x67,
    // check.svg
  0x0,0x9,
  0xb,0x9e,0x89,0x7,
  0x0,0x63,
  0x0,0x68,0x0,0x65,0x0,0x63,0x0,0x6b,0x0,0x2e,0x0,0x73,0x0,0x76,0x0,0x67,
    // menu.svg
  0x0,0x8,
  0xc,0x58,0x54,0xa7,
  0x0,0x6d,
  0x0,0x65,0x0,0x6e,0x0,0x75,0x0,0x2e,0x0,0x73,0x0,0x76,0x0,0x67,
    // terminal.svg
  0x0,0xc,
  0xb,0x26,0x72,0xc7,
  0x0,0x74,
  0x0,0x65,0x0,0x72,0x0,0x6d,0x0,0x69,0x0,0x6e,0x0,0x61,0x0,0x6c,0x0,0x2e,0x0,0x73,0x0,0x76,0x0,0x67,
    // chevron-right.svg
  0x0,0x11,
  0xe,0x92,0x78,0x47,
  0x0,0x63,
  0x0,0x68,0x0,0x65,0x0,0x76,0x0,0x72,0x0,0x6f,0x0,0x6e,0x0,0x2d,0x0,0x72,0x0,0x69,0x0,0x67,0x0,0x68,0x0,0x74,0x0,0x2e,0x0,0x73,0x0,0x76,0x0,0x67,
  
    // download.svg
  0x0,0xc,
  0x8,0x1a,0x90,0xa7,
  0x0,0x64,
  0x0,0x6f,0x0,0x77,0x0,0x6e,0x0,0x6c,0x0,0x6f,0x0,0x61,0x0,0x64,0x0,0x2e,0x0,0x73,0x0,0x76,0x0,0x67,
    // git-branch.svg
  0x0,0xe,
  0x4,0x7c,0x71,0x47,
  0x0,0x67,
  0x0,0x69,0x0,0x74,0x0,0x2d,0x0,0x62,0x0,0x72,0x0,0x61,0x0,0x6e,0x0,0x63,0x0,0x68,0x0,0x2e,0x0,0x73,0x0,0x76,0x0,0x67,
    // arrow-right.svg
  0x0,0xf,
  0xf,0x22,0x69,0x47,
  0x0,0x61,
  0x0,0x72,0x0,0x72,0x0,0x6f,0x0,0x77,0x0,0x2d,0x0,0x72,0x0,0x69,0x0,0x67,0x0,0x68,0x0,0x74,0x0,0x2e,0x0,0x73,0x0,0x76,0x0,0x67,
    // save.svg
  0x0,0x8,
  0x8,0xc8,0x55,0xe7,
  0x0,0x73,
  0x0,0x61,0x0,0x76,0x0,0x65,0x0,0x2e,0x0,0x73,0x0,0x76,0x0,0x67,
    // plus.svg
  0x0,0x8,
  0x3,0xc6,0x54,0x27,
  0x0,0x70,
  0x0,0x6c,0x0,0x75,0x0,0x73,0x0,0x2e,0x0,0x73,0x0,0x76,0x0,0x67,
  
};

static const unsigned char qt_resource_struct[] = {
  // :
  0x0,0x0,0x0,0x0,0x0,0x2,0x0,0x0,0x0,0x1,0x0,0x0,0x0,0x1,
0x0,0x0,0x0,0x0,0x0,0x0,0x0,0x0,
  // :/qt
  0x0,0x0,0x0,0x0,0x0,0x2,0x0,0x0,0x0,0x1,0x0,0x0,0x0,0x2,
0x0,0x0,0x0,0x0,0x0,0x0,0x0,0x0,
  // :/qt/qml
  0x0,0x0,0x0,0xa,0x0,0x2,0x0,0x0,0x0,0x1,0x0,0x0,0x0,0x3,
0x0,0x0,0x0,0x0,0x0,0x0,0x0,0x0,
  // :/qt/qml/Lui
  0x0,0x0,0x0,0x16,0x0,0x2,0x0,0x0,0x0,0x4a,0x0,0x0,0x0,0x4,
0x0,0x0,0x0,0x0,0x0,0x0,0x0,0x0,
  // :/qt/qml/Lui/LuiList.qml
  0x0,0x0,0x1,0x74,0x0,0x0,0x0,0x0,0x0,0x1,0x0,0x0,0x19,0xaa,
0x0,0x0,0x1,0xa0,0xd2,0x7,0xc5,0x32,
  // :/qt/qml/Lui/LuiProgress.qml
  0x0,0x0,0x1,0xf4,0x0,0x0,0x0,0x0,0x0,0x1,0x0,0x0,0x27,0x2d,
0x0,0x0,0x1,0xa0,0xd2,0x6,0x86,0x9,
  // :/qt/qml/Lui/icons
  0x0,0x0,0x0,0x4a,0x0,0x2,0x0,0x0,0x0,0x34,0x0,0x0,0x0,0x4e,
0x0,0x0,0x0,0x0,0x0,0x0,0x0,0x0,
  // :/qt/qml/Lui/LuiRadio.qml
  0x0,0x0,0x3,0x40,0x0,0x0,0x0,0x0,0x0,0x1,0x0,0x0,0x58,0xbb,
0x0,0x0,0x1,0xa0,0xd2,0x6,0x70,0x43,
  // :/qt/qml/Lui/LuiTableCell.qml
  0x0,0x0,0x6,0x8a,0x0,0x0,0x0,0x0,0x0,0x1,0x0,0x0,0xdc,0xb,
0x0,0x0,0x1,0xa0,0xd2,0xb,0xa,0xa8,
  // :/qt/qml/Lui/LuiStepper.qml
  0x0,0x0,0x5,0xe2,0x0,0x0,0x0,0x0,0x0,0x1,0x0,0x0,0xc7,0x73,
0x0,0x0,0x1,0xa0,0xd2,0x25,0xa9,0xf8,
  // :/qt/qml/Lui/LuiTextField.qml
  0x0,0x0,0x5,0x5a,0x0,0x0,0x0,0x0,0x0,0x1,0x0,0x0,0xac,0xa,
0x0,0x0,0x1,0xa0,0xd2,0x3a,0x11,0x89,
  // :/qt/qml/Lui/LuiSheet.qml
  0x0,0x0,0x5,0xc4,0x0,0x0,0x0,0x0,0x0,0x1,0x0,0x0,0xbe,0xd7,
0x0,0x0,0x1,0xa0,0xd2,0x24,0xdf,0x68,
  // :/qt/qml/Lui/LuiSearchField.qml
  0x0,0x0,0x8,0x20,0x0,0x0,0x0,0x0,0x0,0x1,0x0,0x1,0x17,0x56,
0x0,0x0,0x1,0xa0,0xd2,0x27,0x19,0x81,
  // :/qt/qml/Lui/LuiToggleButton.qml
  0x0,0x0,0x8,0xe0,0x0,0x0,0x0,0x0,0x0,0x1,0x0,0x1,0x2e,0x5f,
0x0,0x0,0x1,0xa0,0xd2,0x6,0x2e,0x41,
  // :/qt/qml/Lui/LuiCombobox.qml
  0x0,0x0,0x7,0x70,0x0,0x0,0x0,0x0,0x0,0x1,0x0,0x1,0x8,0x94,
0x0,0x0,0x1,0xa0,0xd2,0x27,0x19,0x81,
  // :/qt/qml/Lui/LuiCheckbox.qml
  0x0,0x0,0x2,0x18,0x0,0x0,0x0,0x0,0x0,0x1,0x0,0x0,0x28,0x75,
0x0,0x0,0x1,0xa0,0xd2,0x6,0x55,0x21,
  // :/qt/qml/Lui/LuiLabel.qml
  0x0,0x0,0x7,0xe,0x0,0x0,0x0,0x0,0x0,0x1,0x0,0x0,0xfe,0x1e,
0x0,0x0,0x1,0xa0,0xd2,0x5,0xbf,0x36,
  // :/qt/qml/Lui/LuiToast.qml
  0x0,0x0,0x6,0xcc,0x0,0x0,0x0,0x0,0x0,0x1,0x0,0x0,0xe1,0xfb,
0x0,0x0,0x1,0xa0,0xd2,0x25,0xa9,0xf9,
  // :/qt/qml/Lui/LuiPagination.qml
  0x0,0x0,0x0,0x22,0x0,0x0,0x0,0x0,0x0,0x1,0x0,0x0,0x0,0x0,
0x0,0x0,0x1,0xa0,0xd2,0x25,0xa9,0xf8,
  // :/qt/qml/Lui/LuiSpinner.qml
  0x0,0x0,0x3,0xc4,0x0,0x0,0x0,0x0,0x0,0x1,0x0,0x0,0x6e,0x1e,
0x0,0x0,0x1,0xa0,0xd2,0x7,0x47,0xeb,
  // :/qt/qml/Lui/LuiTable.qml
  0x0,0x0,0x2,0x62,0x0,0x0,0x0,0x0,0x0,0x1,0x0,0x0,0x2f,0x84,
0x0,0x0,0x1,0xa0,0xd2,0x24,0xdf,0x68,
  // :/qt/qml/Lui/LuiNodeView.qml
  0x0,0x0,0x6,0xea,0x0,0x0,0x0,0x0,0x0,0x1,0x0,0x0,0xe6,0x59,
0x0,0x0,0x1,0xa0,0xd2,0x39,0xe4,0x8b,
  // :/qt/qml/Lui/LuiAccordion.qml
  0x0,0x0,0x5,0x8,0x0,0x0,0x0,0x0,0x0,0x1,0x0,0x0,0xa1,0x7e,
0x0,0x0,0x1,0xa0,0xd2,0x25,0xa9,0xf8,
  // :/qt/qml/Lui/LuiTimelineItem.qml
  0x0,0x0,0x5,0x2e,0x0,0x4,0x0,0x0,0x0,0x1,0x0,0x0,0xa8,0x3a,
0x0,0x0,0x1,0xa0,0xd2,0x34,0x63,0x10,
  // :/qt/qml/Lui/LuiDialog.qml
  0x0,0x0,0x9,0x66,0x0,0x0,0x0,0x0,0x0,0x1,0x0,0x1,0x3c,0xaa,
0x0,0x0,0x1,0xa0,0xd2,0x25,0xa9,0xf8,
  // :/qt/qml/Lui/LuiTableRow.qml
  0x0,0x0,0x3,0xe6,0x0,0x0,0x0,0x0,0x0,0x1,0x0,0x0,0x6f,0xa8,
0x0,0x0,0x1,0xa0,0xd2,0x24,0xdf,0x68,
  // :/qt/qml/Lui/LuiTimeline.qml
  0x0,0x0,0x9,0xbe,0x0,0x0,0x0,0x0,0x0,0x1,0x0,0x1,0x4d,0xb2,
0x0,0x0,0x1,0xa0,0xd2,0x24,0xdf,0x69,
  // :/qt/qml/Lui/LuiButtonGroup.qml
  0x0,0x0,0x7,0x94,0x0,0x0,0x0,0x0,0x0,0x1,0x0,0x1,0xe,0xc3,
0x0,0x0,0x1,0xa0,0xd2,0x25,0xa9,0xf8,
  // :/qt/qml/Lui/LuiScroll.qml
  0x0,0x0,0x8,0x86,0x0,0x0,0x0,0x0,0x0,0x1,0x0,0x1,0x21,0xf,
0x0,0x0,0x1,0xa0,0xd2,0x37,0xe0,0x6b,
  // :/qt/qml/Lui/LuiParagraph.qml
  0x0,0x0,0x7,0x2c,0x0,0x0,0x0,0x0,0x0,0x1,0x0,0x0,0xff,0x85,
0x0,0x0,0x1,0xa0,0xd2,0x5,0xb5,0x55,
  // :/qt/qml/Lui/LuiTextarea.qml
  0x0,0x0,0x4,0x70,0x0,0x0,0x0,0x0,0x0,0x1,0x0,0x0,0x87,0x8c,
0x0,0x0,0x1,0xa0,0xd2,0x27,0x19,0x81,
  // :/qt/qml/Lui/LuiRoot.qml
  0x0,0x0,0x8,0x4,0x0,0x0,0x0,0x0,0x0,0x1,0x0,0x1,0x15,0xc5,
0x0,0x0,0x1,0xa0,0xd2,0x33,0xf5,0x12,
  // :/qt/qml/Lui/LuiMenuItem.qml
  0x0,0x0,0x5,0xa0,0x0,0x0,0x0,0x0,0x0,0x1,0x0,0x0,0xb4,0x62,
0x0,0x0,0x1,0xa0,0xd2,0x25,0xa9,0xf8,
  // :/qt/qml/Lui/LuiListItem.qml
  0x0,0x0,0x9,0xc,0x0,0x0,0x0,0x0,0x0,0x1,0x0,0x1,0x33,0x5e,
0x0,0x0,0x1,0xa0,0xd2,0xb,0x2b,0x49,
  // :/qt/qml/Lui/LuiAlert.qml
  0x0,0x0,0x7,0x52,0x0,0x0,0x0,0x0,0x0,0x1,0x0,0x1,0x1,0x0,
0x0,0x0,0x1,0xa0,0xd2,0x24,0xdf,0x66,
  // :/qt/qml/Lui/LuiTabs.qml
  0x0,0x0,0x8,0x6a,0x0,0x0,0x0,0x0,0x0,0x1,0x0,0x1,0x1e,0x4d,
0x0,0x0,0x1,0xa0,0xd2,0x25,0xa9,0xf8,
  // :/qt/qml/Lui/LuiVirtualList.qml
  0x0,0x0,0x2,0x9e,0x0,0x0,0x0,0x0,0x0,0x1,0x0,0x0,0x37,0x4b,
0x0,0x0,0x1,0xa0,0xd2,0x7,0xcc,0xa1,
  // :/qt/qml/Lui/LuiMediaSurface.qml
  0x0,0x0,0x4,0xdc,0x0,0x0,0x0,0x0,0x0,0x1,0x0,0x0,0x9d,0xb9,
0x0,0x0,0x1,0xa0,0xd2,0x34,0xbc,0x58,
  // :/qt/qml/Lui/LuiContextMenu.qml
  0x0,0x0,0x1,0x20,0x0,0x0,0x0,0x0,0x0,0x1,0x0,0x0,0x13,0xe5,
0x0,0x0,0x1,0xa0,0xd2,0x9,0xbb,0xed,
  // :/qt/qml/Lui/LuiTree.qml
  0x0,0x0,0x6,0xb0,0x0,0x0,0x0,0x0,0x0,0x1,0x0,0x0,0xdf,0xe1,
0x0,0x0,0x1,0xa0,0xd2,0x24,0xdf,0x69,
  // :/qt/qml/Lui/LuiCard.qml
  0x0,0x0,0x3,0xa8,0x0,0x0,0x0,0x0,0x0,0x1,0x0,0x0,0x66,0xfd,
0x0,0x0,0x1,0xa0,0xd2,0x37,0x53,0xa7,
  // :/qt/qml/Lui/LuiGrid.qml
  0x0,0x0,0x3,0x8,0x0,0x0,0x0,0x0,0x0,0x1,0x0,0x0,0x46,0x7d,
0x0,0x0,0x1,0xa0,0xd2,0x34,0x4e,0xbf,
  // :/qt/qml/Lui/LuiResizable.qml
  0x0,0x0,0x2,0x3c,0x0,0x0,0x0,0x0,0x0,0x1,0x0,0x0,0x2d,0x6b,
0x0,0x0,0x1,0xa0,0xd2,0x24,0xdf,0x68,
  // :/qt/qml/Lui/LuiBottomTab.qml
  0x0,0x0,0x1,0xb0,0x0,0x0,0x0,0x0,0x0,0x1,0x0,0x0,0x1d,0x6a,
0x0,0x0,0x1,0xa0,0xd2,0x24,0xdf,0x66,
  // :/qt/qml/Lui/LuiRadioGroup.qml
  0x0,0x0,0x0,0xd6,0x0,0x0,0x0,0x0,0x0,0x1,0x0,0x0,0xe,0x66,
0x0,0x0,0x1,0xa0,0xd2,0x25,0xa9,0xf8,
  // :/qt/qml/Lui/LuiBox.qml
  0x0,0x0,0x8,0xc6,0x0,0x0,0x0,0x0,0x0,0x1,0x0,0x1,0x27,0x4b,
0x0,0x0,0x1,0xa0,0xd2,0x37,0x66,0xbf,
  // :/qt/qml/Lui/LuiRow.qml
  0x0,0x0,0x0,0xbc,0x0,0x0,0x0,0x0,0x0,0x1,0x0,0x0,0xa,0xb6,
0x0,0x0,0x1,0xa0,0xd2,0x24,0xdf,0x68,
  // :/qt/qml/Lui/LuiToggleGroup.qml
  0x0,0x0,0x9,0xe2,0x0,0x0,0x0,0x0,0x0,0x1,0x0,0x1,0x4f,0xad,
0x0,0x0,0x1,0xa0,0xd2,0x25,0xa9,0xf8,
  // :/qt/qml/Lui/LuiSplit.qml
  0x0,0x0,0x1,0xd6,0x0,0x0,0x0,0x0,0x0,0x1,0x0,0x0,0x1f,0x43,
0x0,0x0,0x1,0xa0,0xd2,0xb,0xe2,0x15,
  // :/qt/qml/Lui/LuiStep.qml
  0x0,0x0,0x9,0xa2,0x0,0x0,0x0,0x0,0x0,0x1,0x0,0x1,0x45,0xa0,
0x0,0x0,0x1,0xa0,0xd2,0xc,0xa,0xee,
  // :/qt/qml/Lui/LuiDrawer.qml
  0x0,0x0,0x2,0xe8,0x0,0x0,0x0,0x0,0x0,0x1,0x0,0x0,0x3f,0xe9,
0x0,0x0,0x1,0xa0,0xd2,0xa,0x40,0x6e,
  // :/qt/qml/Lui/LuiIcon.qml
  0x0,0x0,0x4,0x54,0x0,0x0,0x0,0x0,0x0,0x1,0x0,0x0,0x85,0x78,
0x0,0x0,0x1,0xa0,0xd2,0x34,0x78,0xc7,
  // :/qt/qml/Lui/LuiStyle.js
  0x0,0x0,0x3,0x24,0x0,0x0,0x0,0x0,0x0,0x1,0x0,0x0,0x49,0xe,
0x0,0x0,0x1,0xa0,0xd2,0x34,0x46,0xa2,
  // :/qt/qml/Lui/LuiBottomTabs.qml
  0x0,0x0,0x4,0x2c,0x0,0x0,0x0,0x0,0x0,0x1,0x0,0x0,0x79,0x7a,
0x0,0x0,0x1,0xa0,0xd2,0xa,0xba,0x42,
  // :/qt/qml/Lui/LuiDropdownMenu.qml
  0x0,0x0,0x3,0x7c,0x0,0x0,0x0,0x0,0x0,0x1,0x0,0x0,0x61,0x2b,
0x0,0x0,0x1,0xa0,0xd2,0x25,0xa9,0xf9,
  // :/qt/qml/Lui/LuiHeading.qml
  0x0,0x0,0x0,0x7c,0x0,0x0,0x0,0x0,0x0,0x1,0x0,0x0,0x4,0x31,
0x0,0x0,0x1,0xa0,0xd2,0x5,0xac,0x27,
  // :/qt/qml/Lui/LuiBreadcrumb.qml
  0x0,0x0,0x4,0x94,0x0,0x0,0x0,0x0,0x0,0x1,0x0,0x0,0x8e,0x93,
0x0,0x0,0x1,0xa0,0xd2,0x8,0x9f,0xae,
  // :/qt/qml/Lui/LuiInputGroupActions.qml
  0x0,0x0,0x9,0x30,0x0,0x0,0x0,0x0,0x0,0x1,0x0,0x1,0x3a,0xc6,
0x0,0x0,0x1,0xa0,0xd2,0x25,0xa9,0xf8,
  // :/qt/qml/Lui/LuiText.qml
  0x0,0x0,0x9,0x86,0x0,0x0,0x0,0x0,0x0,0x1,0x0,0x1,0x42,0xeb,
0x0,0x0,0x1,0xa0,0xd2,0x5,0x9d,0xbb,
  // :/qt/qml/Lui/LuiButton.qml
  0x0,0x0,0x4,0xbc,0x0,0x0,0x0,0x0,0x0,0x1,0x0,0x0,0x91,0xab,
0x0,0x0,0x1,0xa0,0xd2,0x27,0x19,0x81,
  // :/qt/qml/Lui/LuiTooltip.qml
  0x0,0x0,0x0,0xfe,0x0,0x0,0x0,0x0,0x0,0x1,0x0,0x0,0x10,0x30,
0x0,0x0,0x1,0xa0,0xd2,0x9,0xea,0xf6,
  // :/qt/qml/Lui/LuiSelect.qml
  0x0,0x0,0x6,0x4,0x0,0x0,0x0,0x0,0x0,0x1,0x0,0x0,0xc9,0x5f,
0x0,0x0,0x1,0xa0,0xd2,0x37,0xb3,0x31,
  // :/qt/qml/Lui/LuiSecureField.qml
  0x0,0x0,0x1,0x4a,0x0,0x0,0x0,0x0,0x0,0x1,0x0,0x0,0x15,0x11,
0x0,0x0,0x1,0xa0,0xd2,0x27,0x19,0x81,
  // :/qt/qml/Lui/LuiToggle.qml
  0x0,0x0,0x8,0xa6,0x0,0x0,0x0,0x0,0x0,0x1,0x0,0x1,0x25,0x72,
0x0,0x0,0x1,0xa0,0xd2,0x6,0x65,0x16,
  // :/qt/qml/Lui/LuiDivider.qml
  0x0,0x0,0x0,0x5a,0x0,0x0,0x0,0x0,0x0,0x1,0x0,0x0,0x1,0xc6,
0x0,0x0,0x1,0xa0,0xd2,0x7,0xa2,0x46,
  // :/qt/qml/Lui/LuiInputGroup.qml
  0x0,0x0,0x6,0x62,0x0,0x0,0x0,0x0,0x0,0x1,0x0,0x0,0xd8,0xab,
0x0,0x0,0x1,0xa0,0xd2,0x24,0xdf,0x67,
  // :/qt/qml/Lui/LuiImage.qml
  0x0,0x0,0x2,0x80,0x0,0x0,0x0,0x0,0x0,0x1,0x0,0x0,0x31,0x5e,
0x0,0x0,0x1,0xa0,0xd2,0x34,0x96,0xd0,
  // :/qt/qml/Lui/LuiInput.qml
  0x0,0x0,0x0,0x9e,0x0,0x0,0x0,0x0,0x0,0x1,0x0,0x0,0x6,0x2a,
0x0,0x0,0x1,0xa0,0xd2,0x27,0x19,0x81,
  // :/qt/qml/Lui/LuiSlider.qml
  0x0,0x0,0x8,0x4a,0x0,0x0,0x0,0x0,0x0,0x1,0x0,0x1,0x1c,0xae,
0x0,0x0,0x1,0xa0,0xd2,0x6,0x7e,0xdd,
  // :/qt/qml/Lui/LuiStatusBar.qml
  0x0,0x0,0x7,0xbe,0x0,0x0,0x0,0x0,0x0,0x1,0x0,0x1,0x10,0x8e,
0x0,0x0,0x1,0xa0,0xd2,0x5,0x91,0x6a,
  // :/qt/qml/Lui/LuiSwitch.qml
  0x0,0x0,0x7,0xe4,0x0,0x0,0x0,0x0,0x0,0x1,0x0,0x1,0x13,0xf0,
0x0,0x0,0x1,0xa0,0xd2,0x6,0x5c,0xd,
  // :/qt/qml/Lui/LuiStack.qml
  0x0,0x0,0x6,0x44,0x0,0x0,0x0,0x0,0x0,0x1,0x0,0x0,0xd3,0xb5,
0x0,0x0,0x1,0xa0,0xd2,0x34,0x28,0xad,
  // :/qt/qml/Lui/LuiAvatar.qml
  0x0,0x0,0x6,0x24,0x0,0x0,0x0,0x0,0x0,0x1,0x0,0x0,0xcf,0xe0,
0x0,0x0,0x1,0xa0,0xd2,0x34,0xac,0xfc,
  // :/qt/qml/Lui/LuiBubble.qml
  0x0,0x0,0x2,0xc8,0x0,0x0,0x0,0x0,0x0,0x1,0x0,0x0,0x39,0xc2,
0x0,0x0,0x1,0xa0,0xd2,0x25,0xa9,0xf9,
  // :/qt/qml/Lui/LuiSpacer.qml
  0x0,0x0,0x1,0x90,0x0,0x0,0x0,0x0,0x0,0x1,0x0,0x0,0x1b,0xe1,
0x0,0x0,0x1,0xa0,0xd2,0x7,0xa8,0xfa,
  // :/qt/qml/Lui/LuiPanel.qml
  0x0,0x0,0x3,0x5e,0x0,0x0,0x0,0x0,0x0,0x1,0x0,0x0,0x5d,0x9b,
0x0,0x0,0x1,0xa0,0xd2,0x24,0xdf,0x68,
  // :/qt/qml/Lui/LuiToolbar.qml
  0x0,0x0,0x4,0xa,0x0,0x0,0x0,0x0,0x0,0x1,0x0,0x0,0x74,0xcd,
0x0,0x0,0x1,0xa0,0xd2,0x25,0xa9,0xf8,
  // :/qt/qml/Lui/LuiColumn.qml
  0x0,0x0,0x5,0x80,0x0,0x0,0x0,0x0,0x0,0x1,0x0,0x0,0xb0,0xac,
0x0,0x0,0x1,0xa0,0xd2,0x24,0xdf,0x67,
  // :/qt/qml/Lui/icons/archive.svg
  0x0,0x0,0xa,0x9a,0x0,0x0,0x0,0x0,0x0,0x1,0x0,0x1,0x57,0x35,
0x0,0x0,0x1,0xa0,0xd2,0x1,0x2e,0x55,
  // :/qt/qml/Lui/icons/x.svg
  0x0,0x0,0xe,0x62,0x0,0x0,0x0,0x0,0x0,0x1,0x0,0x1,0x80,0x99,
0x0,0x0,0x1,0xa0,0xd2,0x1,0x2e,0x55,
  // :/qt/qml/Lui/icons/missing.svg
  0x0,0x0,0xe,0x8,0x0,0x0,0x0,0x0,0x0,0x1,0x0,0x1,0x7c,0xfc,
0x0,0x0,0x1,0xa0,0xd2,0x1,0x2e,0x55,
  // :/qt/qml/Lui/icons/chevron-left.svg
  0x0,0x0,0xa,0xb6,0x0,0x0,0x0,0x0,0x0,0x1,0x0,0x1,0x58,0x80,
0x0,0x0,0x1,0xa0,0xd2,0x1,0x2e,0x55,
  // :/qt/qml/Lui/icons/play.svg
  0x0,0x0,0xb,0x0,0x0,0x0,0x0,0x0,0x0,0x1,0x0,0x1,0x5a,0x81,
0x0,0x0,0x1,0xa0,0xd2,0x1,0x2e,0x55,
  // :/qt/qml/Lui/icons/plus.svg
  0x0,0x0,0xf,0xd0,0x0,0x0,0x0,0x0,0x0,0x1,0x0,0x1,0x8f,0xf3,
0x0,0x0,0x1,0xa0,0xd2,0x1,0x2e,0x55,
  // :/qt/qml/Lui/icons/skip-back.svg
  0x0,0x0,0xa,0x7a,0x0,0x0,0x0,0x0,0x0,0x1,0x0,0x1,0x56,0x20,
0x0,0x0,0x1,0xa0,0xd2,0x1,0x2e,0x55,
  // :/qt/qml/Lui/icons/git-pull-request.svg
  0x0,0x0,0xd,0x6c,0x0,0x0,0x0,0x0,0x0,0x1,0x0,0x1,0x77,0x1e,
0x0,0x0,0x1,0xa0,0xd2,0x1,0x2e,0x55,
  // :/qt/qml/Lui/icons/mic.svg
  0x0,0x0,0xa,0xc,0x0,0x0,0x0,0x0,0x0,0x1,0x0,0x1,0x51,0x7f,
0x0,0x0,0x1,0xa0,0xd2,0x1,0x2e,0x55,
  // :/qt/qml/Lui/icons/folder-open.svg
  0x0,0x0,0xc,0xb2,0x0,0x0,0x0,0x0,0x0,0x1,0x0,0x1,0x6d,0x92,
0x0,0x0,0x1,0xa0,0xd2,0x1,0x2e,0x55,
  // :/qt/qml/Lui/icons/refresh-cw.svg
  0x0,0x0,0xb,0x2e,0x0,0x0,0x0,0x0,0x0,0x1,0x0,0x1,0x5c,0x7f,
0x0,0x0,0x1,0xa0,0xd2,0x1,0x2e,0x55,
  // :/qt/qml/Lui/icons/git-branch.svg
  0x0,0x0,0xf,0x74,0x0,0x0,0x0,0x0,0x0,0x1,0x0,0x1,0x8c,0x1a,
0x0,0x0,0x1,0xa0,0xd2,0x1,0x2e,0x55,
  // :/qt/qml/Lui/icons/panel-right.svg
  0x0,0x0,0xa,0xdc,0x0,0x0,0x0,0x0,0x0,0x1,0x0,0x1,0x59,0x6a,
0x0,0x0,0x1,0xa0,0xd2,0x1,0x2e,0x55,
  // :/qt/qml/Lui/icons/wrench.svg
  0x0,0x0,0xd,0xd6,0x0,0x0,0x0,0x0,0x0,0x1,0x0,0x1,0x7a,0x8e,
0x0,0x0,0x1,0xa0,0xd2,0x1,0x2e,0x55,
  // :/qt/qml/Lui/icons/info.svg
  0x0,0x0,0xc,0xee,0x0,0x0,0x0,0x0,0x0,0x1,0x0,0x1,0x70,0x44,
0x0,0x0,0x1,0xa0,0xd2,0x1,0x2e,0x55,
  // :/qt/qml/Lui/icons/git-merge.svg
  0x0,0x0,0xe,0xa8,0x0,0x0,0x0,0x0,0x0,0x1,0x0,0x1,0x84,0x8f,
0x0,0x0,0x1,0xa0,0xd2,0x1,0x2e,0x55,
  // :/qt/qml/Lui/icons/clock.svg
  0x0,0x0,0xd,0xf0,0x0,0x0,0x0,0x0,0x0,0x1,0x0,0x1,0x7b,0xf2,
0x0,0x0,0x1,0xa0,0xd2,0x1,0x2e,0x55,
  // :/qt/qml/Lui/icons/arrow-down.svg
  0x0,0x0,0xe,0x24,0x0,0x0,0x0,0x0,0x0,0x1,0x0,0x1,0x7e,0xc,
0x0,0x0,0x1,0xa0,0xd2,0x1,0x2e,0x55,
  // :/qt/qml/Lui/icons/moon.svg
  0x0,0x0,0xa,0x20,0x0,0x0,0x0,0x0,0x0,0x1,0x0,0x1,0x52,0xf2,
0x0,0x0,0x1,0xa0,0xd2,0x1,0x2e,0x55,
  // :/qt/qml/Lui/icons/copy.svg
  0x0,0x0,0xe,0x72,0x0,0x0,0x0,0x0,0x0,0x1,0x0,0x1,0x81,0xa3,
0x0,0x0,0x1,0xa0,0xd2,0x1,0x2e,0x55,
  // :/qt/qml/Lui/icons/file-text.svg
  0x0,0x0,0xe,0x88,0x0,0x0,0x0,0x0,0x0,0x1,0x0,0x1,0x82,0xf6,
0x0,0x0,0x1,0xa0,0xd2,0x1,0x2e,0x55,
  // :/qt/qml/Lui/icons/ellipsis.svg
  0x0,0x0,0xc,0x94,0x0,0x0,0x0,0x0,0x0,0x1,0x0,0x1,0x6c,0x76,
0x0,0x0,0x1,0xa0,0xd2,0x1,0x2e,0x55,
  // :/qt/qml/Lui/icons/download.svg
  0x0,0x0,0xf,0x56,0x0,0x0,0x0,0x0,0x0,0x1,0x0,0x1,0x8a,0xbd,
0x0,0x0,0x1,0xa0,0xd2,0x1,0x2e,0x55,
  // :/qt/qml/Lui/icons/search.svg
  0x0,0x0,0xe,0xc8,0x0,0x0,0x0,0x0,0x0,0x1,0x0,0x1,0x85,0xac,
0x0,0x0,0x1,0xa0,0xd2,0x1,0x2e,0x55,
  // :/qt/qml/Lui/icons/trash.svg
  0x0,0x0,0xc,0x3c,0x0,0x0,0x0,0x0,0x0,0x1,0x0,0x1,0x68,0x8e,
0x0,0x0,0x1,0xa0,0xd2,0x1,0x2e,0x55,
  // :/qt/qml/Lui/icons/save.svg
  0x0,0x0,0xf,0xba,0x0,0x0,0x0,0x0,0x0,0x1,0x0,0x1,0x8e,0x6e,
0x0,0x0,0x1,0xa0,0xd2,0x1,0x2e,0x55,
  // :/qt/qml/Lui/icons/x-circle.svg
  0x0,0x0,0xa,0x5c,0x0,0x0,0x0,0x0,0x0,0x1,0x0,0x1,0x54,0xf6,
0x0,0x0,0x1,0xa0,0xd2,0x1,0x2e,0x55,
  // :/qt/qml/Lui/icons/chevron-up.svg
  0x0,0x0,0xd,0xb4,0x0,0x0,0x0,0x0,0x0,0x1,0x0,0x1,0x79,0xa4,
0x0,0x0,0x1,0xa0,0xd2,0x1,0x2e,0x55,
  // :/qt/qml/Lui/icons/arrow-up.svg
  0x0,0x0,0xd,0x4,0x0,0x0,0x0,0x0,0x0,0x1,0x0,0x1,0x71,0x76,
0x0,0x0,0x1,0xa0,0xd2,0x1,0x2e,0x55,
  // :/qt/qml/Lui/icons/music.svg
  0x0,0x0,0xb,0x16,0x0,0x0,0x0,0x0,0x0,0x1,0x0,0x1,0x5b,0x67,
0x0,0x0,0x1,0xa0,0xd2,0x1,0x2e,0x55,
  // :/qt/qml/Lui/icons/circle-dot.svg
  0x0,0x0,0xd,0x4a,0x0,0x0,0x0,0x0,0x0,0x1,0x0,0x1,0x76,0x1e,
0x0,0x0,0x1,0xa0,0xd2,0x1,0x2e,0x55,
  // :/qt/qml/Lui/icons/sun.svg
  0x0,0x0,0xd,0x36,0x0,0x0,0x0,0x0,0x0,0x1,0x0,0x1,0x73,0xd3,
0x0,0x0,0x1,0xa0,0xd2,0x1,0x2e,0x55,
  // :/qt/qml/Lui/icons/folder.svg
  0x0,0x0,0xb,0x8e,0x0,0x0,0x0,0x0,0x0,0x1,0x0,0x1,0x60,0x91,
0x0,0x0,0x1,0xa0,0xd2,0x1,0x2e,0x55,
  // :/qt/qml/Lui/icons/edit.svg
  0x0,0x0,0xc,0x26,0x0,0x0,0x0,0x0,0x0,0x1,0x0,0x1,0x67,0x49,
0x0,0x0,0x1,0xa0,0xd2,0x1,0x2e,0x55,
  // :/qt/qml/Lui/icons/terminal.svg
  0x0,0x0,0xf,0x10,0x0,0x0,0x0,0x0,0x0,0x1,0x0,0x1,0x88,0xca,
0x0,0x0,0x1,0xa0,0xd2,0x1,0x2e,0x55,
  // :/qt/qml/Lui/icons/panel-left.svg
  0x0,0x0,0xb,0xa8,0x0,0x0,0x0,0x0,0x0,0x1,0x0,0x1,0x61,0xd3,
0x0,0x0,0x1,0xa0,0xd2,0x1,0x2e,0x55,
  // :/qt/qml/Lui/icons/repeat.svg
  0x0,0x0,0xc,0x54,0x0,0x0,0x0,0x0,0x0,0x1,0x0,0x1,0x6a,0x42,
0x0,0x0,0x1,0xa0,0xd2,0x1,0x2e,0x55,
  // :/qt/qml/Lui/icons/check.svg
  0x0,0x0,0xe,0xe2,0x0,0x0,0x0,0x0,0x0,0x1,0x0,0x1,0x86,0xb6,
0x0,0x0,0x1,0xa0,0xd2,0x1,0x2e,0x55,
  // :/qt/qml/Lui/icons/settings.svg
  0x0,0x0,0xc,0x8,0x0,0x0,0x0,0x0,0x0,0x1,0x0,0x1,0x64,0xdb,
0x0,0x0,0x1,0xa0,0xd2,0x1,0x2e,0x55,
  // :/qt/qml/Lui/icons/volume.svg
  0x0,0x0,0xd,0x9a,0x0,0x0,0x0,0x0,0x0,0x1,0x0,0x1,0x78,0x61,
0x0,0x0,0x1,0xa0,0xd2,0x1,0x2e,0x55,
  // :/qt/qml/Lui/icons/send.svg
  0x0,0x0,0xb,0x50,0x0,0x0,0x0,0x0,0x0,0x1,0x0,0x1,0x5e,0x2,
0x0,0x0,0x1,0xa0,0xd2,0x1,0x2e,0x55,
  // :/qt/qml/Lui/icons/menu.svg
  0x0,0x0,0xe,0xfa,0x0,0x0,0x0,0x0,0x0,0x1,0x0,0x1,0x87,0x9a,
0x0,0x0,0x1,0xa0,0xd2,0x1,0x2e,0x55,
  // :/qt/qml/Lui/icons/alert.svg
  0x0,0x0,0xc,0xd6,0x0,0x0,0x0,0x0,0x0,0x1,0x0,0x1,0x6f,0x11,
0x0,0x0,0x1,0xa0,0xd2,0x1,0x2e,0x54,
  // :/qt/qml/Lui/icons/pause.svg
  0x0,0x0,0xb,0xf0,0x0,0x0,0x0,0x0,0x0,0x1,0x0,0x1,0x63,0xd1,
0x0,0x0,0x1,0xa0,0xd2,0x1,0x2e,0x55,
  // :/qt/qml/Lui/icons/eye.svg
  0x0,0x0,0xd,0x22,0x0,0x0,0x0,0x0,0x0,0x1,0x0,0x1,0x72,0x8a,
0x0,0x0,0x1,0xa0,0xd2,0x1,0x2e,0x55,
  // :/qt/qml/Lui/icons/shuffle.svg
  0x0,0x0,0xe,0x46,0x0,0x0,0x0,0x0,0x0,0x1,0x0,0x1,0x7f,0x21,
0x0,0x0,0x1,0xa0,0xd2,0x1,0x2e,0x55,
  // :/qt/qml/Lui/icons/check-circle.svg
  0x0,0x0,0xc,0x6e,0x0,0x0,0x0,0x0,0x0,0x1,0x0,0x1,0x6b,0x7d,
0x0,0x0,0x1,0xa0,0xd2,0x1,0x2e,0x55,
  // :/qt/qml/Lui/icons/chevron-down.svg
  0x0,0x0,0xb,0xca,0x0,0x0,0x0,0x0,0x0,0x1,0x0,0x1,0x62,0xe8,
0x0,0x0,0x1,0xa0,0xd2,0x1,0x2e,0x55,
  // :/qt/qml/Lui/icons/chevron-right.svg
  0x0,0x0,0xf,0x2e,0x0,0x0,0x0,0x0,0x0,0x1,0x0,0x1,0x89,0xd4,
0x0,0x0,0x1,0xa0,0xd2,0x1,0x2e,0x55,
  // :/qt/qml/Lui/icons/skip-forward.svg
  0x0,0x0,0xa,0x36,0x0,0x0,0x0,0x0,0x0,0x1,0x0,0x1,0x53,0xe0,
0x0,0x0,0x1,0xa0,0xd2,0x1,0x2e,0x55,
  // :/qt/qml/Lui/icons/arrow-right.svg
  0x0,0x0,0xf,0x96,0x0,0x0,0x0,0x0,0x0,0x1,0x0,0x1,0x8d,0x59,
0x0,0x0,0x1,0xa0,0xd2,0x1,0x2e,0x55,
  // :/qt/qml/Lui/icons/external-link.svg
  0x0,0x0,0xb,0x66,0x0,0x0,0x0,0x0,0x0,0x1,0x0,0x1,0x5f,0x10,
0x0,0x0,0x1,0xa0,0xd2,0x1,0x2e,0x55,

};

#ifdef QT_NAMESPACE
#  define QT_RCC_PREPEND_NAMESPACE(name) ::QT_NAMESPACE::name
#  define QT_RCC_MANGLE_NAMESPACE0(x) x
#  define QT_RCC_MANGLE_NAMESPACE1(a, b) a##_##b
#  define QT_RCC_MANGLE_NAMESPACE2(a, b) QT_RCC_MANGLE_NAMESPACE1(a,b)
#  define QT_RCC_MANGLE_NAMESPACE(name) QT_RCC_MANGLE_NAMESPACE2( \
        QT_RCC_MANGLE_NAMESPACE0(name), QT_RCC_MANGLE_NAMESPACE0(QT_NAMESPACE))
#else
#   define QT_RCC_PREPEND_NAMESPACE(name) name
#   define QT_RCC_MANGLE_NAMESPACE(name) name
#endif

#ifdef QT_NAMESPACE
namespace QT_NAMESPACE {
#endif

bool qRegisterResourceData(int, const unsigned char *, const unsigned char *, const unsigned char *);
bool qUnregisterResourceData(int, const unsigned char *, const unsigned char *, const unsigned char *);

#if defined(__ELF__) || defined(__APPLE__)
static inline unsigned char qResourceFeatureZstd()
{
    extern const unsigned char qt_resourceFeatureZstd;
    return qt_resourceFeatureZstd;
}
#else
unsigned char qResourceFeatureZstd();
#endif

#ifdef QT_NAMESPACE
}
#endif

int QT_RCC_MANGLE_NAMESPACE(qInitResources_lui_qml_raw_qml_0)();
int QT_RCC_MANGLE_NAMESPACE(qInitResources_lui_qml_raw_qml_0)()
{
    int version = 3;
    QT_RCC_PREPEND_NAMESPACE(qRegisterResourceData)
        (version, qt_resource_struct, qt_resource_name, qt_resource_data);
    return 1;
}

int QT_RCC_MANGLE_NAMESPACE(qCleanupResources_lui_qml_raw_qml_0)();
int QT_RCC_MANGLE_NAMESPACE(qCleanupResources_lui_qml_raw_qml_0)()
{
    int version = 3;
    version += QT_RCC_PREPEND_NAMESPACE(qResourceFeatureZstd());
    QT_RCC_PREPEND_NAMESPACE(qUnregisterResourceData)
       (version, qt_resource_struct, qt_resource_name, qt_resource_data);
    return 1;
}

namespace {
   struct initializer {
       initializer() { QT_RCC_MANGLE_NAMESPACE(qInitResources_lui_qml_raw_qml_0)(); }
       ~initializer() { QT_RCC_MANGLE_NAMESPACE(qCleanupResources_lui_qml_raw_qml_0)(); }
   } dummy;
}
